#
# There is insufficient memory for the Java Runtime Environment to continue.
# Native memory allocation (mmap) failed to map 687865856 bytes. Error detail: committing reserved memory.
# Possible reasons:
#   The system is out of physical RAM or swap space
#   This process is running with CompressedOops enabled, and the Java Heap may be blocking the growth of the native heap
# Possible solutions:
#   Reduce memory load on the system
#   Increase physical memory or swap space
#   Check if swap backing store is full
#   Decrease Java heap size (-Xmx/-Xms)
#   Decrease number of Java threads
#   Decrease Java thread stack sizes (-Xss)
#   Set larger code cache with -XX:ReservedCodeCacheSize=
#   JVM is running with Unscaled Compressed Oops mode in which the Java heap is
#     placed in the first 4GB address space. The Java Heap base address is the
#     maximum limit for the native heap growth. Please use -XX:HeapBaseMinAddress
#     to set the Java Heap base and to place the Java Heap above 4GB virtual address.
# This output file may be truncated or incomplete.
#
#  Out of Memory Error (os_linux.cpp:2834), pid=6105, tid=6116
#
# JRE version: OpenJDK Runtime Environment (17.0.20.1+1) (build 17.0.20.1+1-1-deb12u1-Debian)
# Java VM: OpenJDK 64-Bit Server VM (17.0.20.1+1-1-deb12u1-Debian, mixed mode, sharing, tiered, compressed oops, compressed class ptrs, g1 gc, linux-amd64)
# No core dump will be written. Core dumps have been disabled. To enable core dumping, try "ulimit -c unlimited" before starting Java again
#

---------------  S U M M A R Y ------------

Command Line: --add-opens=java.base/java.lang=ALL-UNNAMED --add-opens=java.base/java.lang.invoke=ALL-UNNAMED --add-opens=java.base/java.util=ALL-UNNAMED --add-opens=java.prefs/java.util.prefs=ALL-UNNAMED --add-exports=jdk.compiler/com.sun.tools.javac.api=ALL-UNNAMED --add-exports=jdk.compiler/com.sun.tools.javac.util=ALL-UNNAMED --add-opens=java.base/java.util=ALL-UNNAMED --add-opens=java.prefs/java.util.prefs=ALL-UNNAMED --add-opens=java.base/java.nio.charset=ALL-UNNAMED --add-opens=java.base/java.net=ALL-UNNAMED --add-opens=java.base/java.util.concurrent.atomic=ALL-UNNAMED --add-opens=java.xml/javax.xml.namespace=ALL-UNNAMED -XX:MaxMetaspaceSize=512m -Xmx2048m -Dfile.encoding=UTF-8 -Duser.country -Duser.language=en -Duser.variant -javaagent:/root/.gradle/wrapper/dists/gradle-8.14.3-bin/cv11ve7ro1n3o1j4so8xd9n66/gradle-8.14.3/lib/agents/gradle-instrumentation-agent-8.14.3.jar org.gradle.launcher.daemon.bootstrap.GradleDaemon 8.14.3

Host: Intel(R) Xeon(R) Processor @ 2.50GHz, 2 cores, 2G, Debian GNU/Linux 12 (bookworm)
Time: Wed Sep  2 04:07:57 2026 UTC elapsed time: 61.207926 seconds (0d 0h 1m 1s)

---------------  T H R E A D  ---------------

Current thread (0x00007f80180d30d0):  VMThread "VM Thread" [stack: 0x00007f801c394000,0x00007f801c494000] [id=6116]

Stack: [0x00007f801c394000,0x00007f801c494000],  sp=0x00007f801c491d70,  free space=1015k
Native frames: (J=compiled Java code, j=interpreted, Vv=VM code, C=native code)
V  [libjvm.so+0xf21211]  VMError::report_and_die(int, char const*, char const*, __va_list_tag*, Thread*, unsigned char*, void*, void*, char const*, int, unsigned long)+0x171
V  [libjvm.so+0xf21d7d]  VMError::report_and_die(Thread*, char const*, int, unsigned long, VMErrorType, char const*, __va_list_tag*)+0x2d
V  [libjvm.so+0x60378c]  report_vm_out_of_memory(char const*, int, unsigned long, VMErrorType, char const*, ...)+0xdc
V  [libjvm.so+0xc2a14b]  os::pd_commit_memory_or_exit(char*, unsigned long, unsigned long, bool, char const*)+0xeb
V  [libjvm.so+0xc23ffb]  os::commit_memory_or_exit(char*, unsigned long, unsigned long, bool, char const*)+0x1b
V  [libjvm.so+0x733436]  G1PageBasedVirtualSpace::commit(unsigned long, unsigned long)+0x66
V  [libjvm.so+0x7473e0]  G1RegionsLargerThanCommitSizeMapper::commit_regions(unsigned int, unsigned long, WorkGang*)+0x110
V  [libjvm.so+0x7dadc8]  HeapRegionManager::commit_regions(unsigned int, unsigned long, WorkGang*)+0x88
V  [libjvm.so+0x7dcc0b]  HeapRegionManager::expand(unsigned int, unsigned int, WorkGang*)+0x2b
V  [libjvm.so+0x7dce27]  HeapRegionManager::expand_by(unsigned int, WorkGang*)+0x77
V  [libjvm.so+0x6ebed8]  G1CollectedHeap::expand(unsigned long, WorkGang*, double*)+0xe8
V  [libjvm.so+0x6efb29]  G1CollectedHeap::do_collection_pause_at_safepoint_helper(double)+0x8a9
V  [libjvm.so+0x6efb8f]  G1CollectedHeap::do_collection_pause_at_safepoint(double)+0x2f
V  [libjvm.so+0x76b9d7]  VM_G1CollectForAllocation::doit()+0x47
V  [libjvm.so+0xf26715]  VM_Operation::evaluate()+0xe5
V  [libjvm.so+0xf28005]  VMThread::evaluate_operation(VM_Operation*)+0x105
V  [libjvm.so+0xf2857f]  VMThread::inner_execute(VM_Operation*)+0x28f
V  [libjvm.so+0xf2878f]  VMThread::run()+0xbf
V  [libjvm.so+0xea40a5]  Thread::call_run()+0xa5
V  [libjvm.so+0xc2c8f3]  thread_native_entry(Thread*)+0xe3

VM_Operation (0x00007f7ffc2549d0): G1CollectForAllocation, mode: safepoint, requested by thread 0x00007f7fb800ccf0


---------------  P R O C E S S  ---------------

Threads class SMR info:
_java_thread_list=0x00007f7fea8b52b0, length=73, elements={
0x00007f801801ad20, 0x00007f80180d71d0, 0x00007f80180d85b0, 0x00007f80180df3b0,
0x00007f80180e0760, 0x00007f80180e1b70, 0x00007f80180e3520, 0x00007f80180e4a50,
0x00007f80180e5ec0, 0x00007f80180f1ff0, 0x00007f80181de800, 0x00007f801937ecb0,
0x00007f80193ed430, 0x00007f801941ece0, 0x00007f7fb0017010, 0x00007f7fb80044f0,
0x00007f7fb8007130, 0x00007f7fb800ccf0, 0x00007f7fe8006410, 0x00007f7fe800e940,
0x00007f7fe8010310, 0x00007f7fe81bff90, 0x00007f7fe81c5f40, 0x00007f7fe81d1650,
0x00007f7fe859d850, 0x00007f7fe8430580, 0x00007f7fe8919b20, 0x00007f7fe89efb20,
0x00007f7fe8a01890, 0x00007f7fe8ae4560, 0x00007f7fbc008ba0, 0x00007f7fbc00a6b0,
0x00007f7fbc00bce0, 0x00007f7fe8bb34d0, 0x00007f7fe8bc2110, 0x00007f7fe8c438e0,
0x00007f7fe8f0c420, 0x00007f7fe8f3bad0, 0x00007f7fe8f2c290, 0x00007f7fe9124dd0,
0x00007f7fe92bd370, 0x00007f7fe92b4e00, 0x00007f7fe92b7da0, 0x00007f7fe93ac900,
0x00007f7fe953cdb0, 0x00007f7fe974fbd0, 0x00007f7fe9939da0, 0x00007f7fe9d403c0,
0x00007f7fe9d26640, 0x00007f7fe9d3af70, 0x00007f7fe9e76190, 0x00007f7fe9e80b50,
0x00007f7fe9e817f0, 0x00007f7ff0006d30, 0x00007f7ff8051fd0, 0x00007f7ff00125c0,
0x00007f7ff8064300, 0x00007f7ff0027900, 0x00007f7ff002f350, 0x00007f7ff8065ea0,
0x00007f7ff00341e0, 0x00007f7ff8067e00, 0x00007f7ff0037600, 0x00007f7ff807f410,
0x00007f7ff805d420, 0x00007f7ff0058730, 0x00007f7fe9a653f0, 0x00007f7fe9864130,
0x00007f7fe9c12af0, 0x00007f7fe9c868b0, 0x00007f7ff803a930, 0x00007f7fea1f8e00,
0x00007f7fea8b3860
}

Java Threads: ( => current thread )
  0x00007f801801ad20 JavaThread "main" [_thread_blocked, id=6107, stack(0x00007f801de2b000,0x00007f801df2b000)]
  0x00007f80180d71d0 JavaThread "Reference Handler" daemon [_thread_blocked, id=6117, stack(0x00007f801c293000,0x00007f801c393000)]
  0x00007f80180d85b0 JavaThread "Finalizer" daemon [_thread_blocked, id=6118, stack(0x00007f801c192000,0x00007f801c292000)]
  0x00007f80180df3b0 JavaThread "Signal Dispatcher" daemon [_thread_blocked, id=6119, stack(0x00007f801c03a000,0x00007f801c13a000)]
  0x00007f80180e0760 JavaThread "Service Thread" daemon [_thread_blocked, id=6120, stack(0x00007f7ffd411000,0x00007f7ffd511000)]
  0x00007f80180e1b70 JavaThread "Monitor Deflation Thread" daemon [_thread_blocked, id=6121, stack(0x00007f7ffd310000,0x00007f7ffd410000)]
  0x00007f80180e3520 JavaThread "C2 CompilerThread0" daemon [_thread_blocked, id=6122, stack(0x00007f7ffd20f000,0x00007f7ffd30f000)]
  0x00007f80180e4a50 JavaThread "C1 CompilerThread0" daemon [_thread_blocked, id=6123, stack(0x00007f7ffd10e000,0x00007f7ffd20e000)]
  0x00007f80180e5ec0 JavaThread "Sweeper thread" daemon [_thread_blocked, id=6124, stack(0x00007f7ffd00d000,0x00007f7ffd10d000)]
  0x00007f80180f1ff0 JavaThread "Common-Cleaner" daemon [_thread_blocked, id=6125, stack(0x00007f7ffcf0c000,0x00007f7ffd00c000)]
  0x00007f80181de800 JavaThread "Notification Thread" daemon [_thread_blocked, id=6126, stack(0x00007f7ffce0b000,0x00007f7ffcf0b000)]
  0x00007f801937ecb0 JavaThread "Daemon health stats" [_thread_blocked, id=6135, stack(0x00007f7ffc766000,0x00007f7ffc866000)]
  0x00007f80193ed430 JavaThread "Incoming local TCP Connector on port 36425" [_thread_in_native, id=6136, stack(0x00007f7ffc665000,0x00007f7ffc765000)]
  0x00007f801941ece0 JavaThread "Daemon periodic checks" [_thread_blocked, id=6137, stack(0x00007f7ffc564000,0x00007f7ffc664000)]
  0x00007f7fb0017010 JavaThread "Daemon" [_thread_blocked, id=6138, stack(0x00007f7ffc463000,0x00007f7ffc563000)]
  0x00007f7fb80044f0 JavaThread "Handler for socket connection from /127.0.0.1:36425 to /127.0.0.1:41782" [_thread_in_native, id=6139, stack(0x00007f7ffc362000,0x00007f7ffc462000)]
  0x00007f7fb8007130 JavaThread "Cancel handler" [_thread_blocked, id=6141, stack(0x00007f7ffc261000,0x00007f7ffc361000)]
  0x00007f7fb800ccf0 JavaThread "Daemon worker" [_thread_blocked, id=6142, stack(0x00007f7ffc160000,0x00007f7ffc260000)]
  0x00007f7fe8006410 JavaThread "Asynchronous log dispatcher for DefaultDaemonConnection: socket connection from /127.0.0.1:36425 to /127.0.0.1:41782" [_thread_blocked, id=6143, stack(0x00007f7ffc05f000,0x00007f7ffc15f000)]
  0x00007f7fe800e940 JavaThread "Stdin handler" [_thread_blocked, id=6144, stack(0x00007f7fedf00000,0x00007f7fee000000)]
  0x00007f7fe8010310 JavaThread "Daemon client event forwarder" [_thread_blocked, id=6145, stack(0x00007f7feddff000,0x00007f7fedeff000)]
  0x00007f7fe81bff90 JavaThread "Cache worker for journal cache (/root/.gradle/caches/journal-1)" [_thread_blocked, id=6147, stack(0x00007f7fedcfe000,0x00007f7feddfe000)]
  0x00007f7fe81c5f40 JavaThread "File lock request listener" [_thread_in_native, id=6148, stack(0x00007f7fedbfd000,0x00007f7fedcfd000)]
  0x00007f7fe81d1650 JavaThread "Cache worker for file hash cache (/root/.gradle/caches/8.14.3/fileHashes)" [_thread_blocked, id=6150, stack(0x00007f7fedafc000,0x00007f7fedbfc000)]
  0x00007f7fe859d850 JavaThread "Cache worker for file hash cache (/workspace/android/.gradle/8.14.3/fileHashes)" [_thread_blocked, id=6153, stack(0x00007f7fed9fb000,0x00007f7fedafb000)]
  0x00007f7fe8430580 JavaThread "Cache worker for Build Output Cleanup Cache (/workspace/android/.gradle/buildOutputCleanup)" [_thread_blocked, id=6155, stack(0x00007f7fed8fa000,0x00007f7fed9fa000)]
  0x00007f7fe8919b20 JavaThread "jar transforms" [_thread_blocked, id=6160, stack(0x00007f7fed7f9000,0x00007f7fed8f9000)]
  0x00007f7fe89efb20 JavaThread "Cache worker for checksums cache (/workspace/android/.gradle/8.14.3/checksums)" [_thread_blocked, id=6162, stack(0x00007f7fed6f8000,0x00007f7fed7f8000)]
  0x00007f7fe8a01890 JavaThread "Cache worker for file content cache (/root/.gradle/caches/8.14.3/fileContent)" [_thread_blocked, id=6163, stack(0x00007f7fed5f7000,0x00007f7fed6f7000)]
  0x00007f7fe8ae4560 JavaThread "Exec process" [_thread_blocked, id=6165, stack(0x00007f7fed4f6000,0x00007f7fed5f6000)]
  0x00007f7fbc008ba0 JavaThread "process reaper" daemon [_thread_blocked, id=6167, stack(0x00007f7ffc03c000,0x00007f7ffc05e000)]
  0x00007f7fbc00a6b0 JavaThread "Exec process Thread 2" [_thread_blocked, id=6168, stack(0x00007f7fed3f5000,0x00007f7fed4f5000)]
  0x00007f7fbc00bce0 JavaThread "Exec process Thread 3" [_thread_blocked, id=6169, stack(0x00007f7fed2f4000,0x00007f7fed3f4000)]
  0x00007f7fe8bb34d0 JavaThread "Cache worker for cache directory md-supplier (/root/.gradle/caches/8.14.3/md-supplier)" [_thread_blocked, id=6184, stack(0x00007f7fed1f3000,0x00007f7fed2f3000)]
  0x00007f7fe8bc2110 JavaThread "Cache worker for cache directory md-rule (/root/.gradle/caches/8.14.3/md-rule)" [_thread_blocked, id=6185, stack(0x00007f7fed0f2000,0x00007f7fed1f2000)]
  0x00007f7fe8c438e0 JavaThread "Cache worker for Build Output Cleanup Cache (/workspace/node_modules/@react-native/gradle-plugin/.gradle/buildOutputCleanup)" [_thread_blocked, id=6187, stack(0x00007f7fecff1000,0x00007f7fed0f1000)]
  0x00007f7fe8f0c420 JavaThread "Unconstrained build operations" [_thread_blocked, id=6192, stack(0x00007f7fecef0000,0x00007f7fecff0000)]
  0x00007f7fe8f3bad0 JavaThread "Unconstrained build operations Thread 2" [_thread_blocked, id=6193, stack(0x00007f7fecdef000,0x00007f7feceef000)]
  0x00007f7fe8f2c290 JavaThread "Unconstrained build operations Thread 3" [_thread_blocked, id=6194, stack(0x00007f7feccee000,0x00007f7fecdee000)]
  0x00007f7fe9124dd0 JavaThread "Cache worker for Build Output Cleanup Cache (/workspace/node_modules/expo-modules-autolinking/android/expo-gradle-plugin/.gradle/buildOutputCleanup)" [_thread_blocked, id=6197, stack(0x00007f7fecbed000,0x00007f7fecced000)]
  0x00007f7fe92bd370 JavaThread "Unconstrained build operations Thread 4" [_thread_blocked, id=6202, stack(0x00007f7fecaec000,0x00007f7fecbec000)]
  0x00007f7fe92b4e00 JavaThread "Unconstrained build operations Thread 5" [_thread_blocked, id=6203, stack(0x00007f7fec9eb000,0x00007f7fecaeb000)]
  0x00007f7fe92b7da0 JavaThread "Unconstrained build operations Thread 6" [_thread_blocked, id=6204, stack(0x00007f7fec8ea000,0x00007f7fec9ea000)]
  0x00007f7fe93ac900 JavaThread "build event listener" [_thread_blocked, id=6208, stack(0x00007f7fec7e9000,0x00007f7fec8e9000)]
  0x00007f7fe953cdb0 JavaThread "Memory manager" [_thread_blocked, id=6211, stack(0x00007f7fec6e8000,0x00007f7fec7e8000)]
  0x00007f7fe974fbd0 JavaThread "Unconstrained build operations Thread 7" [_thread_blocked, id=6217, stack(0x00007f7fec5e7000,0x00007f7fec6e7000)]
  0x00007f7fe9939da0 JavaThread "build event listener" [_thread_blocked, id=6219, stack(0x00007f7fec4e6000,0x00007f7fec5e6000)]
  0x00007f7fe9d403c0 JavaThread "Unconstrained build operations Thread 8" [_thread_blocked, id=6223, stack(0x00007f7fec3e5000,0x00007f7fec4e5000)]
  0x00007f7fe9d26640 JavaThread "Unconstrained build operations Thread 9" [_thread_blocked, id=6224, stack(0x00007f7fec2e4000,0x00007f7fec3e4000)]
  0x00007f7fe9d3af70 JavaThread "Unconstrained build operations Thread 10" [_thread_blocked, id=6225, stack(0x00007f7fec1e3000,0x00007f7fec2e3000)]
  0x00007f7fe9e76190 JavaThread "ForkJoinPool.commonPool-worker-1" daemon [_thread_blocked, id=6230, stack(0x00007f7fec0e2000,0x00007f7fec1e2000)]
  0x00007f7fe9e80b50 JavaThread "included builds" [_thread_blocked, id=6231, stack(0x00007f7fc4f00000,0x00007f7fc5000000)]
  0x00007f7fe9e817f0 JavaThread "included builds Thread 2" [_thread_blocked, id=6232, stack(0x00007f7fc4dff000,0x00007f7fc4eff000)]
  0x00007f7ff0006d30 JavaThread "Execution worker" [_thread_blocked, id=6233, stack(0x00007f7fc4cfe000,0x00007f7fc4dfe000)]
  0x00007f7ff8051fd0 JavaThread "Cache worker for execution history cache (/workspace/node_modules/@react-native/gradle-plugin/.gradle/8.14.3/executionHistory)" [_thread_blocked, id=6234, stack(0x00007f7fc4bfd000,0x00007f7fc4cfd000)]
  0x00007f7ff00125c0 JavaThread "Cache worker for execution history cache (/workspace/node_modules/expo-modules-autolinking/android/expo-gradle-plugin/.gradle/8.14.3/executionHistory)" [_thread_blocked, id=6235, stack(0x00007f7fc4afc000,0x00007f7fc4bfc000)]
  0x00007f7ff8064300 JavaThread "Unconstrained build operations Thread 11" [_thread_blocked, id=6237, stack(0x00007f7fc49fb000,0x00007f7fc4afb000)]
  0x00007f7ff0027900 JavaThread "Unconstrained build operations Thread 12" [_thread_blocked, id=6238, stack(0x00007f7fc48fa000,0x00007f7fc49fa000)]
  0x00007f7ff002f350 JavaThread "Unconstrained build operations Thread 13" [_thread_blocked, id=6240, stack(0x00007f7fc47f9000,0x00007f7fc48f9000)]
  0x00007f7ff8065ea0 JavaThread "Unconstrained build operations Thread 14" [_thread_blocked, id=6241, stack(0x00007f7fc46f8000,0x00007f7fc47f8000)]
  0x00007f7ff00341e0 JavaThread "Unconstrained build operations Thread 15" [_thread_blocked, id=6242, stack(0x00007f7fc45f7000,0x00007f7fc46f7000)]
  0x00007f7ff8067e00 JavaThread "Unconstrained build operations Thread 16" [_thread_blocked, id=6243, stack(0x00007f7fc44f6000,0x00007f7fc45f6000)]
  0x00007f7ff0037600 JavaThread "Unconstrained build operations Thread 17" [_thread_blocked, id=6244, stack(0x00007f7fc43f5000,0x00007f7fc44f5000)]
  0x00007f7ff807f410 JavaThread "Unconstrained build operations Thread 18" [_thread_blocked, id=6245, stack(0x00007f7fc42f4000,0x00007f7fc43f4000)]
  0x00007f7ff805d420 JavaThread "Unconstrained build operations Thread 19" [_thread_blocked, id=6247, stack(0x00007f7fc41f3000,0x00007f7fc42f3000)]
  0x00007f7ff0058730 JavaThread "Unconstrained build operations Thread 20" [_thread_blocked, id=6248, stack(0x00007f7fc40f2000,0x00007f7fc41f2000)]
  0x00007f7fe9a653f0 JavaThread "jar transforms Thread 2" [_thread_blocked, id=6258, stack(0x00007f7f9bf00000,0x00007f7f9c000000)]
  0x00007f7fe9864130 JavaThread "Cache worker for Build Output Cleanup Cache (/workspace/node_modules/expo-modules-core/expo-module-gradle-plugin/.gradle/buildOutputCleanup)" [_thread_blocked, id=6299, stack(0x00007f7f9bdff000,0x00007f7f9beff000)]
  0x00007f7fe9c12af0 JavaThread "build event listener" [_thread_blocked, id=6301, stack(0x00007f7f9bcfe000,0x00007f7f9bdfe000)]
  0x00007f7fe9c868b0 JavaThread "included builds Thread 3" [_thread_blocked, id=6309, stack(0x00007f7f9bbfd000,0x00007f7f9bcfd000)]
  0x00007f7ff803a930 JavaThread "Cache worker for execution history cache (/workspace/node_modules/expo-modules-core/expo-module-gradle-plugin/.gradle/8.14.3/executionHistory)" [_thread_blocked, id=6310, stack(0x00007f7f9bafc000,0x00007f7f9bbfc000)]
  0x00007f7fea1f8e00 JavaThread "Problems report writer" [_thread_blocked, id=6318, stack(0x00007f7f9b9fb000,0x00007f7f9bafb000)]
  0x00007f7fea8b3860 JavaThread "build event listener" [_thread_blocked, id=6329, stack(0x00007f7f9b8fa000,0x00007f7f9b9fa000)]

Other Threads:
=>0x00007f80180d30d0 VMThread "VM Thread" [stack: 0x00007f801c394000,0x00007f801c494000] [id=6116]
  0x00007f801801d0e0 WatcherThread [stack: 0x00007f7ffcd0a000,0x00007f7ffce0a000] [id=6127]
  0x00007f8018075bf0 GCTaskThread "GC Thread#0" [stack: 0x00007f801ccc0000,0x00007f801cdc0000] [id=6111]
  0x00007f7fc0004990 GCTaskThread "GC Thread#1" [stack: 0x00007f7ffcc09000,0x00007f7ffcd09000] [id=6128]
  0x00007f80180871d0 ConcurrentGCThread "G1 Main Marker" [stack: 0x00007f801cbbf000,0x00007f801ccbf000] [id=6112]
  0x00007f8018088140 ConcurrentGCThread "G1 Conc#0" [stack: 0x00007f801cabe000,0x00007f801cbbe000] [id=6113]
  0x00007f80180a6d70 ConcurrentGCThread "G1 Refine#0" [stack: 0x00007f801c7bb000,0x00007f801c8bb000] [id=6114]
  0x00007f7fe8000ea0 ConcurrentGCThread "G1 Refine#1" [stack: 0x00007f7ffc86f000,0x00007f7ffc96f000] [id=6130]
  0x00007f80180a7c70 ConcurrentGCThread "G1 Service" [stack: 0x00007f801c6ba000,0x00007f801c7ba000] [id=6115]

Threads with active compile tasks:
C2 CompilerThread0  61247 18245 %     4       groovyjarjarantlr4.v4.runtime.atn.LexerATNSimulator::getReachableConfigSet @ 77 (198 bytes)
C1 CompilerThread0  61247 18271 %     3       groovyjarjarantlr4.v4.runtime.dfa.HashEdgeMap::size @ 13 (41 bytes)

VM state: at safepoint (normal execution)

VM Mutex/Monitor currently owned by a thread:  ([mutex/lock_event])
[0x00007f8018017b10] Threads_lock - owner thread: 0x00007f80180d30d0
[0x00007f80180182c0] Heap_lock - owner thread: 0x00007f7fb800ccf0

Heap address: 0x0000000080000000, size: 2048 MB, Compressed Oops mode: 32-bit

CDS archive(s) mapped at: [0x00007f7fc5000000-0x00007f7fc5bca000-0x00007f7fc5bca000), size 12361728, SharedBaseAddress: 0x00007f7fc5000000, ArchiveRelocationMode: 1.
Compressed class space mapped at: 0x00007f7fc6000000-0x00007f7fe0000000, reserved size: 436207616
Narrow klass base: 0x00007f7fc5000000, Narrow klass shift: 0, Narrow klass range: 0x100000000

GC Precious Log:
 CPUs: 2 total, 2 available
 Memory: 2048M
 Large Page Support: Disabled
 NUMA Support: Disabled
 Compressed Oops: Enabled (32-bit)
 Heap Region Size: 1M
 Heap Min Capacity: 8M
 Heap Initial Capacity: 32M
 Heap Max Capacity: 2G
 Pre-touch: Disabled
 Parallel Workers: 2
 Concurrent Workers: 1
 Concurrent Refinement Workers: 2
 Periodic GC: Disabled

Heap:
 garbage-first heap   total 419840K, used 168413K [0x0000000080000000, 0x0000000100000000)
  region size 1024K, 11 young (11264K), 11 survivors (11264K)
 Metaspace       used 120115K, committed 121600K, reserved 557056K
  class space    used 16786K, committed 17472K, reserved 425984K

Heap Regions: E=young(eden), S=young(survivor), O=old, HS=humongous(starts), HC=humongous(continues), CS=collection set, F=free, OA=open archive, CA=closed archive, TAMS=top-at-mark-start (previous, next)
|   0|0x0000000080000000, 0x0000000080100000, 0x0000000080100000|100%|HS|  |TAMS 0x0000000080100000, 0x0000000080000000| Complete 
|   1|0x0000000080100000, 0x0000000080200000, 0x0000000080200000|100%|HC|  |TAMS 0x0000000080200000, 0x0000000080100000| Complete 
|   2|0x0000000080200000, 0x0000000080300000, 0x0000000080300000|100%|HC|  |TAMS 0x0000000080300000, 0x0000000080200000| Complete 
|   3|0x0000000080300000, 0x0000000080400000, 0x0000000080400000|100%| O|  |TAMS 0x0000000080400000, 0x0000000080300000| Untracked 
|   4|0x0000000080400000, 0x0000000080500000, 0x0000000080500000|100%| O|  |TAMS 0x0000000080500000, 0x0000000080400000| Untracked 
|   5|0x0000000080500000, 0x0000000080600000, 0x0000000080600000|100%| O|  |TAMS 0x0000000080600000, 0x0000000080500000| Untracked 
|   6|0x0000000080600000, 0x0000000080700000, 0x0000000080700000|100%| O|  |TAMS 0x0000000080700000, 0x0000000080600000| Untracked 
|   7|0x0000000080700000, 0x0000000080800000, 0x0000000080800000|100%| O|  |TAMS 0x0000000080800000, 0x0000000080700000| Untracked 
|   8|0x0000000080800000, 0x0000000080900000, 0x0000000080900000|100%| O|  |TAMS 0x0000000080900000, 0x0000000080800000| Untracked 
|   9|0x0000000080900000, 0x0000000080a00000, 0x0000000080a00000|100%| O|  |TAMS 0x0000000080a00000, 0x0000000080900000| Untracked 
|  10|0x0000000080a00000, 0x0000000080b00000, 0x0000000080b00000|100%|HS|  |TAMS 0x0000000080b00000, 0x0000000080a00000| Complete 
|  11|0x0000000080b00000, 0x0000000080c00000, 0x0000000080c00000|100%| O|  |TAMS 0x0000000080c00000, 0x0000000080b00000| Untracked 
|  12|0x0000000080c00000, 0x0000000080d00000, 0x0000000080d00000|100%| O|  |TAMS 0x0000000080d00000, 0x0000000080c00000| Untracked 
|  13|0x0000000080d00000, 0x0000000080e00000, 0x0000000080e00000|100%| O|  |TAMS 0x0000000080e00000, 0x0000000080d00000| Untracked 
|  14|0x0000000080e00000, 0x0000000080f00000, 0x0000000080f00000|100%| O|  |TAMS 0x0000000080f00000, 0x0000000080e00000| Untracked 
|  15|0x0000000080f00000, 0x0000000081000000, 0x0000000081000000|100%| O|  |TAMS 0x0000000081000000, 0x0000000080f00000| Untracked 
|  16|0x0000000081000000, 0x0000000081100000, 0x0000000081100000|100%| O|  |TAMS 0x0000000081100000, 0x0000000081000000| Untracked 
|  17|0x0000000081100000, 0x0000000081200000, 0x0000000081200000|100%| O|  |TAMS 0x0000000081200000, 0x0000000081100000| Untracked 
|  18|0x0000000081200000, 0x0000000081300000, 0x0000000081300000|100%| O|  |TAMS 0x0000000081300000, 0x0000000081200000| Untracked 
|  19|0x0000000081300000, 0x0000000081400000, 0x0000000081400000|100%| O|  |TAMS 0x0000000081400000, 0x0000000081300000| Untracked 
|  20|0x0000000081400000, 0x0000000081500000, 0x0000000081500000|100%| O|  |TAMS 0x0000000081500000, 0x0000000081400000| Untracked 
|  21|0x0000000081500000, 0x0000000081600000, 0x0000000081600000|100%| O|  |TAMS 0x0000000081600000, 0x0000000081500000| Untracked 
|  22|0x0000000081600000, 0x0000000081700000, 0x0000000081700000|100%| O|  |TAMS 0x0000000081700000, 0x0000000081600000| Untracked 
|  23|0x0000000081700000, 0x0000000081800000, 0x0000000081800000|100%| O|  |TAMS 0x0000000081800000, 0x0000000081700000| Untracked 
|  24|0x0000000081800000, 0x0000000081900000, 0x0000000081900000|100%| O|  |TAMS 0x0000000081900000, 0x0000000081800000| Untracked 
|  25|0x0000000081900000, 0x0000000081a00000, 0x0000000081a00000|100%| O|  |TAMS 0x0000000081a00000, 0x0000000081900000| Untracked 
|  26|0x0000000081a00000, 0x0000000081b00000, 0x0000000081b00000|100%| O|  |TAMS 0x0000000081b00000, 0x0000000081a00000| Untracked 
|  27|0x0000000081b00000, 0x0000000081c00000, 0x0000000081c00000|100%| O|  |TAMS 0x0000000081c00000, 0x0000000081b00000| Untracked 
|  28|0x0000000081c00000, 0x0000000081d00000, 0x0000000081d00000|100%| O|  |TAMS 0x0000000081d00000, 0x0000000081c00000| Untracked 
|  29|0x0000000081d00000, 0x0000000081e00000, 0x0000000081e00000|100%| O|  |TAMS 0x0000000081e00000, 0x0000000081d00000| Untracked 
|  30|0x0000000081e00000, 0x0000000081f00000, 0x0000000081f00000|100%| O|  |TAMS 0x0000000081f00000, 0x0000000081e00000| Untracked 
|  31|0x0000000081f00000, 0x0000000082000000, 0x0000000082000000|100%| O|  |TAMS 0x0000000082000000, 0x0000000081f00000| Untracked 
|  32|0x0000000082000000, 0x0000000082100000, 0x0000000082100000|100%| O|  |TAMS 0x0000000082100000, 0x0000000082000000| Untracked 
|  33|0x0000000082100000, 0x0000000082200000, 0x0000000082200000|100%| O|  |TAMS 0x0000000082200000, 0x0000000082100000| Untracked 
|  34|0x0000000082200000, 0x0000000082300000, 0x0000000082300000|100%| O|  |TAMS 0x0000000082200000, 0x0000000082200000| Untracked 
|  35|0x0000000082300000, 0x0000000082400000, 0x0000000082400000|100%|HS|  |TAMS 0x0000000082400000, 0x0000000082300000| Complete 
|  36|0x0000000082400000, 0x0000000082500000, 0x0000000082500000|100%|HC|  |TAMS 0x0000000082500000, 0x0000000082400000| Complete 
|  37|0x0000000082500000, 0x0000000082600000, 0x0000000082600000|100%|HC|  |TAMS 0x0000000082600000, 0x0000000082500000| Complete 
|  38|0x0000000082600000, 0x0000000082700000, 0x0000000082700000|100%|HS|  |TAMS 0x0000000082700000, 0x0000000082600000| Complete 
|  39|0x0000000082700000, 0x0000000082800000, 0x0000000082800000|100%|HC|  |TAMS 0x0000000082800000, 0x0000000082700000| Complete 
|  40|0x0000000082800000, 0x0000000082900000, 0x0000000082900000|100%|HC|  |TAMS 0x0000000082900000, 0x0000000082800000| Complete 
|  41|0x0000000082900000, 0x0000000082a00000, 0x0000000082a00000|100%| O|  |TAMS 0x0000000082a00000, 0x0000000082900000| Untracked 
|  42|0x0000000082a00000, 0x0000000082b00000, 0x0000000082b00000|100%| O|  |TAMS 0x0000000082b00000, 0x0000000082a00000| Untracked 
|  43|0x0000000082b00000, 0x0000000082c00000, 0x0000000082c00000|100%| O|  |TAMS 0x0000000082c00000, 0x0000000082b00000| Untracked 
|  44|0x0000000082c00000, 0x0000000082d00000, 0x0000000082d00000|100%| O|  |TAMS 0x0000000082d00000, 0x0000000082c00000| Untracked 
|  45|0x0000000082d00000, 0x0000000082e00000, 0x0000000082e00000|100%| O|  |TAMS 0x0000000082e00000, 0x0000000082d00000| Untracked 
|  46|0x0000000082e00000, 0x0000000082f00000, 0x0000000082f00000|100%| O|  |TAMS 0x0000000082f00000, 0x0000000082e00000| Untracked 
|  47|0x0000000082f00000, 0x0000000083000000, 0x0000000083000000|100%| O|  |TAMS 0x0000000083000000, 0x0000000082f00000| Untracked 
|  48|0x0000000083000000, 0x0000000083100000, 0x0000000083100000|100%| O|  |TAMS 0x0000000083100000, 0x0000000083000000| Untracked 
|  49|0x0000000083100000, 0x0000000083200000, 0x0000000083200000|100%| O|  |TAMS 0x0000000083200000, 0x0000000083100000| Untracked 
|  50|0x0000000083200000, 0x0000000083300000, 0x0000000083300000|100%| O|  |TAMS 0x0000000083300000, 0x0000000083200000| Untracked 
|  51|0x0000000083300000, 0x0000000083400000, 0x0000000083400000|100%| O|  |TAMS 0x0000000083400000, 0x0000000083300000| Untracked 
|  52|0x0000000083400000, 0x0000000083500000, 0x0000000083500000|100%| O|  |TAMS 0x0000000083500000, 0x0000000083400000| Untracked 
|  53|0x0000000083500000, 0x0000000083600000, 0x0000000083600000|100%| O|  |TAMS 0x0000000083600000, 0x0000000083500000| Untracked 
|  54|0x0000000083600000, 0x0000000083700000, 0x0000000083700000|100%| O|  |TAMS 0x0000000083700000, 0x0000000083600000| Untracked 
|  55|0x0000000083700000, 0x0000000083800000, 0x0000000083800000|100%| O|  |TAMS 0x0000000083800000, 0x0000000083700000| Untracked 
|  56|0x0000000083800000, 0x0000000083900000, 0x0000000083900000|100%| O|  |TAMS 0x0000000083900000, 0x0000000083800000| Untracked 
|  57|0x0000000083900000, 0x0000000083a00000, 0x0000000083a00000|100%|HS|  |TAMS 0x0000000083a00000, 0x0000000083900000| Complete 
|  58|0x0000000083a00000, 0x0000000083b00000, 0x0000000083b00000|100%| O|  |TAMS 0x0000000083b00000, 0x0000000083a00000| Untracked 
|  59|0x0000000083b00000, 0x0000000083c00000, 0x0000000083c00000|100%| O|  |TAMS 0x0000000083c00000, 0x0000000083b00000| Untracked 
|  60|0x0000000083c00000, 0x0000000083d00000, 0x0000000083d00000|100%| O|  |TAMS 0x0000000083d00000, 0x0000000083c00000| Untracked 
|  61|0x0000000083d00000, 0x0000000083e00000, 0x0000000083e00000|100%| O|  |TAMS 0x0000000083e00000, 0x0000000083d00000| Untracked 
|  62|0x0000000083e00000, 0x0000000083f00000, 0x0000000083f00000|100%| O|  |TAMS 0x0000000083f00000, 0x0000000083e00000| Untracked 
|  63|0x0000000083f00000, 0x0000000084000000, 0x0000000084000000|100%| O|  |TAMS 0x0000000084000000, 0x0000000083f00000| Untracked 
|  64|0x0000000084000000, 0x0000000084100000, 0x0000000084100000|100%| O|  |TAMS 0x0000000084100000, 0x0000000084000000| Untracked 
|  65|0x0000000084100000, 0x0000000084200000, 0x0000000084200000|100%| O|  |TAMS 0x0000000084200000, 0x0000000084100000| Untracked 
|  66|0x0000000084200000, 0x0000000084300000, 0x0000000084300000|100%| O|  |TAMS 0x0000000084300000, 0x0000000084200000| Untracked 
|  67|0x0000000084300000, 0x0000000084400000, 0x0000000084400000|100%| O|  |TAMS 0x0000000084400000, 0x0000000084300000| Untracked 
|  68|0x0000000084400000, 0x0000000084500000, 0x0000000084500000|100%| O|  |TAMS 0x0000000084500000, 0x0000000084400000| Untracked 
|  69|0x0000000084500000, 0x0000000084600000, 0x0000000084600000|100%| O|  |TAMS 0x0000000084600000, 0x0000000084500000| Untracked 
|  70|0x0000000084600000, 0x0000000084700000, 0x0000000084700000|100%| O|  |TAMS 0x0000000084700000, 0x0000000084600000| Untracked 
|  71|0x0000000084700000, 0x0000000084800000, 0x0000000084800000|100%|HS|  |TAMS 0x0000000084800000, 0x0000000084700000| Complete 
|  72|0x0000000084800000, 0x0000000084900000, 0x0000000084900000|100%|HS|  |TAMS 0x0000000084900000, 0x0000000084800000| Complete 
|  73|0x0000000084900000, 0x0000000084a00000, 0x0000000084a00000|100%|HS|  |TAMS 0x0000000084a00000, 0x0000000084900000| Complete 
|  74|0x0000000084a00000, 0x0000000084b00000, 0x0000000084b00000|100%|HS|  |TAMS 0x0000000084b00000, 0x0000000084a00000| Complete 
|  75|0x0000000084b00000, 0x0000000084c00000, 0x0000000084c00000|100%|HS|  |TAMS 0x0000000084c00000, 0x0000000084b00000| Complete 
|  76|0x0000000084c00000, 0x0000000084d00000, 0x0000000084d00000|100%| O|  |TAMS 0x0000000084d00000, 0x0000000084c00000| Untracked 
|  77|0x0000000084d00000, 0x0000000084e00000, 0x0000000084e00000|100%| O|  |TAMS 0x0000000084e00000, 0x0000000084d00000| Untracked 
|  78|0x0000000084e00000, 0x0000000084f00000, 0x0000000084f00000|100%| O|  |TAMS 0x0000000084f00000, 0x0000000084e00000| Untracked 
|  79|0x0000000084f00000, 0x0000000085000000, 0x0000000085000000|100%| O|  |TAMS 0x0000000085000000, 0x0000000084f00000| Untracked 
|  80|0x0000000085000000, 0x0000000085100000, 0x0000000085100000|100%| O|  |TAMS 0x0000000085100000, 0x0000000085000000| Untracked 
|  81|0x0000000085100000, 0x0000000085200000, 0x0000000085200000|100%| O|  |TAMS 0x0000000085200000, 0x0000000085100000| Untracked 
|  82|0x0000000085200000, 0x0000000085300000, 0x0000000085300000|100%| O|  |TAMS 0x0000000085300000, 0x0000000085200000| Untracked 
|  83|0x0000000085300000, 0x0000000085400000, 0x0000000085400000|100%| O|  |TAMS 0x0000000085400000, 0x0000000085300000| Untracked 
|  84|0x0000000085400000, 0x0000000085500000, 0x0000000085500000|100%| O|  |TAMS 0x0000000085500000, 0x0000000085400000| Untracked 
|  85|0x0000000085500000, 0x0000000085600000, 0x0000000085600000|100%| O|  |TAMS 0x0000000085600000, 0x0000000085500000| Untracked 
|  86|0x0000000085600000, 0x0000000085700000, 0x0000000085700000|100%| O|  |TAMS 0x0000000085700000, 0x0000000085600000| Untracked 
|  87|0x0000000085700000, 0x0000000085800000, 0x0000000085800000|100%|HS|  |TAMS 0x0000000085800000, 0x0000000085700000| Complete 
|  88|0x0000000085800000, 0x0000000085900000, 0x0000000085900000|100%|HS|  |TAMS 0x0000000085900000, 0x0000000085800000| Complete 
|  89|0x0000000085900000, 0x0000000085a00000, 0x0000000085a00000|100%|HC|  |TAMS 0x0000000085a00000, 0x0000000085900000| Complete 
|  90|0x0000000085a00000, 0x0000000085b00000, 0x0000000085b00000|100%|HC|  |TAMS 0x0000000085b00000, 0x0000000085a00000| Complete 
|  91|0x0000000085b00000, 0x0000000085c00000, 0x0000000085c00000|100%| O|  |TAMS 0x0000000085c00000, 0x0000000085b00000| Untracked 
|  92|0x0000000085c00000, 0x0000000085d00000, 0x0000000085d00000|100%| O|  |TAMS 0x0000000085d00000, 0x0000000085c00000| Untracked 
|  93|0x0000000085d00000, 0x0000000085e00000, 0x0000000085e00000|100%| O|  |TAMS 0x0000000085e00000, 0x0000000085d00000| Untracked 
|  94|0x0000000085e00000, 0x0000000085f00000, 0x0000000085f00000|100%| O|  |TAMS 0x0000000085f00000, 0x0000000085e00000| Untracked 
|  95|0x0000000085f00000, 0x0000000086000000, 0x0000000086000000|100%| O|  |TAMS 0x0000000086000000, 0x0000000085f00000| Untracked 
|  96|0x0000000086000000, 0x0000000086100000, 0x0000000086100000|100%| O|  |TAMS 0x0000000086100000, 0x0000000086000000| Untracked 
|  97|0x0000000086100000, 0x0000000086200000, 0x0000000086200000|100%| O|  |TAMS 0x0000000086200000, 0x0000000086100000| Untracked 
|  98|0x0000000086200000, 0x0000000086300000, 0x0000000086300000|100%| O|  |TAMS 0x0000000086300000, 0x0000000086200000| Untracked 
|  99|0x0000000086300000, 0x0000000086400000, 0x0000000086400000|100%| O|  |TAMS 0x0000000086400000, 0x0000000086300000| Untracked 
| 100|0x0000000086400000, 0x0000000086500000, 0x0000000086500000|100%| O|  |TAMS 0x0000000086500000, 0x0000000086400000| Untracked 
| 101|0x0000000086500000, 0x0000000086600000, 0x0000000086600000|100%| O|  |TAMS 0x0000000086600000, 0x0000000086500000| Untracked 
| 102|0x0000000086600000, 0x0000000086700000, 0x0000000086700000|100%| O|  |TAMS 0x0000000086700000, 0x0000000086600000| Untracked 
| 103|0x0000000086700000, 0x0000000086800000, 0x0000000086800000|100%| O|  |TAMS 0x0000000086800000, 0x0000000086700000| Untracked 
| 104|0x0000000086800000, 0x0000000086900000, 0x0000000086900000|100%| O|  |TAMS 0x0000000086900000, 0x0000000086800000| Untracked 
| 105|0x0000000086900000, 0x0000000086a00000, 0x0000000086a00000|100%| O|  |TAMS 0x0000000086a00000, 0x0000000086900000| Untracked 
| 106|0x0000000086a00000, 0x0000000086b00000, 0x0000000086b00000|100%| O|  |TAMS 0x0000000086b00000, 0x0000000086a00000| Untracked 
| 107|0x0000000086b00000, 0x0000000086c00000, 0x0000000086c00000|100%| O|  |TAMS 0x0000000086c00000, 0x0000000086b00000| Untracked 
| 108|0x0000000086c00000, 0x0000000086d00000, 0x0000000086d00000|100%| O|  |TAMS 0x0000000086d00000, 0x0000000086c00000| Untracked 
| 109|0x0000000086d00000, 0x0000000086e00000, 0x0000000086e00000|100%|HS|  |TAMS 0x0000000086d00000, 0x0000000086d00000| Complete 
| 110|0x0000000086e00000, 0x0000000086f00000, 0x0000000086f00000|100%| O|  |TAMS 0x0000000086f00000, 0x0000000086e00000| Untracked 
| 111|0x0000000086f00000, 0x0000000087000000, 0x0000000087000000|100%| O|  |TAMS 0x0000000087000000, 0x0000000086f00000| Untracked 
| 112|0x0000000087000000, 0x0000000087100000, 0x0000000087100000|100%| O|  |TAMS 0x0000000087100000, 0x0000000087000000| Untracked 
| 113|0x0000000087100000, 0x0000000087200000, 0x0000000087200000|100%| O|  |TAMS 0x0000000087200000, 0x0000000087100000| Untracked 
| 114|0x0000000087200000, 0x0000000087300000, 0x0000000087300000|100%| O|  |TAMS 0x0000000087300000, 0x0000000087200000| Untracked 
| 115|0x0000000087300000, 0x0000000087400000, 0x0000000087400000|100%| O|  |TAMS 0x0000000087400000, 0x0000000087300000| Untracked 
| 116|0x0000000087400000, 0x0000000087500000, 0x0000000087500000|100%| O|  |TAMS 0x0000000087500000, 0x0000000087400000| Untracked 
| 117|0x0000000087500000, 0x0000000087600000, 0x0000000087600000|100%| O|  |TAMS 0x0000000087600000, 0x0000000087500000| Untracked 
| 118|0x0000000087600000, 0x0000000087700000, 0x0000000087700000|100%| O|  |TAMS 0x0000000087700000, 0x0000000087600000| Untracked 
| 119|0x0000000087700000, 0x0000000087800000, 0x0000000087800000|100%| O|  |TAMS 0x0000000087800000, 0x0000000087700000| Untracked 
| 120|0x0000000087800000, 0x0000000087900000, 0x0000000087900000|100%| O|  |TAMS 0x0000000087900000, 0x0000000087800000| Untracked 
| 121|0x0000000087900000, 0x0000000087a00000, 0x0000000087a00000|100%| O|  |TAMS 0x0000000087a00000, 0x0000000087900000| Untracked 
| 122|0x0000000087a00000, 0x0000000087b00000, 0x0000000087b00000|100%| O|  |TAMS 0x0000000087b00000, 0x0000000087a00000| Untracked 
| 123|0x0000000087b00000, 0x0000000087c00000, 0x0000000087c00000|100%| O|  |TAMS 0x0000000087c00000, 0x0000000087b00000| Untracked 
| 124|0x0000000087c00000, 0x0000000087d00000, 0x0000000087d00000|100%| O|  |TAMS 0x0000000087d00000, 0x0000000087c00000| Untracked 
| 125|0x0000000087d00000, 0x0000000087e00000, 0x0000000087e00000|100%| O|  |TAMS 0x0000000087e00000, 0x0000000087d00000| Untracked 
| 126|0x0000000087e00000, 0x0000000087f00000, 0x0000000087f00000|100%| O|  |TAMS 0x0000000087f00000, 0x0000000087e00000| Untracked 
| 127|0x0000000087f00000, 0x0000000088000000, 0x0000000088000000|100%| O|  |TAMS 0x0000000088000000, 0x0000000087f00000| Untracked 
| 128|0x0000000088000000, 0x0000000088100000, 0x0000000088100000|100%| O|  |TAMS 0x0000000088100000, 0x0000000088000000| Untracked 
| 129|0x0000000088100000, 0x0000000088200000, 0x0000000088200000|100%| O|  |TAMS 0x0000000088200000, 0x0000000088100000| Untracked 
| 130|0x0000000088200000, 0x0000000088300000, 0x0000000088300000|100%| O|  |TAMS 0x0000000088300000, 0x0000000088200000| Untracked 
| 131|0x0000000088300000, 0x0000000088400000, 0x0000000088400000|100%| O|  |TAMS 0x0000000088400000, 0x0000000088300000| Untracked 
| 132|0x0000000088400000, 0x0000000088500000, 0x0000000088500000|100%| O|  |TAMS 0x0000000088500000, 0x0000000088400000| Untracked 
| 133|0x0000000088500000, 0x0000000088600000, 0x0000000088600000|100%| O|  |TAMS 0x0000000088600000, 0x0000000088500000| Untracked 
| 134|0x0000000088600000, 0x0000000088700000, 0x0000000088700000|100%| O|  |TAMS 0x0000000088700000, 0x0000000088600000| Untracked 
| 135|0x0000000088700000, 0x0000000088800000, 0x0000000088800000|100%| O|  |TAMS 0x0000000088800000, 0x0000000088700000| Untracked 
| 136|0x0000000088800000, 0x0000000088900000, 0x0000000088900000|100%| O|  |TAMS 0x0000000088820200, 0x0000000088800000| Untracked 
| 137|0x0000000088900000, 0x0000000088a00000, 0x0000000088a00000|100%| O|  |TAMS 0x0000000088900000, 0x0000000088900000| Untracked 
| 138|0x0000000088a00000, 0x0000000088b00000, 0x0000000088b00000|100%| O|  |TAMS 0x0000000088a00000, 0x0000000088a00000| Untracked 
| 139|0x0000000088b00000, 0x0000000088c00000, 0x0000000088c00000|100%| O|  |TAMS 0x0000000088b00000, 0x0000000088b00000| Untracked 
| 140|0x0000000088c00000, 0x0000000088d00000, 0x0000000088d00000|100%| O|  |TAMS 0x0000000088c00000, 0x0000000088c00000| Untracked 
| 141|0x0000000088d00000, 0x0000000088e00000, 0x0000000088e00000|100%| O|  |TAMS 0x0000000088d00000, 0x0000000088d00000| Untracked 
| 142|0x0000000088e00000, 0x0000000088f00000, 0x0000000088f00000|100%| O|  |TAMS 0x0000000088e00000, 0x0000000088e00000| Untracked 
| 143|0x0000000088f00000, 0x0000000089000000, 0x0000000089000000|100%| O|  |TAMS 0x0000000088f00000, 0x0000000088f00000| Untracked 
| 144|0x0000000089000000, 0x0000000089100000, 0x0000000089100000|100%| O|  |TAMS 0x0000000089000000, 0x0000000089000000| Untracked 
| 145|0x0000000089100000, 0x0000000089200000, 0x0000000089200000|100%| O|  |TAMS 0x0000000089100000, 0x0000000089100000| Untracked 
| 146|0x0000000089200000, 0x0000000089300000, 0x0000000089300000|100%| O|  |TAMS 0x0000000089200000, 0x0000000089200000| Untracked 
| 147|0x0000000089300000, 0x0000000089400000, 0x0000000089400000|100%| O|  |TAMS 0x0000000089300000, 0x0000000089300000| Untracked 
| 148|0x0000000089400000, 0x0000000089500000, 0x0000000089500000|100%| O|  |TAMS 0x0000000089400000, 0x0000000089400000| Untracked 
| 149|0x0000000089500000, 0x0000000089600000, 0x0000000089600000|100%| O|  |TAMS 0x0000000089500000, 0x0000000089500000| Untracked 
| 150|0x0000000089600000, 0x000000008968a600, 0x0000000089700000| 54%| O|  |TAMS 0x0000000089600000, 0x0000000089600000| Untracked 
| 151|0x0000000089700000, 0x0000000089800000, 0x0000000089800000|100%|HS|  |TAMS 0x0000000089700000, 0x0000000089700000| Complete 
| 152|0x0000000089800000, 0x0000000089900000, 0x0000000089900000|100%|HS|  |TAMS 0x0000000089800000, 0x0000000089800000| Complete 
| 153|0x0000000089900000, 0x0000000089900000, 0x0000000089a00000|  0%| F|  |TAMS 0x0000000089900000, 0x0000000089900000| Untracked 
| 154|0x0000000089a00000, 0x0000000089a00000, 0x0000000089b00000|  0%| F|  |TAMS 0x0000000089a00000, 0x0000000089a00000| Untracked 
| 155|0x0000000089b00000, 0x0000000089b00000, 0x0000000089c00000|  0%| F|  |TAMS 0x0000000089b00000, 0x0000000089b00000| Untracked 
| 156|0x0000000089c00000, 0x0000000089c00000, 0x0000000089d00000|  0%| F|  |TAMS 0x0000000089c00000, 0x0000000089c00000| Untracked 
| 157|0x0000000089d00000, 0x0000000089d00000, 0x0000000089e00000|  0%| F|  |TAMS 0x0000000089d00000, 0x0000000089d00000| Untracked 
| 158|0x0000000089e00000, 0x0000000089e00000, 0x0000000089f00000|  0%| F|  |TAMS 0x0000000089e00000, 0x0000000089e00000| Untracked 
| 159|0x0000000089f00000, 0x0000000089f00000, 0x000000008a000000|  0%| F|  |TAMS 0x0000000089f00000, 0x0000000089f00000| Untracked 
| 160|0x000000008a000000, 0x000000008a000000, 0x000000008a100000|  0%| F|  |TAMS 0x000000008a000000, 0x000000008a000000| Untracked 
| 161|0x000000008a100000, 0x000000008a100000, 0x000000008a200000|  0%| F|  |TAMS 0x000000008a100000, 0x000000008a100000| Untracked 
| 162|0x000000008a200000, 0x000000008a200000, 0x000000008a300000|  0%| F|  |TAMS 0x000000008a200000, 0x000000008a200000| Untracked 
| 163|0x000000008a300000, 0x000000008a300000, 0x000000008a400000|  0%| F|  |TAMS 0x000000008a300000, 0x000000008a300000| Untracked 
| 164|0x000000008a400000, 0x000000008a400000, 0x000000008a500000|  0%| F|  |TAMS 0x000000008a400000, 0x000000008a400000| Untracked 
| 165|0x000000008a500000, 0x000000008a500000, 0x000000008a600000|  0%| F|  |TAMS 0x000000008a500000, 0x000000008a500000| Untracked 
| 166|0x000000008a600000, 0x000000008a600000, 0x000000008a700000|  0%| F|  |TAMS 0x000000008a600000, 0x000000008a600000| Untracked 
| 167|0x000000008a700000, 0x000000008a700000, 0x000000008a800000|  0%| F|  |TAMS 0x000000008a700000, 0x000000008a700000| Untracked 
| 168|0x000000008a800000, 0x000000008a800000, 0x000000008a900000|  0%| F|  |TAMS 0x000000008a800000, 0x000000008a800000| Untracked 
| 169|0x000000008a900000, 0x000000008a900000, 0x000000008aa00000|  0%| F|  |TAMS 0x000000008a900000, 0x000000008a900000| Untracked 
| 170|0x000000008aa00000, 0x000000008aa00000, 0x000000008ab00000|  0%| F|  |TAMS 0x000000008aa00000, 0x000000008aa00000| Untracked 
| 171|0x000000008ab00000, 0x000000008ab00000, 0x000000008ac00000|  0%| F|  |TAMS 0x000000008ab00000, 0x000000008ab00000| Untracked 
| 172|0x000000008ac00000, 0x000000008ac00000, 0x000000008ad00000|  0%| F|  |TAMS 0x000000008ac00000, 0x000000008ac00000| Untracked 
| 173|0x000000008ad00000, 0x000000008ad00000, 0x000000008ae00000|  0%| F|  |TAMS 0x000000008ad00000, 0x000000008ad00000| Untracked 
| 174|0x000000008ae00000, 0x000000008ae00000, 0x000000008af00000|  0%| F|  |TAMS 0x000000008ae00000, 0x000000008ae00000| Untracked 
| 175|0x000000008af00000, 0x000000008af00000, 0x000000008b000000|  0%| F|  |TAMS 0x000000008af00000, 0x000000008af00000| Untracked 
| 176|0x000000008b000000, 0x000000008b000000, 0x000000008b100000|  0%| F|  |TAMS 0x000000008b000000, 0x000000008b000000| Untracked 
| 177|0x000000008b100000, 0x000000008b100000, 0x000000008b200000|  0%| F|  |TAMS 0x000000008b100000, 0x000000008b100000| Untracked 
| 178|0x000000008b200000, 0x000000008b200000, 0x000000008b300000|  0%| F|  |TAMS 0x000000008b200000, 0x000000008b200000| Untracked 
| 179|0x000000008b300000, 0x000000008b300000, 0x000000008b400000|  0%| F|  |TAMS 0x000000008b300000, 0x000000008b300000| Untracked 
| 180|0x000000008b400000, 0x000000008b400000, 0x000000008b500000|  0%| F|  |TAMS 0x000000008b400000, 0x000000008b400000| Untracked 
| 181|0x000000008b500000, 0x000000008b500000, 0x000000008b600000|  0%| F|  |TAMS 0x000000008b500000, 0x000000008b500000| Untracked 
| 182|0x000000008b600000, 0x000000008b600000, 0x000000008b700000|  0%| F|  |TAMS 0x000000008b600000, 0x000000008b600000| Untracked 
| 183|0x000000008b700000, 0x000000008b700000, 0x000000008b800000|  0%| F|  |TAMS 0x000000008b700000, 0x000000008b700000| Untracked 
| 184|0x000000008b800000, 0x000000008b800000, 0x000000008b900000|  0%| F|  |TAMS 0x000000008b800000, 0x000000008b800000| Untracked 
| 185|0x000000008b900000, 0x000000008b900000, 0x000000008ba00000|  0%| F|  |TAMS 0x000000008b900000, 0x000000008b900000| Untracked 
| 186|0x000000008ba00000, 0x000000008ba00000, 0x000000008bb00000|  0%| F|  |TAMS 0x000000008ba00000, 0x000000008ba00000| Untracked 
| 187|0x000000008bb00000, 0x000000008bb00000, 0x000000008bc00000|  0%| F|  |TAMS 0x000000008bb00000, 0x000000008bb00000| Untracked 
| 188|0x000000008bc00000, 0x000000008bc00000, 0x000000008bd00000|  0%| F|  |TAMS 0x000000008bc00000, 0x000000008bc00000| Untracked 
| 189|0x000000008bd00000, 0x000000008bd00000, 0x000000008be00000|  0%| F|  |TAMS 0x000000008bd00000, 0x000000008bd00000| Untracked 
| 190|0x000000008be00000, 0x000000008be00000, 0x000000008bf00000|  0%| F|  |TAMS 0x000000008be00000, 0x000000008be00000| Untracked 
| 191|0x000000008bf00000, 0x000000008bf00000, 0x000000008c000000|  0%| F|  |TAMS 0x000000008bf00000, 0x000000008bf00000| Untracked 
| 192|0x000000008c000000, 0x000000008c000000, 0x000000008c100000|  0%| F|  |TAMS 0x000000008c000000, 0x000000008c000000| Untracked 
| 193|0x000000008c100000, 0x000000008c100000, 0x000000008c200000|  0%| F|  |TAMS 0x000000008c100000, 0x000000008c100000| Untracked 
| 194|0x000000008c200000, 0x000000008c200000, 0x000000008c300000|  0%| F|  |TAMS 0x000000008c200000, 0x000000008c200000| Untracked 
| 195|0x000000008c300000, 0x000000008c300000, 0x000000008c400000|  0%| F|  |TAMS 0x000000008c300000, 0x000000008c300000| Untracked 
| 196|0x000000008c400000, 0x000000008c400000, 0x000000008c500000|  0%| F|  |TAMS 0x000000008c400000, 0x000000008c400000| Untracked 
| 197|0x000000008c500000, 0x000000008c500000, 0x000000008c600000|  0%| F|  |TAMS 0x000000008c500000, 0x000000008c500000| Untracked 
| 198|0x000000008c600000, 0x000000008c600000, 0x000000008c700000|  0%| F|  |TAMS 0x000000008c600000, 0x000000008c600000| Untracked 
| 199|0x000000008c700000, 0x000000008c700000, 0x000000008c800000|  0%| F|  |TAMS 0x000000008c700000, 0x000000008c700000| Untracked 
| 200|0x000000008c800000, 0x000000008c800000, 0x000000008c900000|  0%| F|  |TAMS 0x000000008c800000, 0x000000008c800000| Untracked 
| 201|0x000000008c900000, 0x000000008c900000, 0x000000008ca00000|  0%| F|  |TAMS 0x000000008c900000, 0x000000008c900000| Untracked 
| 202|0x000000008ca00000, 0x000000008ca00000, 0x000000008cb00000|  0%| F|  |TAMS 0x000000008ca00000, 0x000000008ca00000| Untracked 
| 203|0x000000008cb00000, 0x000000008cb00000, 0x000000008cc00000|  0%| F|  |TAMS 0x000000008cb00000, 0x000000008cb00000| Untracked 
| 204|0x000000008cc00000, 0x000000008cc00000, 0x000000008cd00000|  0%| F|  |TAMS 0x000000008cc00000, 0x000000008cc00000| Untracked 
| 205|0x000000008cd00000, 0x000000008cd00000, 0x000000008ce00000|  0%| F|  |TAMS 0x000000008cd00000, 0x000000008cd00000| Untracked 
| 206|0x000000008ce00000, 0x000000008ce00000, 0x000000008cf00000|  0%| F|  |TAMS 0x000000008ce00000, 0x000000008ce00000| Untracked 
| 207|0x000000008cf00000, 0x000000008cf00000, 0x000000008d000000|  0%| F|  |TAMS 0x000000008cf00000, 0x000000008cf00000| Untracked 
| 208|0x000000008d000000, 0x000000008d000000, 0x000000008d100000|  0%| F|  |TAMS 0x000000008d000000, 0x000000008d000000| Untracked 
| 209|0x000000008d100000, 0x000000008d100000, 0x000000008d200000|  0%| F|  |TAMS 0x000000008d100000, 0x000000008d100000| Untracked 
| 210|0x000000008d200000, 0x000000008d200000, 0x000000008d300000|  0%| F|  |TAMS 0x000000008d200000, 0x000000008d200000| Untracked 
| 211|0x000000008d300000, 0x000000008d400000, 0x000000008d400000|100%| S|CS|TAMS 0x000000008d300000, 0x000000008d300000| Complete 
| 212|0x000000008d400000, 0x000000008d500000, 0x000000008d500000|100%| S|CS|TAMS 0x000000008d400000, 0x000000008d400000| Complete 
| 213|0x000000008d500000, 0x000000008d600000, 0x000000008d600000|100%| S|CS|TAMS 0x000000008d500000, 0x000000008d500000| Complete 
| 214|0x000000008d600000, 0x000000008d700000, 0x000000008d700000|100%| S|CS|TAMS 0x000000008d600000, 0x000000008d600000| Complete 
| 215|0x000000008d700000, 0x000000008d800000, 0x000000008d800000|100%| S|CS|TAMS 0x000000008d700000, 0x000000008d700000| Complete 
| 216|0x000000008d800000, 0x000000008d900000, 0x000000008d900000|100%| S|CS|TAMS 0x000000008d800000, 0x000000008d800000| Complete 
| 217|0x000000008d900000, 0x000000008da00000, 0x000000008da00000|100%| S|CS|TAMS 0x000000008d900000, 0x000000008d900000| Complete 
| 218|0x000000008da00000, 0x000000008db00000, 0x000000008db00000|100%| S|CS|TAMS 0x000000008da00000, 0x000000008da00000| Complete 
| 219|0x000000008db00000, 0x000000008dc00000, 0x000000008dc00000|100%| S|CS|TAMS 0x000000008db00000, 0x000000008db00000| Complete 
| 220|0x000000008dc00000, 0x000000008dd00000, 0x000000008dd00000|100%| S|CS|TAMS 0x000000008dc00000, 0x000000008dc00000| Complete 
| 221|0x000000008dd00000, 0x000000008de00000, 0x000000008de00000|100%| S|CS|TAMS 0x000000008dd00000, 0x000000008dd00000| Complete 
| 222|0x000000008de00000, 0x000000008de00000, 0x000000008df00000|  0%| F|  |TAMS 0x000000008de00000, 0x000000008de00000| Untracked 
| 223|0x000000008df00000, 0x000000008df00000, 0x000000008e000000|  0%| F|  |TAMS 0x000000008df00000, 0x000000008df00000| Untracked 
| 224|0x000000008e000000, 0x000000008e000000, 0x000000008e100000|  0%| F|  |TAMS 0x000000008e000000, 0x000000008e000000| Untracked 
| 225|0x000000008e100000, 0x000000008e100000, 0x000000008e200000|  0%| F|  |TAMS 0x000000008e100000, 0x000000008e100000| Untracked 
| 226|0x000000008e200000, 0x000000008e200000, 0x000000008e300000|  0%| F|  |TAMS 0x000000008e200000, 0x000000008e200000| Untracked 
| 227|0x000000008e300000, 0x000000008e300000, 0x000000008e400000|  0%| F|  |TAMS 0x000000008e300000, 0x000000008e300000| Untracked 
| 228|0x000000008e400000, 0x000000008e400000, 0x000000008e500000|  0%| F|  |TAMS 0x000000008e400000, 0x000000008e400000| Untracked 
| 229|0x000000008e500000, 0x000000008e500000, 0x000000008e600000|  0%| F|  |TAMS 0x000000008e500000, 0x000000008e500000| Untracked 
| 230|0x000000008e600000, 0x000000008e600000, 0x000000008e700000|  0%| F|  |TAMS 0x000000008e600000, 0x000000008e600000| Untracked 
| 231|0x000000008e700000, 0x000000008e700000, 0x000000008e800000|  0%| F|  |TAMS 0x000000008e700000, 0x000000008e700000| Untracked 
| 232|0x000000008e800000, 0x000000008e800000, 0x000000008e900000|  0%| F|  |TAMS 0x000000008e800000, 0x000000008e800000| Untracked 
| 233|0x000000008e900000, 0x000000008e900000, 0x000000008ea00000|  0%| F|  |TAMS 0x000000008e900000, 0x000000008e900000| Untracked 
| 234|0x000000008ea00000, 0x000000008ea00000, 0x000000008eb00000|  0%| F|  |TAMS 0x000000008ea00000, 0x000000008ea00000| Untracked 
| 235|0x000000008eb00000, 0x000000008eb00000, 0x000000008ec00000|  0%| F|  |TAMS 0x000000008eb00000, 0x000000008eb00000| Untracked 
| 236|0x000000008ec00000, 0x000000008ec00000, 0x000000008ed00000|  0%| F|  |TAMS 0x000000008ec00000, 0x000000008ec00000| Untracked 
| 237|0x000000008ed00000, 0x000000008ed00000, 0x000000008ee00000|  0%| F|  |TAMS 0x000000008ed00000, 0x000000008ed00000| Untracked 
| 238|0x000000008ee00000, 0x000000008ee00000, 0x000000008ef00000|  0%| F|  |TAMS 0x000000008ee00000, 0x000000008ee00000| Untracked 
| 239|0x000000008ef00000, 0x000000008ef00000, 0x000000008f000000|  0%| F|  |TAMS 0x000000008ef00000, 0x000000008ef00000| Untracked 
| 240|0x000000008f000000, 0x000000008f000000, 0x000000008f100000|  0%| F|  |TAMS 0x000000008f000000, 0x000000008f000000| Untracked 
| 241|0x000000008f100000, 0x000000008f100000, 0x000000008f200000|  0%| F|  |TAMS 0x000000008f100000, 0x000000008f100000| Untracked 
| 242|0x000000008f200000, 0x000000008f200000, 0x000000008f300000|  0%| F|  |TAMS 0x000000008f200000, 0x000000008f200000| Untracked 
| 243|0x000000008f300000, 0x000000008f300000, 0x000000008f400000|  0%| F|  |TAMS 0x000000008f300000, 0x000000008f300000| Untracked 
| 244|0x000000008f400000, 0x000000008f400000, 0x000000008f500000|  0%| F|  |TAMS 0x000000008f400000, 0x000000008f400000| Untracked 
| 245|0x000000008f500000, 0x000000008f500000, 0x000000008f600000|  0%| F|  |TAMS 0x000000008f500000, 0x000000008f500000| Untracked 
| 246|0x000000008f600000, 0x000000008f600000, 0x000000008f700000|  0%| F|  |TAMS 0x000000008f600000, 0x000000008f600000| Untracked 
| 247|0x000000008f700000, 0x000000008f700000, 0x000000008f800000|  0%| F|  |TAMS 0x000000008f700000, 0x000000008f700000| Untracked 
| 248|0x000000008f800000, 0x000000008f800000, 0x000000008f900000|  0%| F|  |TAMS 0x000000008f800000, 0x000000008f800000| Untracked 
| 249|0x000000008f900000, 0x000000008f900000, 0x000000008fa00000|  0%| F|  |TAMS 0x000000008f900000, 0x000000008f900000| Untracked 
| 250|0x000000008fa00000, 0x000000008fa00000, 0x000000008fb00000|  0%| F|  |TAMS 0x000000008fa00000, 0x000000008fa00000| Untracked 
| 251|0x000000008fb00000, 0x000000008fb00000, 0x000000008fc00000|  0%| F|  |TAMS 0x000000008fb00000, 0x000000008fb00000| Untracked 
| 252|0x000000008fc00000, 0x000000008fc00000, 0x000000008fd00000|  0%| F|  |TAMS 0x000000008fc00000, 0x000000008fc00000| Untracked 
| 253|0x000000008fd00000, 0x000000008fd00000, 0x000000008fe00000|  0%| F|  |TAMS 0x000000008fd00000, 0x000000008fd00000| Untracked 
| 254|0x000000008fe00000, 0x000000008fe00000, 0x000000008ff00000|  0%| F|  |TAMS 0x000000008fe00000, 0x000000008fe00000| Untracked 
| 255|0x000000008ff00000, 0x000000008ff00000, 0x0000000090000000|  0%| F|  |TAMS 0x000000008ff00000, 0x000000008ff00000| Untracked 
| 256|0x0000000090000000, 0x0000000090000000, 0x0000000090100000|  0%| F|  |TAMS 0x0000000090000000, 0x0000000090000000| Untracked 
| 257|0x0000000090100000, 0x0000000090100000, 0x0000000090200000|  0%| F|  |TAMS 0x0000000090100000, 0x0000000090100000| Untracked 
| 258|0x0000000090200000, 0x0000000090200000, 0x0000000090300000|  0%| F|  |TAMS 0x0000000090200000, 0x0000000090200000| Untracked 
| 259|0x0000000090300000, 0x0000000090300000, 0x0000000090400000|  0%| F|  |TAMS 0x0000000090300000, 0x0000000090300000| Untracked 
| 260|0x0000000090400000, 0x0000000090400000, 0x0000000090500000|  0%| F|  |TAMS 0x0000000090400000, 0x0000000090400000| Untracked 
| 261|0x0000000090500000, 0x0000000090500000, 0x0000000090600000|  0%| F|  |TAMS 0x0000000090500000, 0x0000000090500000| Untracked 
| 262|0x0000000090600000, 0x0000000090600000, 0x0000000090700000|  0%| F|  |TAMS 0x0000000090600000, 0x0000000090600000| Untracked 
| 263|0x0000000090700000, 0x0000000090700000, 0x0000000090800000|  0%| F|  |TAMS 0x0000000090700000, 0x0000000090700000| Untracked 
| 264|0x0000000090800000, 0x0000000090800000, 0x0000000090900000|  0%| F|  |TAMS 0x0000000090800000, 0x0000000090800000| Untracked 
| 265|0x0000000090900000, 0x0000000090900000, 0x0000000090a00000|  0%| F|  |TAMS 0x0000000090900000, 0x0000000090900000| Untracked 
| 266|0x0000000090a00000, 0x0000000090a00000, 0x0000000090b00000|  0%| F|  |TAMS 0x0000000090a00000, 0x0000000090a00000| Untracked 
| 267|0x0000000090b00000, 0x0000000090b00000, 0x0000000090c00000|  0%| F|  |TAMS 0x0000000090b00000, 0x0000000090b00000| Untracked 
| 268|0x0000000090c00000, 0x0000000090c00000, 0x0000000090d00000|  0%| F|  |TAMS 0x0000000090c00000, 0x0000000090c00000| Untracked 
| 269|0x0000000090d00000, 0x0000000090d00000, 0x0000000090e00000|  0%| F|  |TAMS 0x0000000090d00000, 0x0000000090d00000| Untracked 
| 270|0x0000000090e00000, 0x0000000090e00000, 0x0000000090f00000|  0%| F|  |TAMS 0x0000000090e00000, 0x0000000090e00000| Untracked 
| 271|0x0000000090f00000, 0x0000000090f00000, 0x0000000091000000|  0%| F|  |TAMS 0x0000000090f00000, 0x0000000090f00000| Untracked 
| 272|0x0000000091000000, 0x0000000091000000, 0x0000000091100000|  0%| F|  |TAMS 0x0000000091000000, 0x0000000091000000| Untracked 
| 273|0x0000000091100000, 0x0000000091100000, 0x0000000091200000|  0%| F|  |TAMS 0x0000000091100000, 0x0000000091100000| Untracked 
| 274|0x0000000091200000, 0x0000000091200000, 0x0000000091300000|  0%| F|  |TAMS 0x0000000091200000, 0x0000000091200000| Untracked 
| 275|0x0000000091300000, 0x0000000091300000, 0x0000000091400000|  0%| F|  |TAMS 0x0000000091300000, 0x0000000091300000| Untracked 
| 276|0x0000000091400000, 0x0000000091400000, 0x0000000091500000|  0%| F|  |TAMS 0x0000000091400000, 0x0000000091400000| Untracked 
| 277|0x0000000091500000, 0x0000000091500000, 0x0000000091600000|  0%| F|  |TAMS 0x0000000091500000, 0x0000000091500000| Untracked 
| 278|0x0000000091600000, 0x0000000091600000, 0x0000000091700000|  0%| F|  |TAMS 0x0000000091600000, 0x0000000091600000| Untracked 
| 279|0x0000000091700000, 0x0000000091700000, 0x0000000091800000|  0%| F|  |TAMS 0x0000000091700000, 0x0000000091700000| Untracked 
| 280|0x0000000091800000, 0x0000000091800000, 0x0000000091900000|  0%| F|  |TAMS 0x0000000091800000, 0x0000000091800000| Untracked 
| 281|0x0000000091900000, 0x0000000091900000, 0x0000000091a00000|  0%| F|  |TAMS 0x0000000091900000, 0x0000000091900000| Untracked 
| 282|0x0000000091a00000, 0x0000000091a00000, 0x0000000091b00000|  0%| F|  |TAMS 0x0000000091a00000, 0x0000000091a00000| Untracked 
| 283|0x0000000091b00000, 0x0000000091b00000, 0x0000000091c00000|  0%| F|  |TAMS 0x0000000091b00000, 0x0000000091b00000| Untracked 
| 284|0x0000000091c00000, 0x0000000091c00000, 0x0000000091d00000|  0%| F|  |TAMS 0x0000000091c00000, 0x0000000091c00000| Untracked 
| 285|0x0000000091d00000, 0x0000000091d00000, 0x0000000091e00000|  0%| F|  |TAMS 0x0000000091d00000, 0x0000000091d00000| Untracked 
| 286|0x0000000091e00000, 0x0000000091e00000, 0x0000000091f00000|  0%| F|  |TAMS 0x0000000091e00000, 0x0000000091e00000| Untracked 
| 287|0x0000000091f00000, 0x0000000091f00000, 0x0000000092000000|  0%| F|  |TAMS 0x0000000091f00000, 0x0000000091f00000| Untracked 
| 288|0x0000000092000000, 0x0000000092000000, 0x0000000092100000|  0%| F|  |TAMS 0x0000000092000000, 0x0000000092000000| Untracked 
| 289|0x0000000092100000, 0x0000000092100000, 0x0000000092200000|  0%| F|  |TAMS 0x0000000092100000, 0x0000000092100000| Untracked 
| 290|0x0000000092200000, 0x0000000092200000, 0x0000000092300000|  0%| F|  |TAMS 0x0000000092200000, 0x0000000092200000| Untracked 
| 291|0x0000000092300000, 0x0000000092300000, 0x0000000092400000|  0%| F|  |TAMS 0x0000000092300000, 0x0000000092300000| Untracked 
| 292|0x0000000092400000, 0x0000000092400000, 0x0000000092500000|  0%| F|  |TAMS 0x0000000092400000, 0x0000000092400000| Untracked 
| 293|0x0000000092500000, 0x0000000092500000, 0x0000000092600000|  0%| F|  |TAMS 0x0000000092500000, 0x0000000092500000| Untracked 
| 294|0x0000000092600000, 0x0000000092600000, 0x0000000092700000|  0%| F|  |TAMS 0x0000000092600000, 0x0000000092600000| Untracked 
| 295|0x0000000092700000, 0x0000000092700000, 0x0000000092800000|  0%| F|  |TAMS 0x0000000092700000, 0x0000000092700000| Untracked 
| 296|0x0000000092800000, 0x0000000092800000, 0x0000000092900000|  0%| F|  |TAMS 0x0000000092800000, 0x0000000092800000| Untracked 
| 297|0x0000000092900000, 0x0000000092900000, 0x0000000092a00000|  0%| F|  |TAMS 0x0000000092900000, 0x0000000092900000| Untracked 
| 298|0x0000000092a00000, 0x0000000092a00000, 0x0000000092b00000|  0%| F|  |TAMS 0x0000000092a00000, 0x0000000092a00000| Untracked 
| 299|0x0000000092b00000, 0x0000000092b00000, 0x0000000092c00000|  0%| F|  |TAMS 0x0000000092b00000, 0x0000000092b00000| Untracked 
| 300|0x0000000092c00000, 0x0000000092c00000, 0x0000000092d00000|  0%| F|  |TAMS 0x0000000092c00000, 0x0000000092c00000| Untracked 
| 301|0x0000000092d00000, 0x0000000092d00000, 0x0000000092e00000|  0%| F|  |TAMS 0x0000000092d00000, 0x0000000092d00000| Untracked 
| 302|0x0000000092e00000, 0x0000000092e00000, 0x0000000092f00000|  0%| F|  |TAMS 0x0000000092e00000, 0x0000000092e00000| Untracked 
| 303|0x0000000092f00000, 0x0000000092f00000, 0x0000000093000000|  0%| F|  |TAMS 0x0000000092f00000, 0x0000000092f00000| Untracked 
| 304|0x0000000093000000, 0x0000000093000000, 0x0000000093100000|  0%| F|  |TAMS 0x0000000093000000, 0x0000000093000000| Untracked 
| 305|0x0000000093100000, 0x0000000093100000, 0x0000000093200000|  0%| F|  |TAMS 0x0000000093100000, 0x0000000093100000| Untracked 
| 306|0x0000000093200000, 0x0000000093200000, 0x0000000093300000|  0%| F|  |TAMS 0x0000000093200000, 0x0000000093200000| Untracked 
| 307|0x0000000093300000, 0x0000000093300000, 0x0000000093400000|  0%| F|  |TAMS 0x0000000093300000, 0x0000000093300000| Untracked 
| 308|0x0000000093400000, 0x0000000093400000, 0x0000000093500000|  0%| F|  |TAMS 0x0000000093400000, 0x0000000093400000| Untracked 
| 309|0x0000000093500000, 0x0000000093500000, 0x0000000093600000|  0%| F|  |TAMS 0x0000000093500000, 0x0000000093500000| Untracked 
| 310|0x0000000093600000, 0x0000000093600000, 0x0000000093700000|  0%| F|  |TAMS 0x0000000093600000, 0x0000000093600000| Untracked 
| 311|0x0000000093700000, 0x0000000093700000, 0x0000000093800000|  0%| F|  |TAMS 0x0000000093700000, 0x0000000093700000| Untracked 
| 312|0x0000000093800000, 0x0000000093800000, 0x0000000093900000|  0%| F|  |TAMS 0x0000000093800000, 0x0000000093800000| Untracked 
| 313|0x0000000093900000, 0x0000000093900000, 0x0000000093a00000|  0%| F|  |TAMS 0x0000000093900000, 0x0000000093900000| Untracked 
| 314|0x0000000093a00000, 0x0000000093a00000, 0x0000000093b00000|  0%| F|  |TAMS 0x0000000093a00000, 0x0000000093a00000| Untracked 
| 315|0x0000000093b00000, 0x0000000093b00000, 0x0000000093c00000|  0%| F|  |TAMS 0x0000000093b00000, 0x0000000093b00000| Untracked 
| 316|0x0000000093c00000, 0x0000000093c00000, 0x0000000093d00000|  0%| F|  |TAMS 0x0000000093c00000, 0x0000000093c00000| Untracked 
| 317|0x0000000093d00000, 0x0000000093d00000, 0x0000000093e00000|  0%| F|  |TAMS 0x0000000093d00000, 0x0000000093d00000| Untracked 
| 318|0x0000000093e00000, 0x0000000093e00000, 0x0000000093f00000|  0%| F|  |TAMS 0x0000000093e00000, 0x0000000093e00000| Untracked 
| 319|0x0000000093f00000, 0x0000000093f00000, 0x0000000094000000|  0%| F|  |TAMS 0x0000000093f00000, 0x0000000093f00000| Untracked 
| 320|0x0000000094000000, 0x0000000094000000, 0x0000000094100000|  0%| F|  |TAMS 0x0000000094000000, 0x0000000094000000| Untracked 
| 321|0x0000000094100000, 0x0000000094100000, 0x0000000094200000|  0%| F|  |TAMS 0x0000000094100000, 0x0000000094100000| Untracked 
| 322|0x0000000094200000, 0x0000000094200000, 0x0000000094300000|  0%| F|  |TAMS 0x0000000094200000, 0x0000000094200000| Untracked 
| 323|0x0000000094300000, 0x0000000094300000, 0x0000000094400000|  0%| F|  |TAMS 0x0000000094300000, 0x0000000094300000| Untracked 
| 324|0x0000000094400000, 0x0000000094400000, 0x0000000094500000|  0%| F|  |TAMS 0x0000000094400000, 0x0000000094400000| Untracked 
| 325|0x0000000094500000, 0x0000000094500000, 0x0000000094600000|  0%| F|  |TAMS 0x0000000094500000, 0x0000000094500000| Untracked 
| 326|0x0000000094600000, 0x0000000094600000, 0x0000000094700000|  0%| F|  |TAMS 0x0000000094600000, 0x0000000094600000| Untracked 
| 327|0x0000000094700000, 0x0000000094700000, 0x0000000094800000|  0%| F|  |TAMS 0x0000000094700000, 0x0000000094700000| Untracked 
| 328|0x0000000094800000, 0x0000000094800000, 0x0000000094900000|  0%| F|  |TAMS 0x0000000094800000, 0x0000000094800000| Untracked 
| 329|0x0000000094900000, 0x0000000094900000, 0x0000000094a00000|  0%| F|  |TAMS 0x0000000094900000, 0x0000000094900000| Untracked 
| 330|0x0000000094a00000, 0x0000000094a00000, 0x0000000094b00000|  0%| F|  |TAMS 0x0000000094a00000, 0x0000000094a00000| Untracked 
| 331|0x0000000094b00000, 0x0000000094b00000, 0x0000000094c00000|  0%| F|  |TAMS 0x0000000094b00000, 0x0000000094b00000| Untracked 
| 332|0x0000000094c00000, 0x0000000094c00000, 0x0000000094d00000|  0%| F|  |TAMS 0x0000000094c00000, 0x0000000094c00000| Untracked 
| 333|0x0000000094d00000, 0x0000000094d00000, 0x0000000094e00000|  0%| F|  |TAMS 0x0000000094d00000, 0x0000000094d00000| Untracked 
| 334|0x0000000094e00000, 0x0000000094e00000, 0x0000000094f00000|  0%| F|  |TAMS 0x0000000094e00000, 0x0000000094e00000| Untracked 
| 335|0x0000000094f00000, 0x0000000094f00000, 0x0000000095000000|  0%| F|  |TAMS 0x0000000094f00000, 0x0000000094f00000| Untracked 
| 336|0x0000000095000000, 0x0000000095000000, 0x0000000095100000|  0%| F|  |TAMS 0x0000000095000000, 0x0000000095000000| Untracked 
| 337|0x0000000095100000, 0x0000000095100000, 0x0000000095200000|  0%| F|  |TAMS 0x0000000095100000, 0x0000000095100000| Untracked 
| 338|0x0000000095200000, 0x0000000095200000, 0x0000000095300000|  0%| F|  |TAMS 0x0000000095200000, 0x0000000095200000| Untracked 
| 339|0x0000000095300000, 0x0000000095300000, 0x0000000095400000|  0%| F|  |TAMS 0x0000000095300000, 0x0000000095300000| Untracked 
| 340|0x0000000095400000, 0x0000000095400000, 0x0000000095500000|  0%| F|  |TAMS 0x0000000095400000, 0x0000000095400000| Untracked 
| 341|0x0000000095500000, 0x0000000095500000, 0x0000000095600000|  0%| F|  |TAMS 0x0000000095500000, 0x0000000095500000| Untracked 
| 342|0x0000000095600000, 0x0000000095600000, 0x0000000095700000|  0%| F|  |TAMS 0x0000000095600000, 0x0000000095600000| Untracked 
| 343|0x0000000095700000, 0x0000000095700000, 0x0000000095800000|  0%| F|  |TAMS 0x0000000095700000, 0x0000000095700000| Untracked 
| 344|0x0000000095800000, 0x0000000095800000, 0x0000000095900000|  0%| F|  |TAMS 0x0000000095800000, 0x0000000095800000| Untracked 
| 345|0x0000000095900000, 0x0000000095900000, 0x0000000095a00000|  0%| F|  |TAMS 0x0000000095900000, 0x0000000095900000| Untracked 
| 346|0x0000000095a00000, 0x0000000095a00000, 0x0000000095b00000|  0%| F|  |TAMS 0x0000000095a00000, 0x0000000095a00000| Untracked 
| 347|0x0000000095b00000, 0x0000000095b00000, 0x0000000095c00000|  0%| F|  |TAMS 0x0000000095b00000, 0x0000000095b00000| Untracked 
| 348|0x0000000095c00000, 0x0000000095c00000, 0x0000000095d00000|  0%| F|  |TAMS 0x0000000095c00000, 0x0000000095c00000| Untracked 
| 349|0x0000000095d00000, 0x0000000095d00000, 0x0000000095e00000|  0%| F|  |TAMS 0x0000000095d00000, 0x0000000095d00000| Untracked 
| 350|0x0000000095e00000, 0x0000000095e00000, 0x0000000095f00000|  0%| F|  |TAMS 0x0000000095e00000, 0x0000000095e00000| Untracked 
| 351|0x0000000095f00000, 0x0000000095f00000, 0x0000000096000000|  0%| F|  |TAMS 0x0000000095f00000, 0x0000000095f00000| Untracked 
| 352|0x0000000096000000, 0x0000000096000000, 0x0000000096100000|  0%| F|  |TAMS 0x0000000096000000, 0x0000000096000000| Untracked 
| 353|0x0000000096100000, 0x0000000096100000, 0x0000000096200000|  0%| F|  |TAMS 0x0000000096100000, 0x0000000096100000| Untracked 
| 354|0x0000000096200000, 0x0000000096200000, 0x0000000096300000|  0%| F|  |TAMS 0x0000000096200000, 0x0000000096200000| Untracked 
| 355|0x0000000096300000, 0x0000000096300000, 0x0000000096400000|  0%| F|  |TAMS 0x0000000096300000, 0x0000000096300000| Untracked 
| 356|0x0000000096400000, 0x0000000096400000, 0x0000000096500000|  0%| F|  |TAMS 0x0000000096400000, 0x0000000096400000| Untracked 
| 357|0x0000000096500000, 0x0000000096500000, 0x0000000096600000|  0%| F|  |TAMS 0x0000000096500000, 0x0000000096500000| Untracked 
| 358|0x0000000096600000, 0x0000000096600000, 0x0000000096700000|  0%| F|  |TAMS 0x0000000096600000, 0x0000000096600000| Untracked 
| 359|0x0000000096700000, 0x0000000096700000, 0x0000000096800000|  0%| F|  |TAMS 0x0000000096700000, 0x0000000096700000| Untracked 
| 360|0x0000000096800000, 0x0000000096800000, 0x0000000096900000|  0%| F|  |TAMS 0x0000000096800000, 0x0000000096800000| Untracked 
| 361|0x0000000096900000, 0x0000000096900000, 0x0000000096a00000|  0%| F|  |TAMS 0x0000000096900000, 0x0000000096900000| Untracked 
| 362|0x0000000096a00000, 0x0000000096a00000, 0x0000000096b00000|  0%| F|  |TAMS 0x0000000096a00000, 0x0000000096a00000| Untracked 
| 363|0x0000000096b00000, 0x0000000096b00000, 0x0000000096c00000|  0%| F|  |TAMS 0x0000000096b00000, 0x0000000096b00000| Untracked 
| 364|0x0000000096c00000, 0x0000000096c00000, 0x0000000096d00000|  0%| F|  |TAMS 0x0000000096c00000, 0x0000000096c00000| Untracked 
| 365|0x0000000096d00000, 0x0000000096d00000, 0x0000000096e00000|  0%| F|  |TAMS 0x0000000096d00000, 0x0000000096d00000| Untracked 
| 366|0x0000000096e00000, 0x0000000096e00000, 0x0000000096f00000|  0%| F|  |TAMS 0x0000000096e00000, 0x0000000096e00000| Untracked 
| 367|0x0000000096f00000, 0x0000000096f00000, 0x0000000097000000|  0%| F|  |TAMS 0x0000000096f00000, 0x0000000096f00000| Untracked 
| 368|0x0000000097000000, 0x0000000097000000, 0x0000000097100000|  0%| F|  |TAMS 0x0000000097000000, 0x0000000097000000| Untracked 
| 369|0x0000000097100000, 0x0000000097100000, 0x0000000097200000|  0%| F|  |TAMS 0x0000000097100000, 0x0000000097100000| Untracked 
| 370|0x0000000097200000, 0x0000000097200000, 0x0000000097300000|  0%| F|  |TAMS 0x0000000097200000, 0x0000000097200000| Untracked 
| 371|0x0000000097300000, 0x0000000097300000, 0x0000000097400000|  0%| F|  |TAMS 0x0000000097300000, 0x0000000097300000| Untracked 
| 372|0x0000000097400000, 0x0000000097400000, 0x0000000097500000|  0%| F|  |TAMS 0x0000000097400000, 0x0000000097400000| Untracked 
| 373|0x0000000097500000, 0x0000000097500000, 0x0000000097600000|  0%| F|  |TAMS 0x0000000097500000, 0x0000000097500000| Untracked 
| 374|0x0000000097600000, 0x0000000097600000, 0x0000000097700000|  0%| F|  |TAMS 0x0000000097600000, 0x0000000097600000| Untracked 
| 375|0x0000000097700000, 0x0000000097700000, 0x0000000097800000|  0%| F|  |TAMS 0x0000000097700000, 0x0000000097700000| Untracked 
| 376|0x0000000097800000, 0x0000000097800000, 0x0000000097900000|  0%| F|  |TAMS 0x0000000097800000, 0x0000000097800000| Untracked 
| 377|0x0000000097900000, 0x0000000097900000, 0x0000000097a00000|  0%| F|  |TAMS 0x0000000097900000, 0x0000000097900000| Untracked 
| 378|0x0000000097a00000, 0x0000000097a00000, 0x0000000097b00000|  0%| F|  |TAMS 0x0000000097a00000, 0x0000000097a00000| Untracked 
| 379|0x0000000097b00000, 0x0000000097b00000, 0x0000000097c00000|  0%| F|  |TAMS 0x0000000097b00000, 0x0000000097b00000| Untracked 
| 380|0x0000000097c00000, 0x0000000097c00000, 0x0000000097d00000|  0%| F|  |TAMS 0x0000000097c00000, 0x0000000097c00000| Untracked 
| 381|0x0000000097d00000, 0x0000000097d00000, 0x0000000097e00000|  0%| F|  |TAMS 0x0000000097d00000, 0x0000000097d00000| Untracked 
| 382|0x0000000097e00000, 0x0000000097e00000, 0x0000000097f00000|  0%| F|  |TAMS 0x0000000097e00000, 0x0000000097e00000| Untracked 
| 383|0x0000000097f00000, 0x0000000097f00000, 0x0000000098000000|  0%| F|  |TAMS 0x0000000097f00000, 0x0000000097f00000| Untracked 
| 384|0x0000000098000000, 0x0000000098000000, 0x0000000098100000|  0%| F|  |TAMS 0x0000000098000000, 0x0000000098000000| Untracked 
| 385|0x0000000098100000, 0x0000000098100000, 0x0000000098200000|  0%| F|  |TAMS 0x0000000098100000, 0x0000000098100000| Untracked 
| 386|0x0000000098200000, 0x0000000098200000, 0x0000000098300000|  0%| F|  |TAMS 0x0000000098200000, 0x0000000098200000| Untracked 
| 387|0x0000000098300000, 0x0000000098300000, 0x0000000098400000|  0%| F|  |TAMS 0x0000000098300000, 0x0000000098300000| Untracked 
| 388|0x0000000098400000, 0x0000000098400000, 0x0000000098500000|  0%| F|  |TAMS 0x0000000098400000, 0x0000000098400000| Untracked 
| 389|0x0000000098500000, 0x0000000098500000, 0x0000000098600000|  0%| F|  |TAMS 0x0000000098500000, 0x0000000098500000| Untracked 
| 390|0x0000000098600000, 0x0000000098600000, 0x0000000098700000|  0%| F|  |TAMS 0x0000000098600000, 0x0000000098600000| Untracked 
| 391|0x0000000098700000, 0x0000000098700000, 0x0000000098800000|  0%| F|  |TAMS 0x0000000098700000, 0x0000000098700000| Untracked 
| 392|0x0000000098800000, 0x0000000098800000, 0x0000000098900000|  0%| F|  |TAMS 0x0000000098800000, 0x0000000098800000| Untracked 
| 393|0x0000000098900000, 0x0000000098900000, 0x0000000098a00000|  0%| F|  |TAMS 0x0000000098900000, 0x0000000098900000| Untracked 
| 394|0x0000000098a00000, 0x0000000098a00000, 0x0000000098b00000|  0%| F|  |TAMS 0x0000000098a00000, 0x0000000098a00000| Untracked 
| 395|0x0000000098b00000, 0x0000000098b00000, 0x0000000098c00000|  0%| F|  |TAMS 0x0000000098b00000, 0x0000000098b00000| Untracked 
| 396|0x0000000098c00000, 0x0000000098c00000, 0x0000000098d00000|  0%| F|  |TAMS 0x0000000098c00000, 0x0000000098c00000| Untracked 
| 397|0x0000000098d00000, 0x0000000098d00000, 0x0000000098e00000|  0%| F|  |TAMS 0x0000000098d00000, 0x0000000098d00000| Untracked 
| 398|0x0000000098e00000, 0x0000000098e00000, 0x0000000098f00000|  0%| F|  |TAMS 0x0000000098e00000, 0x0000000098e00000| Untracked 
| 399|0x0000000098f00000, 0x0000000098f00000, 0x0000000099000000|  0%| F|  |TAMS 0x0000000098f00000, 0x0000000098f00000| Untracked 
| 400|0x0000000099000000, 0x0000000099000000, 0x0000000099100000|  0%| F|  |TAMS 0x0000000099000000, 0x0000000099000000| Untracked 
| 401|0x0000000099100000, 0x0000000099100000, 0x0000000099200000|  0%| F|  |TAMS 0x0000000099100000, 0x0000000099100000| Untracked 
| 402|0x0000000099200000, 0x0000000099200000, 0x0000000099300000|  0%| F|  |TAMS 0x0000000099200000, 0x0000000099200000| Untracked 
| 403|0x0000000099300000, 0x0000000099300000, 0x0000000099400000|  0%| F|  |TAMS 0x0000000099300000, 0x0000000099300000| Untracked 
| 404|0x0000000099400000, 0x0000000099400000, 0x0000000099500000|  0%| F|  |TAMS 0x0000000099400000, 0x0000000099400000| Untracked 
| 405|0x0000000099500000, 0x0000000099500000, 0x0000000099600000|  0%| F|  |TAMS 0x0000000099500000, 0x0000000099500000| Untracked 
| 406|0x0000000099600000, 0x0000000099600000, 0x0000000099700000|  0%| F|  |TAMS 0x0000000099600000, 0x0000000099600000| Untracked 
| 407|0x0000000099700000, 0x0000000099700000, 0x0000000099800000|  0%| F|  |TAMS 0x0000000099700000, 0x0000000099700000| Untracked 
|2046|0x00000000ffe00000, 0x00000000ffe75000, 0x00000000fff00000| 45%|OA|  |TAMS 0x00000000ffe75000, 0x00000000ffe00000| Untracked 
|2047|0x00000000fff00000, 0x00000000fff78000, 0x0000000100000000| 46%|CA|  |TAMS 0x00000000fff78000, 0x00000000fff00000| Untracked 

Card table byte_map: [0x00007f801d205000,0x00007f801d605000] _byte_map_base: 0x00007f801ce05000

Marking Bits (Prev, Next): (CMBitMap*) 0x00007f8018076680, (CMBitMap*) 0x00007f80180766c0
 Prev Bits: [0x00007f7fff511000, 0x00007f8001511000)
 Next Bits: [0x00007f7ffd511000, 0x00007f7fff511000)

Polling page: 0x00007f801f7c8000

Metaspace:

Usage:
  Non-class:    100.91 MB used.
      Class:     16.39 MB used.
       Both:    117.30 MB used.

Virtual space:
  Non-class space:      128.00 MB reserved,     101.69 MB ( 79%) committed,  2 nodes.
      Class space:      416.00 MB reserved,      17.06 MB (  4%) committed,  1 nodes.
             Both:      544.00 MB reserved,     118.75 MB ( 22%) committed. 

Chunk freelists:
   Non-Class:  10.06 MB
       Class:  14.97 MB
        Both:  25.03 MB

MaxMetaspaceSize: 512.00 MB
CompressedClassSpaceSize: 416.00 MB
Initial GC threshold: 21.00 MB
Current GC threshold: 195.62 MB
CDS: on
MetaspaceReclaimPolicy: balanced
 - commit_granule_bytes: 65536.
 - commit_granule_words: 8192.
 - virtual_space_node_default_size: 8388608.
 - enlarge_chunks_in_place: 1.
 - new_chunks_are_fully_committed: 0.
 - uncommit_free_chunks: 1.
 - use_allocation_guard: 0.
 - handle_deallocations: 1.


Internal statistics:

num_allocs_failed_limit: 21.
num_arena_births: 1880.
num_arena_deaths: 10.
num_vsnodes_births: 3.
num_vsnodes_deaths: 0.
num_space_committed: 1900.
num_space_uncommitted: 0.
num_chunks_returned_to_freelist: 51.
num_chunks_taken_from_freelist: 7524.
num_chunk_merges: 23.
num_chunk_splits: 4821.
num_chunks_enlarged: 3011.
num_inconsistent_stats: 0.

CodeHeap 'non-profiled nmethods': size=120036Kb used=8375Kb max_used=8375Kb free=111661Kb
 bounds [0x00007f8008fd8000, 0x00007f8009808000, 0x00007f8010511000]
CodeHeap 'profiled nmethods': size=120032Kb used=28145Kb max_used=28145Kb free=91886Kb
 bounds [0x00007f8001511000, 0x00007f8003091000, 0x00007f8008a49000]
CodeHeap 'non-nmethods': size=5692Kb used=2452Kb max_used=2547Kb free=3239Kb
 bounds [0x00007f8008a49000, 0x00007f8008ce9000, 0x00007f8008fd8000]
 total_blobs=16100 nmethods=15108 adapters=902
 compilation: enabled
              stopped_count=0, restarted_count=0
 full_count=0

Compilation events (20 events):
Event: 61.091 Thread 0x00007f80180e4a50 nmethod 18254 0x00007f8003083990 code [0x00007f8003083b20, 0x00007f8003083cb0]
Event: 61.091 Thread 0x00007f80180e4a50 18255       2       org.apache.groovy.parser.antlr4.GroovyParser$StringLiteralContext::<init> (7 bytes)
Event: 61.091 Thread 0x00007f80180e4a50 nmethod 18255 0x00007f8003083d90 code [0x00007f8003083f20, 0x00007f80030840b0]
Event: 61.094 Thread 0x00007f80180e3520 nmethod 18244 0x00007f8009801c10 code [0x00007f8009801e00, 0x00007f80098029d0]
Event: 61.094 Thread 0x00007f80180e3520 18247       4       java.util.TimSort::gallopLeft (335 bytes)
Event: 61.102 Thread 0x00007f80180e4a50 18261   !   2       org.apache.groovy.parser.antlr4.GroovyParser::namePart (208 bytes)
Event: 61.103 Thread 0x00007f80180e4a50 nmethod 18261 0x00007f8003084190 code [0x00007f80030843e0, 0x00007f8003084980]
Event: 61.111 Thread 0x00007f80180e4a50 18263   !   2       org.apache.groovy.parser.antlr4.GroovyParser::rparen (98 bytes)
Event: 61.111 Thread 0x00007f80180e4a50 nmethod 18263 0x00007f8003084e90 code [0x00007f80030850a0, 0x00007f80030854f0]
Event: 61.111 Thread 0x00007f80180e4a50 18265       3       groovyjarjarantlr4.v4.runtime.atn.ParserATNSimulator::computeStartState (710 bytes)
Event: 61.114 Thread 0x00007f80180e4a50 nmethod 18265 0x00007f8003085810 code [0x00007f8003085f20, 0x00007f800308ae20]
Event: 61.114 Thread 0x00007f80180e4a50 18264       2       org.apache.groovy.parser.antlr4.GroovyParser$RparenContext::<init> (7 bytes)
Event: 61.115 Thread 0x00007f80180e4a50 nmethod 18264 0x00007f800308cc10 code [0x00007f800308cda0, 0x00007f800308cf30]
Event: 61.151 Thread 0x00007f80180e3520 nmethod 18247 0x00007f8009803010 code [0x00007f8009803280, 0x00007f80098045a8]
Event: 61.151 Thread 0x00007f80180e3520 18260       4       java.util.TimSort::countRunAndMakeAscending (128 bytes)
Event: 61.158 Thread 0x00007f80180e3520 nmethod 18260 0x00007f8009805010 code [0x00007f80098051c0, 0x00007f80098058d8]
Event: 61.158 Thread 0x00007f80180e3520 18245 %     4       groovyjarjarantlr4.v4.runtime.atn.LexerATNSimulator::getReachableConfigSet @ 77 (198 bytes)
Event: 61.158 Thread 0x00007f80180e4a50 18270 %     2       java.util.HashMap::keysToArray @ 46 (81 bytes)
Event: 61.159 Thread 0x00007f80180e4a50 nmethod 18270% 0x00007f800308d010 code [0x00007f800308d1c0, 0x00007f800308d590]
Event: 61.159 Thread 0x00007f80180e4a50 18271 %     3       groovyjarjarantlr4.v4.runtime.dfa.HashEdgeMap::size @ 13 (41 bytes)

GC Heap History (20 events):
Event: 30.479 GC heap after
{Heap after GC invocations=28 (full 0):
 garbage-first heap   total 419840K, used 78339K [0x0000000080000000, 0x0000000100000000)
  region size 1024K, 7 young (7168K), 7 survivors (7168K)
 Metaspace       used 84376K, committed 85312K, reserved 557056K
  class space    used 11982K, committed 12416K, reserved 425984K
}
Event: 37.292 GC heap before
{Heap before GC invocations=28 (full 0):
 garbage-first heap   total 419840K, used 322051K [0x0000000080000000, 0x0000000100000000)
  region size 1024K, 241 young (246784K), 7 survivors (7168K)
 Metaspace       used 89557K, committed 90624K, reserved 557056K
  class space    used 12526K, committed 13056K, reserved 425984K
}
Event: 37.383 GC heap after
{Heap after GC invocations=29 (full 0):
 garbage-first heap   total 419840K, used 97283K [0x0000000080000000, 0x0000000100000000)
  region size 1024K, 22 young (22528K), 22 survivors (22528K)
 Metaspace       used 89557K, committed 90624K, reserved 557056K
  class space    used 12526K, committed 13056K, reserved 425984K
}
Event: 40.181 GC heap before
{Heap before GC invocations=29 (full 0):
 garbage-first heap   total 419840K, used 320515K [0x0000000080000000, 0x0000000100000000)
  region size 1024K, 237 young (242688K), 22 survivors (22528K)
 Metaspace       used 96238K, committed 97472K, reserved 557056K
  class space    used 13262K, committed 13824K, reserved 425984K
}
Event: 40.275 GC heap after
{Heap after GC invocations=30 (full 0):
 garbage-first heap   total 419840K, used 108035K [0x0000000080000000, 0x0000000100000000)
  region size 1024K, 23 young (23552K), 23 survivors (23552K)
 Metaspace       used 96238K, committed 97472K, reserved 557056K
  class space    used 13262K, committed 13824K, reserved 425984K
}
Event: 44.874 GC heap before
{Heap before GC invocations=30 (full 0):
 garbage-first heap   total 419840K, used 337411K [0x0000000080000000, 0x0000000100000000)
  region size 1024K, 239 young (244736K), 23 survivors (23552K)
 Metaspace       used 105655K, committed 106880K, reserved 557056K
  class space    used 14593K, committed 15168K, reserved 425984K
}
Event: 44.962 GC heap after
{Heap after GC invocations=31 (full 0):
 garbage-first heap   total 419840K, used 122367K [0x0000000080000000, 0x0000000100000000)
  region size 1024K, 19 young (19456K), 19 survivors (19456K)
 Metaspace       used 105655K, committed 106880K, reserved 557056K
  class space    used 14593K, committed 15168K, reserved 425984K
}
Event: 48.381 GC heap before
{Heap before GC invocations=31 (full 0):
 garbage-first heap   total 419840K, used 257535K [0x0000000080000000, 0x0000000100000000)
  region size 1024K, 151 young (154624K), 19 survivors (19456K)
 Metaspace       used 113209K, committed 114368K, reserved 557056K
  class space    used 15804K, committed 16320K, reserved 425984K
}
Event: 48.450 GC heap after
{Heap after GC invocations=32 (full 0):
 garbage-first heap   total 419840K, used 128003K [0x0000000080000000, 0x0000000100000000)
  region size 1024K, 16 young (16384K), 16 survivors (16384K)
 Metaspace       used 113209K, committed 114368K, reserved 557056K
  class space    used 15804K, committed 16320K, reserved 425984K
}
Event: 52.647 GC heap before
{Heap before GC invocations=33 (full 0):
 garbage-first heap   total 419840K, used 338947K [0x0000000080000000, 0x0000000100000000)
  region size 1024K, 222 young (227328K), 16 survivors (16384K)
 Metaspace       used 118397K, committed 119680K, reserved 557056K
  class space    used 16581K, committed 17152K, reserved 425984K
}
Event: 52.688 GC heap after
{Heap after GC invocations=34 (full 0):
 garbage-first heap   total 419840K, used 139779K [0x0000000080000000, 0x0000000100000000)
  region size 1024K, 16 young (16384K), 16 survivors (16384K)
 Metaspace       used 118397K, committed 119680K, reserved 557056K
  class space    used 16581K, committed 17152K, reserved 425984K
}
Event: 52.885 GC heap before
{Heap before GC invocations=34 (full 0):
 garbage-first heap   total 419840K, used 142851K [0x0000000080000000, 0x0000000100000000)
  region size 1024K, 20 young (20480K), 16 survivors (16384K)
 Metaspace       used 118471K, committed 119808K, reserved 557056K
  class space    used 16595K, committed 17216K, reserved 425984K
}
Event: 52.971 GC heap after
{Heap after GC invocations=35 (full 0):
 garbage-first heap   total 419840K, used 140340K [0x0000000080000000, 0x0000000100000000)
  region size 1024K, 1 young (1024K), 1 survivors (1024K)
 Metaspace       used 118471K, committed 119808K, reserved 557056K
  class space    used 16595K, committed 17216K, reserved 425984K
}
Event: 53.792 GC heap before
{Heap before GC invocations=35 (full 0):
 garbage-first heap   total 419840K, used 340020K [0x0000000080000000, 0x0000000100000000)
  region size 1024K, 196 young (200704K), 1 survivors (1024K)
 Metaspace       used 118542K, committed 119872K, reserved 557056K
  class space    used 16595K, committed 17216K, reserved 425984K
}
Event: 53.865 GC heap after
{Heap after GC invocations=36 (full 0):
 garbage-first heap   total 419840K, used 145309K [0x0000000080000000, 0x0000000100000000)
  region size 1024K, 6 young (6144K), 6 survivors (6144K)
 Metaspace       used 118542K, committed 119872K, reserved 557056K
  class space    used 16595K, committed 17216K, reserved 425984K
}
Event: 57.183 GC heap before
{Heap before GC invocations=37 (full 0):
 garbage-first heap   total 419840K, used 343965K [0x0000000080000000, 0x0000000100000000)
  region size 1024K, 201 young (205824K), 6 survivors (6144K)
 Metaspace       used 119670K, committed 121088K, reserved 557056K
  class space    used 16724K, committed 17344K, reserved 425984K
}
Event: 57.264 GC heap after
{Heap after GC invocations=38 (full 0):
 garbage-first heap   total 419840K, used 155174K [0x0000000080000000, 0x0000000100000000)
  region size 1024K, 16 young (16384K), 16 survivors (16384K)
 Metaspace       used 119670K, committed 121088K, reserved 557056K
  class space    used 16724K, committed 17344K, reserved 425984K
}
Event: 57.272 GC heap before
{Heap before GC invocations=38 (full 0):
 garbage-first heap   total 419840K, used 159270K [0x0000000080000000, 0x0000000100000000)
  region size 1024K, 20 young (20480K), 16 survivors (16384K)
 Metaspace       used 119671K, committed 121088K, reserved 557056K
  class space    used 16724K, committed 17344K, reserved 425984K
}
Event: 57.348 GC heap after
{Heap after GC invocations=39 (full 0):
 garbage-first heap   total 419840K, used 155101K [0x0000000080000000, 0x0000000100000000)
  region size 1024K, 1 young (1024K), 1 survivors (1024K)
 Metaspace       used 119671K, committed 121088K, reserved 557056K
  class space    used 16724K, committed 17344K, reserved 425984K
}
Event: 61.169 GC heap before
{Heap before GC invocations=39 (full 0):
 garbage-first heap   total 419840K, used 347613K [0x0000000080000000, 0x0000000100000000)
  region size 1024K, 186 young (190464K), 1 survivors (1024K)
 Metaspace       used 120115K, committed 121600K, reserved 557056K
  class space    used 16786K, committed 17472K, reserved 425984K
}

Dll operation events (14 events):
Event: 0.006 Loaded shared library /usr/lib/jvm/java-17-openjdk-amd64/lib/libjava.so
Event: 0.064 Loaded shared library /usr/lib/jvm/java-17-openjdk-amd64/lib/libjsvml.so
Event: 0.152 Loaded shared library /usr/lib/jvm/java-17-openjdk-amd64/lib/libzip.so
Event: 0.153 Loaded shared library /usr/lib/jvm/java-17-openjdk-amd64/lib/libinstrument.so
Event: 0.155 Loaded shared library /usr/lib/jvm/java-17-openjdk-amd64/lib/libnio.so
Event: 0.158 Loaded shared library /usr/lib/jvm/java-17-openjdk-amd64/lib/libzip.so
Event: 0.376 Loaded shared library /usr/lib/jvm/java-17-openjdk-amd64/lib/libjimage.so
Event: 0.654 Loaded shared library /usr/lib/jvm/java-17-openjdk-amd64/lib/libverify.so
Event: 0.792 Loaded shared library /usr/lib/jvm/java-17-openjdk-amd64/lib/libnet.so
Event: 0.793 Loaded shared library /root/.gradle/native/1def1411415f61bf3af743bc5b6707747c0891f09f0c88961ee8f79bc544acac/linux-amd64/libnative-platform.so
Event: 0.859 Loaded shared library /root/.gradle/native/0.2.7/x86_64-linux-gnu/libgradle-fileevents.so
Event: 2.591 Loaded shared library /usr/lib/jvm/java-17-openjdk-amd64/lib/libmanagement.so
Event: 2.593 Loaded shared library /usr/lib/jvm/java-17-openjdk-amd64/lib/libmanagement_ext.so
Event: 2.777 Loaded shared library /usr/lib/jvm/java-17-openjdk-amd64/lib/libextnet.so

Deoptimization events (20 events):
Event: 60.855 Thread 0x00007f7fb800ccf0 DEOPT PACKING pc=0x00007f8009716a58 sp=0x00007f7ffc258f80
Event: 60.855 Thread 0x00007f7fb800ccf0 DEOPT UNPACKING pc=0x00007f8008aa2b19 sp=0x00007f7ffc258ea0 mode 2
Event: 61.088 Thread 0x00007f7fb800ccf0 DEOPT PACKING pc=0x00007f8002a0faf2 sp=0x00007f7ffc2561f0
Event: 61.089 Thread 0x00007f7fb800ccf0 DEOPT UNPACKING pc=0x00007f8008aa364f sp=0x00007f7ffc255710 mode 0
Event: 61.089 Thread 0x00007f7fb800ccf0 DEOPT PACKING pc=0x00007f8002a0faf2 sp=0x00007f7ffc256190
Event: 61.089 Thread 0x00007f7fb800ccf0 DEOPT UNPACKING pc=0x00007f8008aa364f sp=0x00007f7ffc2556b0 mode 0
Event: 61.110 Thread 0x00007f7fb800ccf0 Uncommon trap: trap_request=0xffffff76 fr.pc=0x00007f8009798c04 relative=0x0000000000000264
Event: 61.110 Thread 0x00007f7fb800ccf0 Uncommon trap: reason=predicate action=maybe_recompile pc=0x00007f8009798c04 method=java.util.HashMap.keysToArray([Ljava/lang/Object;)[Ljava/lang/Object; @ 48 c2
Event: 61.110 Thread 0x00007f7fb800ccf0 DEOPT PACKING pc=0x00007f8009798c04 sp=0x00007f7ffc2554a0
Event: 61.110 Thread 0x00007f7fb800ccf0 DEOPT UNPACKING pc=0x00007f8008aa2b19 sp=0x00007f7ffc255448 mode 2
Event: 61.111 Thread 0x00007f7fb800ccf0 DEOPT PACKING pc=0x00007f8002a26e6c sp=0x00007f7ffc2555a0
Event: 61.111 Thread 0x00007f7fb800ccf0 DEOPT UNPACKING pc=0x00007f8008aa364f sp=0x00007f7ffc254c30 mode 0
Event: 61.121 Thread 0x00007f7fb800ccf0 DEOPT PACKING pc=0x00007f8002a0faf2 sp=0x00007f7ffc255e80
Event: 61.121 Thread 0x00007f7fb800ccf0 DEOPT UNPACKING pc=0x00007f8008aa364f sp=0x00007f7ffc2553a0 mode 0
Event: 61.149 Thread 0x00007f7fb800ccf0 DEOPT PACKING pc=0x00007f8002a0faf2 sp=0x00007f7ffc256190
Event: 61.149 Thread 0x00007f7fb800ccf0 DEOPT UNPACKING pc=0x00007f8008aa364f sp=0x00007f7ffc2556b0 mode 0
Event: 61.158 Thread 0x00007f7fb800ccf0 DEOPT PACKING pc=0x00007f8002a0faf2 sp=0x00007f7ffc256260
Event: 61.158 Thread 0x00007f7fb800ccf0 DEOPT UNPACKING pc=0x00007f8008aa364f sp=0x00007f7ffc255780 mode 0
Event: 61.163 Thread 0x00007f7fb800ccf0 DEOPT PACKING pc=0x00007f8002a0faf2 sp=0x00007f7ffc2561f0
Event: 61.163 Thread 0x00007f7fb800ccf0 DEOPT UNPACKING pc=0x00007f8008aa364f sp=0x00007f7ffc255710 mode 0

Classes loaded (20 events):
Event: 57.485 Loading class java/time/ext$AsyncStorageConfig
Event: 57.485 Loading class java/time/ext$AsyncStorageConfig done
Event: 57.850 Loading class sun/nio/fs/UnixPathBeanInfo
Event: 57.850 Loading class sun/nio/fs/UnixPathBeanInfo done
Event: 57.850 Loading class sun/nio/fs/UnixPathBeanInfo
Event: 57.850 Loading class sun/nio/fs/UnixPathBeanInfo done
Event: 57.851 Loading class sun/nio/fs/UnixPathCustomizer
Event: 57.851 Loading class sun/nio/fs/UnixPathCustomizer done
Event: 57.851 Loading class sun/nio/fs/UnixPathCustomizer
Event: 57.851 Loading class sun/nio/fs/UnixPathCustomizer done
Event: 57.856 Loading class java/nio/file/WatchEvent
Event: 57.858 Loading class java/nio/file/WatchEvent done
Event: 57.861 Loading class java/nio/file/PathsBeanInfo
Event: 57.861 Loading class java/nio/file/PathsBeanInfo done
Event: 57.861 Loading class java/nio/file/PathsBeanInfo
Event: 57.861 Loading class java/nio/file/PathsBeanInfo done
Event: 57.861 Loading class java/nio/file/PathsCustomizer
Event: 57.861 Loading class java/nio/file/PathsCustomizer done
Event: 57.861 Loading class java/nio/file/PathsCustomizer
Event: 57.861 Loading class java/nio/file/PathsCustomizer done

Classes unloaded (20 events):
Event: 54.688 Thread 0x00007f80180d30d0 Unloading class 0x00007f7fc7069000 '_BuildScript_$_run_closure2$_closure6'
Event: 54.688 Thread 0x00007f80180d30d0 Unloading class 0x00007f7fc7060c00 '_BuildScript_$_run_closure2$_closure5'
Event: 54.688 Thread 0x00007f80180d30d0 Unloading class 0x00007f7fc7068930 '_BuildScript_$_run_closure2'
Event: 54.688 Thread 0x00007f80180d30d0 Unloading class 0x00007f7fc7068540 '_BuildScript_$_run_closure1'
Event: 54.688 Thread 0x00007f80180d30d0 Unloading class 0x00007f7fc7068000 '_BuildScript_'
Event: 54.688 Thread 0x00007f80180d30d0 Unloading class 0x00007f7fc6ce03f0 '_BuildScript_$_run_closure4'
Event: 54.688 Thread 0x00007f80180d30d0 Unloading class 0x00007f7fc6ce0000 '_BuildScript_$_run_closure3$_closure14'
Event: 54.688 Thread 0x00007f80180d30d0 Unloading class 0x00007f7fc6cdbb90 '_BuildScript_$_run_closure3'
Event: 54.688 Thread 0x00007f80180d30d0 Unloading class 0x00007f7fc6cdb7a0 '_BuildScript_$_run_closure2$_closure9'
Event: 54.688 Thread 0x00007f80180d30d0 Unloading class 0x00007f7fc6cdb3b0 '_BuildScript_$_run_closure2$_closure8$_closure13'
Event: 54.688 Thread 0x00007f80180d30d0 Unloading class 0x00007f7fc6cdafc0 '_BuildScript_$_run_closure2$_closure8'
Event: 54.688 Thread 0x00007f80180d30d0 Unloading class 0x00007f7fc6cdabd0 '_BuildScript_$_run_closure2$_closure7$_closure12'
Event: 54.688 Thread 0x00007f80180d30d0 Unloading class 0x00007f7fc6cda7e0 '_BuildScript_$_run_closure2$_closure7$_closure11'
Event: 54.688 Thread 0x00007f80180d30d0 Unloading class 0x00007f7fc6cda3f0 '_BuildScript_$_run_closure2$_closure7'
Event: 54.688 Thread 0x00007f80180d30d0 Unloading class 0x00007f7fc6cda000 '_BuildScript_$_run_closure2$_closure6$_closure10'
Event: 54.688 Thread 0x00007f80180d30d0 Unloading class 0x00007f7fc6cd9bd0 '_BuildScript_$_run_closure2$_closure6'
Event: 54.688 Thread 0x00007f80180d30d0 Unloading class 0x00007f7fc6cd97e0 '_BuildScript_$_run_closure2$_closure5'
Event: 54.688 Thread 0x00007f80180d30d0 Unloading class 0x00007f7fc6cd93f0 '_BuildScript_$_run_closure2'
Event: 54.688 Thread 0x00007f80180d30d0 Unloading class 0x00007f7fc6cd9000 '_BuildScript_$_run_closure1'
Event: 54.688 Thread 0x00007f80180d30d0 Unloading class 0x00007f7fc6cd8800 '_BuildScript_'

Classes redefined (0 events):
No events

Internal exceptions (20 events):
Event: 57.681 Thread 0x00007f7fb800ccf0 Exception <a 'java/lang/ClassNotFoundException'{0x0000000096a47538}: org/gradle/api/internal/AbstractValidatingNamedDomainObjectContainerBeanInfo> (0x0000000096a47538) 
thrown [./src/hotspot/share/classfile/systemDictionary.cpp, line 257]
Event: 57.682 Thread 0x00007f7fb800ccf0 Exception <a 'java/lang/ClassNotFoundException'{0x0000000096a61c08}: org/gradle/api/internal/AbstractValidatingNamedDomainObjectContainerCustomizer> (0x0000000096a61c08) 
thrown [./src/hotspot/share/classfile/systemDictionary.cpp, line 257]
Event: 57.683 Thread 0x00007f7fb800ccf0 Exception <a 'java/lang/ClassNotFoundException'{0x0000000096a8dc68}: org/gradle/api/internal/artifacts/configurations/DefaultConfigurationContainerCustomizer> (0x0000000096a8dc68) 
thrown [./src/hotspot/share/classfile/systemDictionary.cpp, line 257]
Event: 57.685 Thread 0x00007f7fb800ccf0 Exception <a 'java/lang/ClassNotFoundException'{0x00000000969825e8}: org/gradle/api/internal/artifacts/configurations/DefaultConfigurationContainer_DecoratedCustomizer> (0x00000000969825e8) 
thrown [./src/hotspot/share/classfile/systemDictionary.cpp, line 257]
Event: 57.761 Thread 0x00007f7fb800ccf0 Exception <a 'java/lang/ClassNotFoundException'{0x00000000967d80b0}: org/gradle/internal/logging/slf4j/OutputEventListenerBackedLoggerBeanInfo> (0x00000000967d80b0) 
thrown [./src/hotspot/share/classfile/systemDictionary.cpp, line 257]
Event: 57.762 Thread 0x00007f7fb800ccf0 Exception <a 'java/lang/ClassNotFoundException'{0x00000000967efd30}: org/gradle/internal/logging/slf4j/BuildOperationAwareLoggerBeanInfo> (0x00000000967efd30) 
thrown [./src/hotspot/share/classfile/systemDictionary.cpp, line 257]
Event: 57.762 Thread 0x00007f7fb800ccf0 Exception <a 'java/lang/ClassNotFoundException'{0x0000000096607488}: org/gradle/internal/logging/slf4j/BuildOperationAwareLoggerCustomizer> (0x0000000096607488) 
thrown [./src/hotspot/share/classfile/systemDictionary.cpp, line 257]
Event: 57.764 Thread 0x00007f7fb800ccf0 Exception <a 'java/lang/ClassNotFoundException'{0x0000000096650050}: org/gradle/internal/logging/slf4j/OutputEventListenerBackedLoggerCustomizer> (0x0000000096650050) 
thrown [./src/hotspot/share/classfile/systemDictionary.cpp, line 257]
Event: 57.772 Thread 0x00007f7fb800ccf0 Exception <a 'java/lang/ClassNotFoundException'{0x00000000966ed940}: com/android/VersionBeanInfo> (0x00000000966ed940) 
thrown [./src/hotspot/share/classfile/systemDictionary.cpp, line 257]
Event: 57.773 Thread 0x00007f7fb800ccf0 Exception <a 'java/lang/ClassNotFoundException'{0x00000000966fee20}: com/android/VersionCustomizer> (0x00000000966fee20) 
thrown [./src/hotspot/share/classfile/systemDictionary.cpp, line 257]
Event: 57.788 Thread 0x00007f7fb800ccf0 Exception <a 'java/lang/ClassNotFoundException'{0x0000000096493848}: com/android/build/gradle/internal/dsl/LintOptions_DecoratedBeanInfo> (0x0000000096493848) 
thrown [./src/hotspot/share/classfile/systemDictionary.cpp, line 257]
Event: 57.788 Thread 0x00007f7fb800ccf0 Exception <a 'java/lang/ClassNotFoundException'{0x00000000964a9880}: com/android/build/gradle/internal/dsl/LintOptionsBeanInfo> (0x00000000964a9880) 
thrown [./src/hotspot/share/classfile/systemDictionary.cpp, line 257]
Event: 57.789 Thread 0x00007f7fb800ccf0 Exception <a 'java/lang/ClassNotFoundException'{0x00000000964bf8b8}: com/android/build/gradle/internal/dsl/LintOptionsCustomizer> (0x00000000964bf8b8) 
thrown [./src/hotspot/share/classfile/systemDictionary.cpp, line 257]
Event: 57.790 Thread 0x00007f7fb800ccf0 Exception <a 'java/lang/ClassNotFoundException'{0x0000000096314100}: com/android/build/gradle/internal/dsl/LintOptions_DecoratedCustomizer> (0x0000000096314100) 
thrown [./src/hotspot/share/classfile/systemDictionary.cpp, line 257]
Event: 57.850 Thread 0x00007f7fb800ccf0 Exception <a 'java/lang/ClassNotFoundException'{0x0000000096231158}: sun/nio/fs/UnixPathBeanInfo> (0x0000000096231158) 
thrown [./src/hotspot/share/classfile/systemDictionary.cpp, line 257]
Event: 57.851 Thread 0x00007f7fb800ccf0 Exception <a 'java/lang/ClassNotFoundException'{0x00000000962401c0}: sun/nio/fs/UnixPathCustomizer> (0x00000000962401c0) 
thrown [./src/hotspot/share/classfile/systemDictionary.cpp, line 257]
Event: 57.861 Thread 0x00007f7fb800ccf0 Exception <a 'java/lang/ClassNotFoundException'{0x00000000962ba490}: java/nio/file/PathsBeanInfo> (0x00000000962ba490) 
thrown [./src/hotspot/share/classfile/systemDictionary.cpp, line 257]
Event: 57.861 Thread 0x00007f7fb800ccf0 Exception <a 'java/lang/ClassNotFoundException'{0x00000000962c9250}: java/nio/file/PathsCustomizer> (0x00000000962c9250) 
thrown [./src/hotspot/share/classfile/systemDictionary.cpp, line 257]
Event: 57.975 Thread 0x00007f7fb800ccf0 Exception <a 'java/lang/ClassNotFoundException'{0x0000000095ef5cb8}: build_29saqyxj67dsvukl3rfru1j02BeanInfo> (0x0000000095ef5cb8) 
thrown [./src/hotspot/share/classfile/systemDictionary.cpp, line 257]
Event: 57.976 Thread 0x00007f7fb800ccf0 Exception <a 'java/lang/ClassNotFoundException'{0x0000000095efd0e8}: build_29saqyxj67dsvukl3rfru1j02Customizer> (0x0000000095efd0e8) 
thrown [./src/hotspot/share/classfile/systemDictionary.cpp, line 257]

VM Operations (20 events):
Event: 54.770 Executing VM operation: G1PauseRemark done
Event: 55.171 Executing VM operation: G1PauseCleanup
Event: 55.174 Executing VM operation: G1PauseCleanup done
Event: 55.864 Executing VM operation: HandshakeAllThreads
Event: 55.866 Executing VM operation: HandshakeAllThreads done
Event: 55.966 Executing VM operation: ICBufferFull
Event: 55.967 Executing VM operation: ICBufferFull done
Event: 56.967 Executing VM operation: Cleanup
Event: 56.968 Executing VM operation: Cleanup done
Event: 57.179 Executing VM operation: G1CollectForAllocation
Event: 57.264 Executing VM operation: G1CollectForAllocation done
Event: 57.272 Executing VM operation: G1CollectForAllocation
Event: 57.348 Executing VM operation: G1CollectForAllocation done
Event: 58.348 Executing VM operation: Cleanup
Event: 58.349 Executing VM operation: Cleanup done
Event: 59.351 Executing VM operation: Cleanup
Event: 59.354 Executing VM operation: Cleanup done
Event: 60.249 Executing VM operation: HandshakeAllThreads
Event: 60.250 Executing VM operation: HandshakeAllThreads done
Event: 61.164 Executing VM operation: G1CollectForAllocation

Memory protections (20 events):
Event: 24.353 Protecting memory [0x00007f7fc4cfe000,0x00007f7fc4d02000] with protection modes 0
Event: 24.371 Protecting memory [0x00007f7fc4bfd000,0x00007f7fc4c01000] with protection modes 0
Event: 24.371 Protecting memory [0x00007f7fc4afc000,0x00007f7fc4b00000] with protection modes 0
Event: 24.959 Protecting memory [0x00007f7fc49fb000,0x00007f7fc49ff000] with protection modes 0
Event: 24.994 Protecting memory [0x00007f7fc48fa000,0x00007f7fc48fe000] with protection modes 0
Event: 25.091 Protecting memory [0x00007f7fc47f9000,0x00007f7fc47fd000] with protection modes 0
Event: 25.169 Protecting memory [0x00007f7fc46f8000,0x00007f7fc46fc000] with protection modes 0
Event: 25.196 Protecting memory [0x00007f7fc45f7000,0x00007f7fc45fb000] with protection modes 0
Event: 25.196 Protecting memory [0x00007f7fc44f6000,0x00007f7fc44fa000] with protection modes 0
Event: 25.290 Protecting memory [0x00007f7fc43f5000,0x00007f7fc43f9000] with protection modes 0
Event: 25.585 Protecting memory [0x00007f7fc42f4000,0x00007f7fc42f8000] with protection modes 0
Event: 25.663 Protecting memory [0x00007f7fc41f3000,0x00007f7fc41f7000] with protection modes 0
Event: 25.764 Protecting memory [0x00007f7fc40f2000,0x00007f7fc40f6000] with protection modes 0
Event: 26.755 Protecting memory [0x00007f7f9bf00000,0x00007f7f9bf04000] with protection modes 0
Event: 29.262 Protecting memory [0x00007f7f9bdff000,0x00007f7f9be03000] with protection modes 0
Event: 29.672 Protecting memory [0x00007f7f9bcfe000,0x00007f7f9bd02000] with protection modes 0
Event: 32.972 Protecting memory [0x00007f7f9bbfd000,0x00007f7f9bc01000] with protection modes 0
Event: 33.387 Protecting memory [0x00007f7f9bafc000,0x00007f7f9bb00000] with protection modes 0
Event: 36.892 Protecting memory [0x00007f7f9b9fb000,0x00007f7f9b9ff000] with protection modes 0
Event: 42.198 Protecting memory [0x00007f7f9b8fa000,0x00007f7f9b8fe000] with protection modes 0

Nmethod flushes (20 events):
Event: 46.591 Thread 0x00007f80180e5ec0 flushing  nmethod 0x00007f8002b8fa10
Event: 46.591 Thread 0x00007f80180e5ec0 flushing  nmethod 0x00007f8002b94a10
Event: 46.591 Thread 0x00007f80180e5ec0 flushing  nmethod 0x00007f8002b99110
Event: 46.591 Thread 0x00007f80180e5ec0 flushing  nmethod 0x00007f8002b99510
Event: 46.591 Thread 0x00007f80180e5ec0 flushing  nmethod 0x00007f8002b99b90
Event: 46.591 Thread 0x00007f80180e5ec0 flushing osr nmethod 0x00007f8002b9d890
Event: 46.591 Thread 0x00007f80180e5ec0 flushing  nmethod 0x00007f8002b9f110
Event: 46.591 Thread 0x00007f80180e5ec0 flushing  nmethod 0x00007f8002b9fe10
Event: 46.591 Thread 0x00007f80180e5ec0 flushing  nmethod 0x00007f8002ba3910
Event: 46.591 Thread 0x00007f80180e5ec0 flushing  nmethod 0x00007f8002ba8c90
Event: 46.591 Thread 0x00007f80180e5ec0 flushing  nmethod 0x00007f8002ba9810
Event: 46.591 Thread 0x00007f80180e5ec0 flushing  nmethod 0x00007f8002bb1e90
Event: 46.591 Thread 0x00007f80180e5ec0 flushing  nmethod 0x00007f8002bd3890
Event: 46.591 Thread 0x00007f80180e5ec0 flushing  nmethod 0x00007f8002c54f10
Event: 46.592 Thread 0x00007f80180e5ec0 flushing  nmethod 0x00007f8002c9fd90
Event: 46.592 Thread 0x00007f80180e5ec0 flushing  nmethod 0x00007f8002ceb610
Event: 46.592 Thread 0x00007f80180e5ec0 flushing  nmethod 0x00007f8002d26c90
Event: 55.889 Thread 0x00007f80180e5ec0 flushing  nmethod 0x00007f800219bd90
Event: 55.890 Thread 0x00007f80180e5ec0 flushing  nmethod 0x00007f8002213a90
Event: 55.896 Thread 0x00007f80180e5ec0 flushing  nmethod 0x00007f800250e910

Events (20 events):
Event: 24.351 Thread 0x00007f7fe9e80b50 Thread added: 0x00007f7ff0006d30
Event: 24.370 Thread 0x00007f7fe9e817f0 Thread added: 0x00007f7ff8051fd0
Event: 24.371 Thread 0x00007f7fe9e80b50 Thread added: 0x00007f7ff00125c0
Event: 24.955 Thread 0x00007f7fe9e817f0 Thread added: 0x00007f7ff8064300
Event: 24.993 Thread 0x00007f7fe9e80b50 Thread added: 0x00007f7ff0027900
Event: 25.091 Thread 0x00007f7fe9e80b50 Thread added: 0x00007f7ff002f350
Event: 25.169 Thread 0x00007f7fe9e817f0 Thread added: 0x00007f7ff8065ea0
Event: 25.196 Thread 0x00007f7fe9e80b50 Thread added: 0x00007f7ff00341e0
Event: 25.196 Thread 0x00007f7fe9e817f0 Thread added: 0x00007f7ff8067e00
Event: 25.289 Thread 0x00007f7fe9e80b50 Thread added: 0x00007f7ff0037600
Event: 25.579 Thread 0x00007f7fe9e817f0 Thread added: 0x00007f7ff807f410
Event: 25.662 Thread 0x00007f7fe9e817f0 Thread added: 0x00007f7ff805d420
Event: 25.764 Thread 0x00007f7fe9e80b50 Thread added: 0x00007f7ff0058730
Event: 26.754 Thread 0x00007f7fb800ccf0 Thread added: 0x00007f7fe9a653f0
Event: 29.262 Thread 0x00007f7fb800ccf0 Thread added: 0x00007f7fe9864130
Event: 29.667 Thread 0x00007f7fb800ccf0 Thread added: 0x00007f7fe9c12af0
Event: 32.972 Thread 0x00007f7fb800ccf0 Thread added: 0x00007f7fe9c868b0
Event: 33.387 Thread 0x00007f7fe9e817f0 Thread added: 0x00007f7ff803a930
Event: 36.879 Thread 0x00007f7fb800ccf0 Thread added: 0x00007f7fea1f8e00
Event: 42.197 Thread 0x00007f7fb800ccf0 Thread added: 0x00007f7fea8b3860


Dynamic libraries:
80000000-99800000 rw-p 00000000 00:00 0 
c2800000-ffe00000 ---p 00000000 00:00 0 
ffe00000-ffe75000 rw-p 00c7a000 fe:00 282978                             /usr/lib/jvm/java-17-openjdk-amd64/lib/server/classes.jsa
ffe75000-fff00000 rw-p 00000000 00:00 0 
fff00000-fff78000 rw-p 00c02000 fe:00 282978                             /usr/lib/jvm/java-17-openjdk-amd64/lib/server/classes.jsa
fff78000-100000000 rw-p 00000000 00:00 0 
55f9c7734000-55f9c7735000 r--p 00000000 fe:00 283164                     /usr/lib/jvm/java-17-openjdk-amd64/bin/java
55f9c7735000-55f9c7736000 r-xp 00001000 fe:00 283164                     /usr/lib/jvm/java-17-openjdk-amd64/bin/java
55f9c7736000-55f9c7737000 r--p 00002000 fe:00 283164                     /usr/lib/jvm/java-17-openjdk-amd64/bin/java
55f9c7737000-55f9c7738000 r--p 00002000 fe:00 283164                     /usr/lib/jvm/java-17-openjdk-amd64/bin/java
55f9c7738000-55f9c7739000 rw-p 00003000 fe:00 283164                     /usr/lib/jvm/java-17-openjdk-amd64/bin/java
55f9c9295000-55f9c92fd000 rw-p 00000000 00:00 0                          [heap]
7f7f9b66b000-7f7f9b8f9000 rw-p 00000000 00:00 0 
7f7f9b8f9000-7f7f9b8fa000 ---p 00000000 00:00 0 
7f7f9b8fa000-7f7f9b8fe000 ---p 00000000 00:00 0 
7f7f9b8fe000-7f7f9b9fa000 rw-p 00000000 00:00 0 
7f7f9b9fa000-7f7f9b9fb000 ---p 00000000 00:00 0 
7f7f9b9fb000-7f7f9b9ff000 ---p 00000000 00:00 0 
7f7f9b9ff000-7f7f9bafb000 rw-p 00000000 00:00 0 
7f7f9bafb000-7f7f9bafc000 ---p 00000000 00:00 0 
7f7f9bafc000-7f7f9bb00000 ---p 00000000 00:00 0 
7f7f9bb00000-7f7f9bbfc000 rw-p 00000000 00:00 0 
7f7f9bbfc000-7f7f9bbfd000 ---p 00000000 00:00 0 
7f7f9bbfd000-7f7f9bc01000 ---p 00000000 00:00 0 
7f7f9bc01000-7f7f9bcfd000 rw-p 00000000 00:00 0 
7f7f9bcfd000-7f7f9bcfe000 ---p 00000000 00:00 0 
7f7f9bcfe000-7f7f9bd02000 ---p 00000000 00:00 0 
7f7f9bd02000-7f7f9bdfe000 rw-p 00000000 00:00 0 
7f7f9bdfe000-7f7f9bdff000 ---p 00000000 00:00 0 
7f7f9bdff000-7f7f9be03000 ---p 00000000 00:00 0 
7f7f9be03000-7f7f9beff000 rw-p 00000000 00:00 0 
7f7f9beff000-7f7f9bf00000 ---p 00000000 00:00 0 
7f7f9bf00000-7f7f9bf04000 ---p 00000000 00:00 0 
7f7f9bf04000-7f7f9c900000 rw-p 00000000 00:00 0 
7f7f9c900000-7f7f9ca00000 rw-p 00000000 00:00 0 
7f7f9ca00000-7f7f9d180000 rw-p 00000000 00:00 0 
7f7f9d180000-7f7f9d200000 rw-p 00000000 00:00 0 
7f7f9d200000-7f7f9d980000 rw-p 00000000 00:00 0 
7f7f9d980000-7f7f9d9c0000 rw-p 00000000 00:00 0 
7f7f9d9c0000-7f7f9da00000 ---p 00000000 00:00 0 
7f7f9da00000-7f7f9e5f0000 rw-p 00000000 00:00 0 
7f7f9e5f0000-7f7fa0000000 ---p 00000000 00:00 0 
7f7fa0000000-7f7fa0cf4000 rw-p 00000000 00:00 0 
7f7fa0cf4000-7f7fa4000000 ---p 00000000 00:00 0 
7f7fa4000000-7f7fa4021000 rw-p 00000000 00:00 0 
7f7fa4021000-7f7fa8000000 ---p 00000000 00:00 0 
7f7fa8000000-7f7fa8034000 rw-p 00000000 00:00 0 
7f7fa8034000-7f7fac000000 ---p 00000000 00:00 0 
7f7fac000000-7f7fade73000 rw-p 00000000 00:00 0 
7f7fade73000-7f7fb0000000 ---p 00000000 00:00 0 
7f7fb0000000-7f7fb0055000 rw-p 00000000 00:00 0 
7f7fb0055000-7f7fb4000000 ---p 00000000 00:00 0 
7f7fb4000000-7f7fb409c000 rw-p 00000000 00:00 0 
7f7fb409c000-7f7fb8000000 ---p 00000000 00:00 0 
7f7fb8000000-7f7fb803d000 rw-p 00000000 00:00 0 
7f7fb803d000-7f7fbc000000 ---p 00000000 00:00 0 
7f7fbc000000-7f7fbc02f000 rw-p 00000000 00:00 0 
7f7fbc02f000-7f7fc0000000 ---p 00000000 00:00 0 
7f7fc0000000-7f7fc0296000 rw-p 00000000 00:00 0 
7f7fc0296000-7f7fc4000000 ---p 00000000 00:00 0 
7f7fc40f1000-7f7fc40f2000 ---p 00000000 00:00 0 
7f7fc40f2000-7f7fc40f6000 ---p 00000000 00:00 0 
7f7fc40f6000-7f7fc41f2000 rw-p 00000000 00:00 0 
7f7fc41f2000-7f7fc41f3000 ---p 00000000 00:00 0 
7f7fc41f3000-7f7fc41f7000 ---p 00000000 00:00 0 
7f7fc41f7000-7f7fc42f3000 rw-p 00000000 00:00 0 
7f7fc42f3000-7f7fc42f4000 ---p 00000000 00:00 0 
7f7fc42f4000-7f7fc42f8000 ---p 00000000 00:00 0 
7f7fc42f8000-7f7fc43f4000 rw-p 00000000 00:00 0 
7f7fc43f4000-7f7fc43f5000 ---p 00000000 00:00 0 
7f7fc43f5000-7f7fc43f9000 ---p 00000000 00:00 0 
7f7fc43f9000-7f7fc44f5000 rw-p 00000000 00:00 0 
7f7fc44f5000-7f7fc44f6000 ---p 00000000 00:00 0 
7f7fc44f6000-7f7fc44fa000 ---p 00000000 00:00 0 
7f7fc44fa000-7f7fc45f6000 rw-p 00000000 00:00 0 
7f7fc45f6000-7f7fc45f7000 ---p 00000000 00:00 0 
7f7fc45f7000-7f7fc45fb000 ---p 00000000 00:00 0 
7f7fc45fb000-7f7fc46f7000 rw-p 00000000 00:00 0 
7f7fc46f7000-7f7fc46f8000 ---p 00000000 00:00 0 
7f7fc46f8000-7f7fc46fc000 ---p 00000000 00:00 0 
7f7fc46fc000-7f7fc47f8000 rw-p 00000000 00:00 0 
7f7fc47f8000-7f7fc47f9000 ---p 00000000 00:00 0 
7f7fc47f9000-7f7fc47fd000 ---p 00000000 00:00 0 
7f7fc47fd000-7f7fc48f9000 rw-p 00000000 00:00 0 
7f7fc48f9000-7f7fc48fa000 ---p 00000000 00:00 0 
7f7fc48fa000-7f7fc48fe000 ---p 00000000 00:00 0 
7f7fc48fe000-7f7fc49fa000 rw-p 00000000 00:00 0 
7f7fc49fa000-7f7fc49fb000 ---p 00000000 00:00 0 
7f7fc49fb000-7f7fc49ff000 ---p 00000000 00:00 0 
7f7fc49ff000-7f7fc4afb000 rw-p 00000000 00:00 0 
7f7fc4afb000-7f7fc4afc000 ---p 00000000 00:00 0 
7f7fc4afc000-7f7fc4b00000 ---p 00000000 00:00 0 
7f7fc4b00000-7f7fc4bfc000 rw-p 00000000 00:00 0 
7f7fc4bfc000-7f7fc4bfd000 ---p 00000000 00:00 0 
7f7fc4bfd000-7f7fc4c01000 ---p 00000000 00:00 0 
7f7fc4c01000-7f7fc4cfd000 rw-p 00000000 00:00 0 
7f7fc4cfd000-7f7fc4cfe000 ---p 00000000 00:00 0 
7f7fc4cfe000-7f7fc4d02000 ---p 00000000 00:00 0 
7f7fc4d02000-7f7fc4dfe000 rw-p 00000000 00:00 0 
7f7fc4dfe000-7f7fc4dff000 ---p 00000000 00:00 0 
7f7fc4dff000-7f7fc4e03000 ---p 00000000 00:00 0 
7f7fc4e03000-7f7fc4eff000 rw-p 00000000 00:00 0 
7f7fc4eff000-7f7fc4f00000 ---p 00000000 00:00 0 
7f7fc4f00000-7f7fc4f04000 ---p 00000000 00:00 0 
7f7fc4f04000-7f7fc5000000 rw-p 00000000 00:00 0 
7f7fc5000000-7f7fc5455000 rw-p 00001000 fe:00 282978                     /usr/lib/jvm/java-17-openjdk-amd64/lib/server/classes.jsa
7f7fc5455000-7f7fc5bca000 rw-p 00456000 fe:00 282978                     /usr/lib/jvm/java-17-openjdk-amd64/lib/server/classes.jsa
7f7fc5bca000-7f7fc6000000 ---p 00000000 00:00 0 
7f7fc6000000-7f7fc6040000 rw-p 00000000 00:00 0 
7f7fc6040000-7f7fc6080000 rw-p 00000000 00:00 0 
7f7fc6080000-7f7fc6140000 rw-p 00000000 00:00 0 
7f7fc6140000-7f7fc6180000 rw-p 00000000 00:00 0 
7f7fc6180000-7f7fc63e0000 rw-p 00000000 00:00 0 
7f7fc63e0000-7f7fc6440000 rw-p 00000000 00:00 0 
7f7fc6440000-7f7fc6480000 rw-p 00000000 00:00 0 
7f7fc6480000-7f7fc68c0000 rw-p 00000000 00:00 0 
7f7fc68c0000-7f7fc6900000 rw-p 00000000 00:00 0 
7f7fc6900000-7f7fc7110000 rw-p 00000000 00:00 0 
7f7fc7110000-7f7fe0000000 ---p 00000000 00:00 0 
7f7fe0000000-7f7fe0022000 rw-p 00000000 00:00 0 
7f7fe0022000-7f7fe4000000 ---p 00000000 00:00 0 
7f7fe4000000-7f7fe4400000 rw-p 00000000 00:00 0 
7f7fe4400000-7f7fe47c0000 rw-p 00000000 00:00 0 
7f7fe47c0000-7f7fe4800000 rw-p 00000000 00:00 0 
7f7fe4800000-7f7fe49c0000 rw-p 00000000 00:00 0 
7f7fe49c0000-7f7fe4a00000 rw-p 00000000 00:00 0 
7f7fe4a00000-7f7fe4f00000 rw-p 00000000 00:00 0 
7f7fe4f00000-7f7fe5000000 rw-p 00000000 00:00 0 
7f7fe5000000-7f7fe5700000 rw-p 00000000 00:00 0 
7f7fe5700000-7f7fe5900000 rw-p 00000000 00:00 0 
7f7fe5900000-7f7fe5a00000 rw-p 00000000 00:00 0 
7f7fe5a00000-7f7fe6300000 rw-p 00000000 00:00 0 
7f7fe6300000-7f7fe6400000 rw-p 00000000 00:00 0 
7f7fe6400000-7f7fe6f80000 rw-p 00000000 00:00 0 
7f7fe6f80000-7f7fe7100000 rw-p 00000000 00:00 0 
7f7fe7100000-7f7fe7200000 rw-p 00000000 00:00 0 
7f7fe7200000-7f7fe8000000 rw-p 00000000 00:00 0 
7f7fe8000000-7f7feb1bf000 rw-p 00000000 00:00 0 
7f7feb1bf000-7f7fec000000 ---p 00000000 00:00 0 
7f7fec0e1000-7f7fec0e2000 ---p 00000000 00:00 0 
7f7fec0e2000-7f7fec0e6000 ---p 00000000 00:00 0 
7f7fec0e6000-7f7fec1e2000 rw-p 00000000 00:00 0 
7f7fec1e2000-7f7fec1e3000 ---p 00000000 00:00 0 
7f7fec1e3000-7f7fec1e7000 ---p 00000000 00:00 0 
7f7fec1e7000-7f7fec2e3000 rw-p 00000000 00:00 0 
7f7fec2e3000-7f7fec2e4000 ---p 00000000 00:00 0 
7f7fec2e4000-7f7fec2e8000 ---p 00000000 00:00 0 
7f7fec2e8000-7f7fec3e4000 rw-p 00000000 00:00 0 
7f7fec3e4000-7f7fec3e5000 ---p 00000000 00:00 0 
7f7fec3e5000-7f7fec3e9000 ---p 00000000 00:00 0 
7f7fec3e9000-7f7fec4e5000 rw-p 00000000 00:00 0 
7f7fec4e5000-7f7fec4e6000 ---p 00000000 00:00 0 
7f7fec4e6000-7f7fec4ea000 ---p 00000000 00:00 0 
7f7fec4ea000-7f7fec5e6000 rw-p 00000000 00:00 0 
7f7fec5e6000-7f7fec5e7000 ---p 00000000 00:00 0 
7f7fec5e7000-7f7fec5eb000 ---p 00000000 00:00 0 
7f7fec5eb000-7f7fec6e7000 rw-p 00000000 00:00 0 
7f7fec6e7000-7f7fec6e8000 ---p 00000000 00:00 0 
7f7fec6e8000-7f7fec6ec000 ---p 00000000 00:00 0 
7f7fec6ec000-7f7fec7e8000 rw-p 00000000 00:00 0 
7f7fec7e8000-7f7fec7e9000 ---p 00000000 00:00 0 
7f7fec7e9000-7f7fec7ed000 ---p 00000000 00:00 0 
7f7fec7ed000-7f7fec8e9000 rw-p 00000000 00:00 0 
7f7fec8e9000-7f7fec8ea000 ---p 00000000 00:00 0 
7f7fec8ea000-7f7fec8ee000 ---p 00000000 00:00 0 
7f7fec8ee000-7f7fec9ea000 rw-p 00000000 00:00 0 
7f7fec9ea000-7f7fec9eb000 ---p 00000000 00:00 0 
7f7fec9eb000-7f7fec9ef000 ---p 00000000 00:00 0 
7f7fec9ef000-7f7fecaeb000 rw-p 00000000 00:00 0 
7f7fecaeb000-7f7fecaec000 ---p 00000000 00:00 0 
7f7fecaec000-7f7fecaf0000 ---p 00000000 00:00 0 
7f7fecaf0000-7f7fecbec000 rw-p 00000000 00:00 0 
7f7fecbec000-7f7fecbed000 ---p 00000000 00:00 0 
7f7fecbed000-7f7fecbf1000 ---p 00000000 00:00 0 
7f7fecbf1000-7f7fecced000 rw-p 00000000 00:00 0 
7f7fecced000-7f7feccee000 ---p 00000000 00:00 0 
7f7feccee000-7f7feccf2000 ---p 00000000 00:00 0 
7f7feccf2000-7f7fecdee000 rw-p 00000000 00:00 0 
7f7fecdee000-7f7fecdef000 ---p 00000000 00:00 0 
7f7fecdef000-7f7fecdf3000 ---p 00000000 00:00 0 
7f7fecdf3000-7f7feceef000 rw-p 00000000 00:00 0 
7f7feceef000-7f7fecef0000 ---p 00000000 00:00 0 
7f7fecef0000-7f7fecef4000 ---p 00000000 00:00 0 
7f7fecef4000-7f7fecff0000 rw-p 00000000 00:00 0 
7f7fecff0000-7f7fecff1000 ---p 00000000 00:00 0 
7f7fecff1000-7f7fecff5000 ---p 00000000 00:00 0 
7f7fecff5000-7f7fed0f1000 rw-p 00000000 00:00 0 
7f7fed0f1000-7f7fed0f2000 ---p 00000000 00:00 0 
7f7fed0f2000-7f7fed0f6000 ---p 00000000 00:00 0 
7f7fed0f6000-7f7fed1f2000 rw-p 00000000 00:00 0 
7f7fed1f2000-7f7fed1f3000 ---p 00000000 00:00 0 
7f7fed1f3000-7f7fed1f7000 ---p 00000000 00:00 0 
7f7fed1f7000-7f7fed2f3000 rw-p 00000000 00:00 0 
7f7fed2f3000-7f7fed2f4000 ---p 00000000 00:00 0 
7f7fed2f4000-7f7fed2f8000 ---p 00000000 00:00 0 
7f7fed2f8000-7f7fed3f4000 rw-p 00000000 00:00 0 
7f7fed3f4000-7f7fed3f5000 ---p 00000000 00:00 0 
7f7fed3f5000-7f7fed3f9000 ---p 00000000 00:00 0 
7f7fed3f9000-7f7fed4f5000 rw-p 00000000 00:00 0 
7f7fed4f5000-7f7fed4f6000 ---p 00000000 00:00 0 
7f7fed4f6000-7f7fed4fa000 ---p 00000000 00:00 0 
7f7fed4fa000-7f7fed5f6000 rw-p 00000000 00:00 0 
7f7fed5f6000-7f7fed5f7000 ---p 00000000 00:00 0 
7f7fed5f7000-7f7fed5fb000 ---p 00000000 00:00 0 
7f7fed5fb000-7f7fed6f7000 rw-p 00000000 00:00 0 
7f7fed6f7000-7f7fed6f8000 ---p 00000000 00:00 0 
7f7fed6f8000-7f7fed6fc000 ---p 00000000 00:00 0 
7f7fed6fc000-7f7fed7f8000 rw-p 00000000 00:00 0 
7f7fed7f8000-7f7fed7f9000 ---p 00000000 00:00 0 
7f7fed7f9000-7f7fed7fd000 ---p 00000000 00:00 0 
7f7fed7fd000-7f7fed8f9000 rw-p 00000000 00:00 0 
7f7fed8f9000-7f7fed8fa000 ---p 00000000 00:00 0 
7f7fed8fa000-7f7fed8fe000 ---p 00000000 00:00 0 
7f7fed8fe000-7f7fed9fa000 rw-p 00000000 00:00 0 
7f7fed9fa000-7f7fed9fb000 ---p 00000000 00:00 0 
7f7fed9fb000-7f7fed9ff000 ---p 00000000 00:00 0 
7f7fed9ff000-7f7fedafb000 rw-p 00000000 00:00 0 
7f7fedafb000-7f7fedafc000 ---p 00000000 00:00 0 
7f7fedafc000-7f7fedb00000 ---p 00000000 00:00 0 
7f7fedb00000-7f7fedbfc000 rw-p 00000000 00:00 0 
7f7fedbfc000-7f7fedbfd000 ---p 00000000 00:00 0 
7f7fedbfd000-7f7fedc01000 ---p 00000000 00:00 0 
7f7fedc01000-7f7fedcfd000 rw-p 00000000 00:00 0 
7f7fedcfd000-7f7fedcfe000 ---p 00000000 00:00 0 
7f7fedcfe000-7f7fedd02000 ---p 00000000 00:00 0 
7f7fedd02000-7f7feddfe000 rw-p 00000000 00:00 0 
7f7feddfe000-7f7feddff000 ---p 00000000 00:00 0 
7f7feddff000-7f7fede03000 ---p 00000000 00:00 0 
7f7fede03000-7f7fedeff000 rw-p 00000000 00:00 0 
7f7fedeff000-7f7fedf00000 ---p 00000000 00:00 0 
7f7fedf00000-7f7fedf04000 ---p 00000000 00:00 0 
7f7fedf04000-7f7ff0000000 rw-p 00000000 00:00 0 
7f7ff0000000-7f7ff0080000 rw-p 00000000 00:00 0 
7f7ff0080000-7f7ff4000000 ---p 00000000 00:00 0 
7f7ff4000000-7f7ff403a000 rw-p 00000000 00:00 0 
7f7ff403a000-7f7ff8000000 ---p 00000000 00:00 0 
7f7ff8000000-7f7ff80a5000 rw-p 00000000 00:00 0 
7f7ff80a5000-7f7ffc000000 ---p 00000000 00:00 0 
7f7ffc03b000-7f7ffc03c000 ---p 00000000 00:00 0 
7f7ffc03c000-7f7ffc040000 ---p 00000000 00:00 0 
7f7ffc040000-7f7ffc05e000 rw-p 00000000 00:00 0 
7f7ffc05e000-7f7ffc05f000 ---p 00000000 00:00 0 
7f7ffc05f000-7f7ffc063000 ---p 00000000 00:00 0 
7f7ffc063000-7f7ffc15f000 rw-p 00000000 00:00 0 
7f7ffc15f000-7f7ffc160000 ---p 00000000 00:00 0 
7f7ffc160000-7f7ffc164000 ---p 00000000 00:00 0 
7f7ffc164000-7f7ffc260000 rw-p 00000000 00:00 0 
7f7ffc260000-7f7ffc261000 ---p 00000000 00:00 0 
7f7ffc261000-7f7ffc265000 ---p 00000000 00:00 0 
7f7ffc265000-7f7ffc361000 rw-p 00000000 00:00 0 
7f7ffc361000-7f7ffc362000 ---p 00000000 00:00 0 
7f7ffc362000-7f7ffc366000 ---p 00000000 00:00 0 
7f7ffc366000-7f7ffc462000 rw-p 00000000 00:00 0 
7f7ffc462000-7f7ffc463000 ---p 00000000 00:00 0 
7f7ffc463000-7f7ffc467000 ---p 00000000 00:00 0 
7f7ffc467000-7f7ffc563000 rw-p 00000000 00:00 0 
7f7ffc563000-7f7ffc564000 ---p 00000000 00:00 0 
7f7ffc564000-7f7ffc568000 ---p 00000000 00:00 0 
7f7ffc568000-7f7ffc664000 rw-p 00000000 00:00 0 
7f7ffc664000-7f7ffc665000 ---p 00000000 00:00 0 
7f7ffc665000-7f7ffc669000 ---p 00000000 00:00 0 
7f7ffc669000-7f7ffc765000 rw-p 00000000 00:00 0 
7f7ffc765000-7f7ffc766000 ---p 00000000 00:00 0 
7f7ffc766000-7f7ffc76a000 ---p 00000000 00:00 0 
7f7ffc76a000-7f7ffc866000 rw-p 00000000 00:00 0 
7f7ffc866000-7f7ffc868000 r--p 00000000 fe:00 546226                     /usr/lib/jvm/java-17-openjdk-amd64/lib/libmanagement_ext.so
7f7ffc868000-7f7ffc86b000 r-xp 00002000 fe:00 546226                     /usr/lib/jvm/java-17-openjdk-amd64/lib/libmanagement_ext.so
7f7ffc86b000-7f7ffc86c000 r--p 00005000 fe:00 546226                     /usr/lib/jvm/java-17-openjdk-amd64/lib/libmanagement_ext.so
7f7ffc86c000-7f7ffc86d000 r--p 00006000 fe:00 546226                     /usr/lib/jvm/java-17-openjdk-amd64/lib/libmanagement_ext.so
7f7ffc86d000-7f7ffc86e000 rw-p 00007000 fe:00 546226                     /usr/lib/jvm/java-17-openjdk-amd64/lib/libmanagement_ext.so
7f7ffc86e000-7f7ffc86f000 ---p 00000000 00:00 0 
7f7ffc86f000-7f7ffc96f000 rw-p 00000000 00:00 0 
7f7ffc96f000-7f7ffc9ab000 r--p 00000000 fe:00 274107                     /root/.gradle/native/0.2.7/x86_64-linux-gnu/libgradle-fileevents.so
7f7ffc9ab000-7f7ffc9f3000 r-xp 0003b000 fe:00 274107                     /root/.gradle/native/0.2.7/x86_64-linux-gnu/libgradle-fileevents.so
7f7ffc9f3000-7f7ffc9fc000 r--p 00082000 fe:00 274107                     /root/.gradle/native/0.2.7/x86_64-linux-gnu/libgradle-fileevents.so
7f7ffc9fc000-7f7ffc9fd000 rw-p 0008a000 fe:00 274107                     /root/.gradle/native/0.2.7/x86_64-linux-gnu/libgradle-fileevents.so
7f7ffc9fd000-7f7ffca00000 rw-p 00000000 00:00 0 
7f7ffca00000-7f7ffca05000 r-xp 00000000 fe:00 274082                     /root/.gradle/native/1def1411415f61bf3af743bc5b6707747c0891f09f0c88961ee8f79bc544acac/linux-amd64/libnative-platform.so
7f7ffca05000-7f7ffcc05000 ---p 00005000 fe:00 274082                     /root/.gradle/native/1def1411415f61bf3af743bc5b6707747c0891f09f0c88961ee8f79bc544acac/linux-amd64/libnative-platform.so
7f7ffcc05000-7f7ffcc06000 r--p 00005000 fe:00 274082                     /root/.gradle/native/1def1411415f61bf3af743bc5b6707747c0891f09f0c88961ee8f79bc544acac/linux-amd64/libnative-platform.so
7f7ffcc06000-7f7ffcc07000 rw-p 00006000 fe:00 274082                     /root/.gradle/native/1def1411415f61bf3af743bc5b6707747c0891f09f0c88961ee8f79bc544acac/linux-amd64/libnative-platform.so
7f7ffcc08000-7f7ffcc09000 ---p 00000000 00:00 0 
7f7ffcc09000-7f7ffcd09000 rw-p 00000000 00:00 0 
7f7ffcd09000-7f7ffcd0a000 ---p 00000000 00:00 0 
7f7ffcd0a000-7f7ffce0a000 rw-p 00000000 00:00 0 
7f7ffce0a000-7f7ffce0b000 ---p 00000000 00:00 0 
7f7ffce0b000-7f7ffce0f000 ---p 00000000 00:00 0 
7f7ffce0f000-7f7ffcf0b000 rw-p 00000000 00:00 0 
7f7ffcf0b000-7f7ffcf0c000 ---p 00000000 00:00 0 
7f7ffcf0c000-7f7ffcf10000 ---p 00000000 00:00 0 
7f7ffcf10000-7f7ffd00c000 rw-p 00000000 00:00 0 
7f7ffd00c000-7f7ffd00d000 ---p 00000000 00:00 0 
7f7ffd00d000-7f7ffd011000 ---p 00000000 00:00 0 
7f7ffd011000-7f7ffd10d000 rw-p 00000000 00:00 0 
7f7ffd10d000-7f7ffd10e000 ---p 00000000 00:00 0 
7f7ffd10e000-7f7ffd112000 ---p 00000000 00:00 0 
7f7ffd112000-7f7ffd20e000 rw-p 00000000 00:00 0 
7f7ffd20e000-7f7ffd20f000 ---p 00000000 00:00 0 
7f7ffd20f000-7f7ffd213000 ---p 00000000 00:00 0 
7f7ffd213000-7f7ffd30f000 rw-p 00000000 00:00 0 
7f7ffd30f000-7f7ffd310000 ---p 00000000 00:00 0 
7f7ffd310000-7f7ffd314000 ---p 00000000 00:00 0 
7f7ffd314000-7f7ffd410000 rw-p 00000000 00:00 0 
7f7ffd410000-7f7ffd411000 ---p 00000000 00:00 0 
7f7ffd411000-7f7ffd415000 ---p 00000000 00:00 0 
7f7ffd415000-7f7ffdb71000 rw-p 00000000 00:00 0 
7f7ffdb71000-7f7fff509000 ---p 00000000 00:00 0 
7f7fff509000-7f7fffb71000 rw-p 00000000 00:00 0 
7f7fffb71000-7f8001509000 ---p 00000000 00:00 0 
7f8001509000-7f8001511000 rw-p 00000000 00:00 0 
7f8001511000-7f8003091000 rwxp 00000000 00:00 0 
7f8003091000-7f8008a49000 ---p 00000000 00:00 0 
7f8008a49000-7f8008ce9000 rwxp 00000000 00:00 0 
7f8008ce9000-7f8008fd8000 ---p 00000000 00:00 0 
7f8008fd8000-7f8009808000 rwxp 00000000 00:00 0 
7f8009808000-7f8010511000 ---p 00000000 00:00 0 
7f8010511000-7f8018000000 r--s 00000000 fe:00 546237                     /usr/lib/jvm/java-17-openjdk-amd64/lib/modules
7f8018000000-7f8019423000 rw-p 00000000 00:00 0 
7f8019423000-7f801c000000 ---p 00000000 00:00 0 
7f801c002000-7f801c003000 r--p 00000000 fe:00 546208                     /usr/lib/jvm/java-17-openjdk-amd64/lib/libextnet.so
7f801c003000-7f801c004000 r-xp 00001000 fe:00 546208                     /usr/lib/jvm/java-17-openjdk-amd64/lib/libextnet.so
7f801c004000-7f801c005000 r--p 00002000 fe:00 546208                     /usr/lib/jvm/java-17-openjdk-amd64/lib/libextnet.so
7f801c005000-7f801c006000 r--p 00002000 fe:00 546208                     /usr/lib/jvm/java-17-openjdk-amd64/lib/libextnet.so
7f801c006000-7f801c007000 rw-p 00003000 fe:00 546208                     /usr/lib/jvm/java-17-openjdk-amd64/lib/libextnet.so
7f801c007000-7f801c008000 r--p 00000000 00:25 17896                      /usr/lib/x86_64-linux-gnu/libdl.so.2
7f801c008000-7f801c009000 r-xp 00001000 00:25 17896                      /usr/lib/x86_64-linux-gnu/libdl.so.2
7f801c009000-7f801c00a000 r--p 00002000 00:25 17896                      /usr/lib/x86_64-linux-gnu/libdl.so.2
7f801c00a000-7f801c00b000 r--p 00002000 00:25 17896                      /usr/lib/x86_64-linux-gnu/libdl.so.2
7f801c00b000-7f801c00c000 rw-p 00003000 00:25 17896                      /usr/lib/x86_64-linux-gnu/libdl.so.2
7f801c00c000-7f801c00d000 r--p 00000000 00:25 18147                      /usr/lib/x86_64-linux-gnu/libpthread.so.0
7f801c00d000-7f801c00e000 r-xp 00001000 00:25 18147                      /usr/lib/x86_64-linux-gnu/libpthread.so.0
7f801c00e000-7f801c00f000 r--p 00002000 00:25 18147                      /usr/lib/x86_64-linux-gnu/libpthread.so.0
7f801c00f000-7f801c010000 r--p 00002000 00:25 18147                      /usr/lib/x86_64-linux-gnu/libpthread.so.0
7f801c010000-7f801c011000 rw-p 00003000 00:25 18147                      /usr/lib/x86_64-linux-gnu/libpthread.so.0
7f801c011000-7f801c015000 r--p 00000000 fe:00 546235                     /usr/lib/jvm/java-17-openjdk-amd64/lib/libverify.so
7f801c015000-7f801c01c000 r-xp 00004000 fe:00 546235                     /usr/lib/jvm/java-17-openjdk-amd64/lib/libverify.so
7f801c01c000-7f801c01e000 r--p 0000b000 fe:00 546235                     /usr/lib/jvm/java-17-openjdk-amd64/lib/libverify.so
7f801c01e000-7f801c020000 r--p 0000c000 fe:00 546235                     /usr/lib/jvm/java-17-openjdk-amd64/lib/libverify.so
7f801c020000-7f801c021000 rw-p 0000e000 fe:00 546235                     /usr/lib/jvm/java-17-openjdk-amd64/lib/libverify.so
7f801c021000-7f801c025000 r--p 00000000 fe:00 546228                     /usr/lib/jvm/java-17-openjdk-amd64/lib/libnet.so
7f801c025000-7f801c033000 r-xp 00004000 fe:00 546228                     /usr/lib/jvm/java-17-openjdk-amd64/lib/libnet.so
7f801c033000-7f801c037000 r--p 00012000 fe:00 546228                     /usr/lib/jvm/java-17-openjdk-amd64/lib/libnet.so
7f801c037000-7f801c038000 r--p 00015000 fe:00 546228                     /usr/lib/jvm/java-17-openjdk-amd64/lib/libnet.so
7f801c038000-7f801c039000 rw-p 00016000 fe:00 546228                     /usr/lib/jvm/java-17-openjdk-amd64/lib/libnet.so
7f801c039000-7f801c03a000 ---p 00000000 00:00 0 
7f801c03a000-7f801c03e000 ---p 00000000 00:00 0 
7f801c03e000-7f801c13a000 rw-p 00000000 00:00 0 
7f801c13a000-7f801c191000 r--p 00000000 00:25 13882                      /usr/lib/locale/C.utf8/LC_CTYPE
7f801c191000-7f801c192000 ---p 00000000 00:00 0 
7f801c192000-7f801c196000 ---p 00000000 00:00 0 
7f801c196000-7f801c292000 rw-p 00000000 00:00 0 
7f801c292000-7f801c293000 ---p 00000000 00:00 0 
7f801c293000-7f801c297000 ---p 00000000 00:00 0 
7f801c297000-7f801c393000 rw-p 00000000 00:00 0 
7f801c393000-7f801c394000 ---p 00000000 00:00 0 
7f801c394000-7f801c494000 rw-p 00000000 00:00 0 
7f801c494000-7f801c499000 r--p 00000000 fe:00 546222                     /usr/lib/jvm/java-17-openjdk-amd64/lib/libjsvml.so
7f801c499000-7f801c4da000 r-xp 00005000 fe:00 546222                     /usr/lib/jvm/java-17-openjdk-amd64/lib/libjsvml.so
7f801c4da000-7f801c563000 r--p 00046000 fe:00 546222                     /usr/lib/jvm/java-17-openjdk-amd64/lib/libjsvml.so
7f801c563000-7f801c564000 r--p 000ce000 fe:00 546222                     /usr/lib/jvm/java-17-openjdk-amd64/lib/libjsvml.so
7f801c564000-7f801c565000 rw-p 000cf000 fe:00 546222                     /usr/lib/jvm/java-17-openjdk-amd64/lib/libjsvml.so
7f801c565000-7f801c641000 rw-p 00000000 00:00 0 
7f801c685000-7f801c687000 r--p 00000000 fe:00 546224                     /usr/lib/jvm/java-17-openjdk-amd64/lib/libmanagement.so
7f801c687000-7f801c688000 r-xp 00002000 fe:00 546224                     /usr/lib/jvm/java-17-openjdk-amd64/lib/libmanagement.so
7f801c688000-7f801c689000 r--p 00003000 fe:00 546224                     /usr/lib/jvm/java-17-openjdk-amd64/lib/libmanagement.so
7f801c689000-7f801c68a000 r--p 00003000 fe:00 546224                     /usr/lib/jvm/java-17-openjdk-amd64/lib/libmanagement.so
7f801c68a000-7f801c68b000 rw-p 00004000 fe:00 546224                     /usr/lib/jvm/java-17-openjdk-amd64/lib/libmanagement.so
7f801c68b000-7f801c692000 r--p 00000000 fe:00 546229                     /usr/lib/jvm/java-17-openjdk-amd64/lib/libnio.so
7f801c692000-7f801c69b000 r-xp 00007000 fe:00 546229                     /usr/lib/jvm/java-17-openjdk-amd64/lib/libnio.so
7f801c69b000-7f801c69f000 r--p 00010000 fe:00 546229                     /usr/lib/jvm/java-17-openjdk-amd64/lib/libnio.so
7f801c69f000-7f801c6a0000 r--p 00014000 fe:00 546229                     /usr/lib/jvm/java-17-openjdk-amd64/lib/libnio.so
7f801c6a0000-7f801c6a1000 rw-p 00015000 fe:00 546229                     /usr/lib/jvm/java-17-openjdk-amd64/lib/libnio.so
7f801c6a1000-7f801c6a3000 r--p 00000000 fe:00 546236                     /usr/lib/jvm/java-17-openjdk-amd64/lib/libzip.so
7f801c6a3000-7f801c6a7000 r-xp 00002000 fe:00 546236                     /usr/lib/jvm/java-17-openjdk-amd64/lib/libzip.so
7f801c6a7000-7f801c6a9000 r--p 00006000 fe:00 546236                     /usr/lib/jvm/java-17-openjdk-amd64/lib/libzip.so
7f801c6a9000-7f801c6aa000 r--p 00007000 fe:00 546236                     /usr/lib/jvm/java-17-openjdk-amd64/lib/libzip.so
7f801c6aa000-7f801c6ab000 rw-p 00008000 fe:00 546236                     /usr/lib/jvm/java-17-openjdk-amd64/lib/libzip.so
7f801c6ab000-7f801c6ac000 r--p 00000000 00:25 13888                      /usr/lib/locale/C.utf8/LC_NUMERIC
7f801c6ac000-7f801c6ad000 r--p 00000000 00:25 13891                      /usr/lib/locale/C.utf8/LC_TIME
7f801c6ad000-7f801c6ae000 r--p 00000000 00:25 13881                      /usr/lib/locale/C.utf8/LC_COLLATE
7f801c6ae000-7f801c6af000 r--p 00000000 00:25 13886                      /usr/lib/locale/C.utf8/LC_MONETARY
7f801c6af000-7f801c6b0000 r--p 00000000 00:25 13885                      /usr/lib/locale/C.utf8/LC_MESSAGES/SYS_LC_MESSAGES
7f801c6b0000-7f801c6b1000 r--p 00000000 00:25 13889                      /usr/lib/locale/C.utf8/LC_PAPER
7f801c6b1000-7f801c6b2000 r--p 00000000 00:25 13887                      /usr/lib/locale/C.utf8/LC_NAME
7f801c6b2000-7f801c6b9000 r--s 00000000 00:25 17572                      /usr/lib/x86_64-linux-gnu/gconv/gconv-modules.cache
7f801c6b9000-7f801c6ba000 ---p 00000000 00:00 0 
7f801c6ba000-7f801c7ba000 rw-p 00000000 00:00 0 
7f801c7ba000-7f801c7bb000 ---p 00000000 00:00 0 
7f801c7bb000-7f801cabd000 rw-p 00000000 00:00 0 
7f801cabd000-7f801cabe000 ---p 00000000 00:00 0 
7f801cabe000-7f801cbbe000 rw-p 00000000 00:00 0 
7f801cbbe000-7f801cbbf000 ---p 00000000 00:00 0 
7f801cbbf000-7f801ccbf000 rw-p 00000000 00:00 0 
7f801ccbf000-7f801ccc0000 ---p 00000000 00:00 0 
7f801ccc0000-7f801ced1000 rw-p 00000000 00:00 0 
7f801ced1000-7f801d204000 ---p 00000000 00:00 0 
7f801d204000-7f801d2d1000 rw-p 00000000 00:00 0 
7f801d2d1000-7f801d604000 ---p 00000000 00:00 0 
7f801d604000-7f801d6d1000 rw-p 00000000 00:00 0 
7f801d6d1000-7f801da04000 ---p 00000000 00:00 0 
7f801da04000-7f801dc18000 rw-p 00000000 00:00 0 
7f801dc18000-7f801dcf2000 ---p 00000000 00:00 0 
7f801dcf2000-7f801dd29000 rw-p 00000000 00:00 0 
7f801dd29000-7f801dddd000 ---p 00000000 00:00 0 
7f801dddd000-7f801dde3000 rw-p 00000000 00:00 0 
7f801dde3000-7f801dde9000 ---p 00000000 00:00 0 
7f801dde9000-7f801ddf1000 rw-s 00000000 fe:00 283076                     /tmp/hsperfdata_root/6105
7f801ddf1000-7f801ddfd000 r--p 00000000 fe:00 546215                     /usr/lib/jvm/java-17-openjdk-amd64/lib/libjava.so
7f801ddfd000-7f801de0e000 r-xp 0000c000 fe:00 546215                     /usr/lib/jvm/java-17-openjdk-amd64/lib/libjava.so
7f801de0e000-7f801de14000 r--p 0001d000 fe:00 546215                     /usr/lib/jvm/java-17-openjdk-amd64/lib/libjava.so
7f801de14000-7f801de15000 r--p 00022000 fe:00 546215                     /usr/lib/jvm/java-17-openjdk-amd64/lib/libjava.so
7f801de15000-7f801de16000 rw-p 00023000 fe:00 546215                     /usr/lib/jvm/java-17-openjdk-amd64/lib/libjava.so
7f801de16000-7f801de17000 rw-p 00000000 00:00 0 
7f801de17000-7f801de18000 r--p 00000000 fe:00 546210                     /usr/lib/jvm/java-17-openjdk-amd64/lib/libinstrument.so
7f801de18000-7f801de1e000 r-xp 00001000 fe:00 546210                     /usr/lib/jvm/java-17-openjdk-amd64/lib/libinstrument.so
7f801de1e000-7f801de21000 r--p 00007000 fe:00 546210                     /usr/lib/jvm/java-17-openjdk-amd64/lib/libinstrument.so
7f801de21000-7f801de22000 r--p 00009000 fe:00 546210                     /usr/lib/jvm/java-17-openjdk-amd64/lib/libinstrument.so
7f801de22000-7f801de23000 rw-p 0000a000 fe:00 546210                     /usr/lib/jvm/java-17-openjdk-amd64/lib/libinstrument.so
7f801de23000-7f801de25000 r--p 00000000 fe:00 546218                     /usr/lib/jvm/java-17-openjdk-amd64/lib/libjimage.so
7f801de25000-7f801de28000 r-xp 00002000 fe:00 546218                     /usr/lib/jvm/java-17-openjdk-amd64/lib/libjimage.so
7f801de28000-7f801de29000 r--p 00005000 fe:00 546218                     /usr/lib/jvm/java-17-openjdk-amd64/lib/libjimage.so
7f801de29000-7f801de2a000 r--p 00006000 fe:00 546218                     /usr/lib/jvm/java-17-openjdk-amd64/lib/libjimage.so
7f801de2a000-7f801de2b000 rw-p 00007000 fe:00 546218                     /usr/lib/jvm/java-17-openjdk-amd64/lib/libjimage.so
7f801de2b000-7f801de2f000 ---p 00000000 00:00 0 
7f801de2f000-7f801df2b000 rw-p 00000000 00:00 0 
7f801df2b000-7f801df2e000 r--p 00000000 00:25 17958                      /usr/lib/x86_64-linux-gnu/libgcc_s.so.1
7f801df2e000-7f801df45000 r-xp 00003000 00:25 17958                      /usr/lib/x86_64-linux-gnu/libgcc_s.so.1
7f801df45000-7f801df49000 r--p 0001a000 00:25 17958                      /usr/lib/x86_64-linux-gnu/libgcc_s.so.1
7f801df49000-7f801df4a000 r--p 0001d000 00:25 17958                      /usr/lib/x86_64-linux-gnu/libgcc_s.so.1
7f801df4a000-7f801df4b000 rw-p 0001e000 00:25 17958                      /usr/lib/x86_64-linux-gnu/libgcc_s.so.1
7f801df4b000-7f801df5b000 r--p 00000000 00:25 18057                      /usr/lib/x86_64-linux-gnu/libm.so.6
7f801df5b000-7f801dfcf000 r-xp 00010000 00:25 18057                      /usr/lib/x86_64-linux-gnu/libm.so.6
7f801dfcf000-7f801e029000 r--p 00084000 00:25 18057                      /usr/lib/x86_64-linux-gnu/libm.so.6
7f801e029000-7f801e02a000 r--p 000dd000 00:25 18057                      /usr/lib/x86_64-linux-gnu/libm.so.6
7f801e02a000-7f801e02b000 rw-p 000de000 00:25 18057                      /usr/lib/x86_64-linux-gnu/libm.so.6
7f801e02b000-7f801e0c4000 r--p 00000000 00:25 18224                      /usr/lib/x86_64-linux-gnu/libstdc++.so.6.0.30
7f801e0c4000-7f801e1c5000 r-xp 00099000 00:25 18224                      /usr/lib/x86_64-linux-gnu/libstdc++.so.6.0.30
7f801e1c5000-7f801e234000 r--p 0019a000 00:25 18224                      /usr/lib/x86_64-linux-gnu/libstdc++.so.6.0.30
7f801e234000-7f801e23f000 r--p 00209000 00:25 18224                      /usr/lib/x86_64-linux-gnu/libstdc++.so.6.0.30
7f801e23f000-7f801e242000 rw-p 00214000 00:25 18224                      /usr/lib/x86_64-linux-gnu/libstdc++.so.6.0.30
7f801e242000-7f801e245000 rw-p 00000000 00:00 0 
7f801e245000-7f801e496000 r--p 00000000 fe:00 283295                     /usr/lib/jvm/java-17-openjdk-amd64/lib/server/libjvm.so
7f801e496000-7f801f1e8000 r-xp 00251000 fe:00 283295                     /usr/lib/jvm/java-17-openjdk-amd64/lib/server/libjvm.so
7f801f1e8000-7f801f46a000 r--p 00fa3000 fe:00 283295                     /usr/lib/jvm/java-17-openjdk-amd64/lib/server/libjvm.so
7f801f46a000-7f801f522000 r--p 01225000 fe:00 283295                     /usr/lib/jvm/java-17-openjdk-amd64/lib/server/libjvm.so
7f801f522000-7f801f557000 rw-p 012dd000 fe:00 283295                     /usr/lib/jvm/java-17-openjdk-amd64/lib/server/libjvm.so
7f801f557000-7f801f5b3000 rw-p 00000000 00:00 0 
7f801f5b3000-7f801f5d9000 r--p 00000000 00:25 17847                      /usr/lib/x86_64-linux-gnu/libc.so.6
7f801f5d9000-7f801f72f000 r-xp 00026000 00:25 17847                      /usr/lib/x86_64-linux-gnu/libc.so.6
7f801f72f000-7f801f782000 r--p 0017c000 00:25 17847                      /usr/lib/x86_64-linux-gnu/libc.so.6
7f801f782000-7f801f786000 r--p 001cf000 00:25 17847                      /usr/lib/x86_64-linux-gnu/libc.so.6
7f801f786000-7f801f788000 rw-p 001d3000 00:25 17847                      /usr/lib/x86_64-linux-gnu/libc.so.6
7f801f788000-7f801f795000 rw-p 00000000 00:00 0 
7f801f795000-7f801f797000 r--p 00000000 fe:00 546219                     /usr/lib/jvm/java-17-openjdk-amd64/lib/libjli.so
7f801f797000-7f801f7a0000 r-xp 00002000 fe:00 546219                     /usr/lib/jvm/java-17-openjdk-amd64/lib/libjli.so
7f801f7a0000-7f801f7a3000 r--p 0000b000 fe:00 546219                     /usr/lib/jvm/java-17-openjdk-amd64/lib/libjli.so
7f801f7a3000-7f801f7a4000 r--p 0000d000 fe:00 546219                     /usr/lib/jvm/java-17-openjdk-amd64/lib/libjli.so
7f801f7a4000-7f801f7a5000 rw-p 0000e000 fe:00 546219                     /usr/lib/jvm/java-17-openjdk-amd64/lib/libjli.so
7f801f7a5000-7f801f7a8000 r--p 00000000 00:25 1006                       /usr/lib/x86_64-linux-gnu/libz.so.1.2.13
7f801f7a8000-7f801f7bb000 r-xp 00003000 00:25 1006                       /usr/lib/x86_64-linux-gnu/libz.so.1.2.13
7f801f7bb000-7f801f7c2000 r--p 00016000 00:25 1006                       /usr/lib/x86_64-linux-gnu/libz.so.1.2.13
7f801f7c2000-7f801f7c3000 r--p 0001c000 00:25 1006                       /usr/lib/x86_64-linux-gnu/libz.so.1.2.13
7f801f7c3000-7f801f7c4000 rw-p 0001d000 00:25 1006                       /usr/lib/x86_64-linux-gnu/libz.so.1.2.13
7f801f7c4000-7f801f7c5000 r--p 00000000 00:25 13880                      /usr/lib/locale/C.utf8/LC_ADDRESS
7f801f7c5000-7f801f7c6000 r--p 00000000 00:25 13890                      /usr/lib/locale/C.utf8/LC_TELEPHONE
7f801f7c6000-7f801f7c7000 r--p 00000000 00:25 13884                      /usr/lib/locale/C.utf8/LC_MEASUREMENT
7f801f7c7000-7f801f7c8000 r--p 00000000 00:25 13883                      /usr/lib/locale/C.utf8/LC_IDENTIFICATION
7f801f7c8000-7f801f7c9000 ---p 00000000 00:00 0 
7f801f7c9000-7f801f7ca000 r--p 00000000 00:00 0 
7f801f7ca000-7f801f7cb000 ---p 00000000 00:00 0 
7f801f7cb000-7f801f7cd000 rw-p 00000000 00:00 0 
7f801f7cd000-7f801f7ce000 r--p 00000000 00:25 17633                      /usr/lib/x86_64-linux-gnu/ld-linux-x86-64.so.2
7f801f7ce000-7f801f7f4000 r-xp 00001000 00:25 17633                      /usr/lib/x86_64-linux-gnu/ld-linux-x86-64.so.2
7f801f7f4000-7f801f7fe000 r--p 00027000 00:25 17633                      /usr/lib/x86_64-linux-gnu/ld-linux-x86-64.so.2
7f801f7fe000-7f801f800000 r--p 00031000 00:25 17633                      /usr/lib/x86_64-linux-gnu/ld-linux-x86-64.so.2
7f801f800000-7f801f802000 rw-p 00033000 00:25 17633                      /usr/lib/x86_64-linux-gnu/ld-linux-x86-64.so.2
7ffde25ed000-7ffde260e000 rw-p 00000000 00:00 0                          [stack]
7ffde26a4000-7ffde26a7000 r--p 00000000 00:00 0                          [vvar]
7ffde26a7000-7ffde26a9000 r-xp 00000000 00:00 0                          [vdso]
ffffffffff600000-ffffffffff601000 r-xp 00000000 00:00 0                  [vsyscall]


VM Arguments:
jvm_args: --add-opens=java.base/java.lang=ALL-UNNAMED --add-opens=java.base/java.lang.invoke=ALL-UNNAMED --add-opens=java.base/java.util=ALL-UNNAMED --add-opens=java.prefs/java.util.prefs=ALL-UNNAMED --add-exports=jdk.compiler/com.sun.tools.javac.api=ALL-UNNAMED --add-exports=jdk.compiler/com.sun.tools.javac.util=ALL-UNNAMED --add-opens=java.base/java.util=ALL-UNNAMED --add-opens=java.prefs/java.util.prefs=ALL-UNNAMED --add-opens=java.base/java.nio.charset=ALL-UNNAMED --add-opens=java.base/java.net=ALL-UNNAMED --add-opens=java.base/java.util.concurrent.atomic=ALL-UNNAMED --add-opens=java.xml/javax.xml.namespace=ALL-UNNAMED -XX:MaxMetaspaceSize=512m -Xmx2048m -Dfile.encoding=UTF-8 -Duser.country -Duser.language=en -Duser.variant -javaagent:/root/.gradle/wrapper/dists/gradle-8.14.3-bin/cv11ve7ro1n3o1j4so8xd9n66/gradle-8.14.3/lib/agents/gradle-instrumentation-agent-8.14.3.jar 
java_command: org.gradle.launcher.daemon.bootstrap.GradleDaemon 8.14.3
java_class_path (initial): /root/.gradle/wrapper/dists/gradle-8.14.3-bin/cv11ve7ro1n3o1j4so8xd9n66/gradle-8.14.3/lib/gradle-daemon-main-8.14.3.jar
Launcher Type: SUN_STANDARD

[Global flags]
     intx CICompilerCount                          = 2                                         {product} {ergonomic}
   size_t CompressedClassSpaceSize                 = 436207616                                 {product} {ergonomic}
     uint ConcGCThreads                            = 1                                         {product} {ergonomic}
     uint G1ConcRefinementThreads                  = 2                                         {product} {ergonomic}
   size_t G1HeapRegionSize                         = 1048576                                   {product} {ergonomic}
    uintx GCDrainStackTargetSize                   = 64                                        {product} {ergonomic}
   size_t InitialHeapSize                          = 33554432                                  {product} {ergonomic}
   size_t MarkStackSize                            = 4194304                                   {product} {ergonomic}
   size_t MaxHeapSize                              = 2147483648                                {product} {command line}
   size_t MaxMetaspaceSize                         = 536870912                                 {product} {command line}
   size_t MaxNewSize                               = 1287651328                                {product} {ergonomic}
   size_t MinHeapDeltaBytes                        = 1048576                                   {product} {ergonomic}
   size_t MinHeapSize                              = 8388608                                   {product} {ergonomic}
    uintx NonNMethodCodeHeapSize                   = 5826188                                {pd product} {ergonomic}
    uintx NonProfiledCodeHeapSize                  = 122916026                              {pd product} {ergonomic}
    uintx ProfiledCodeHeapSize                     = 122916026                              {pd product} {ergonomic}
    uintx ReservedCodeCacheSize                    = 251658240                              {pd product} {ergonomic}
     bool SegmentedCodeCache                       = true                                      {product} {ergonomic}
   size_t SoftMaxHeapSize                          = 2147483648                             {manageable} {ergonomic}
     bool UseCompressedClassPointers               = true                           {product lp64_product} {ergonomic}
     bool UseCompressedOops                        = true                           {product lp64_product} {ergonomic}
     bool UseG1GC                                  = true                                      {product} {ergonomic}

Logging:
Log output configuration:
 #0: stdout all=warning uptime,level,tags
 #1: stderr all=off uptime,level,tags

Environment Variables:
JAVA_HOME=/usr/lib/jvm/java-17-openjdk-amd64
PATH=/usr/bin:/usr/local/bin:/usr/local/sbin:/usr/local/bin:/usr/sbin:/usr/bin:/sbin:/bin:/opt/android-sdk/cmdline-tools/latest/bin:/opt/android-sdk/platform-tools:/opt/android-sdk/cmdline-tools/latest/bin:/opt/android-sdk/platform-tools:/usr/bin
SHELL=/bin/bash
LANG=C.UTF-8
LC_ALL=C.UTF-8
TERM=tmux-256color

Active Locale:
LC_ALL=C.UTF-8
LC_COLLATE=C.UTF-8
LC_CTYPE=C.UTF-8
LC_MESSAGES=C.UTF-8
LC_MONETARY=C.UTF-8
LC_NUMERIC=C.UTF-8
LC_TIME=C.UTF-8

Signal Handlers:
   SIGSEGV: crash_handler in libjvm.so, mask=11100100010111111101111111111110, flags=SA_RESTART|SA_SIGINFO, unblocked
    SIGBUS: crash_handler in libjvm.so, mask=11100100010111111101111111111110, flags=SA_RESTART|SA_SIGINFO, unblocked
    SIGFPE: crash_handler in libjvm.so, mask=11100100010111111101111111111110, flags=SA_RESTART|SA_SIGINFO, unblocked
   SIGPIPE: javaSignalHandler in libjvm.so, mask=11100100010111111101111111111110, flags=SA_RESTART|SA_SIGINFO, unblocked
   SIGXFSZ: javaSignalHandler in libjvm.so, mask=11100100010111111101111111111110, flags=SA_RESTART|SA_SIGINFO, unblocked
    SIGILL: crash_handler in libjvm.so, mask=11100100010111111101111111111110, flags=SA_RESTART|SA_SIGINFO, unblocked
   SIGUSR2: SR_handler in libjvm.so, mask=00100000000000000000000000000000, flags=SA_RESTART|SA_SIGINFO, unblocked
    SIGHUP: UserHandler in libjvm.so, mask=11100100010111111101111111111110, flags=SA_RESTART|SA_SIGINFO, unblocked
    SIGINT: UserHandler in libjvm.so, mask=11100100010111111101111111111110, flags=SA_RESTART|SA_SIGINFO, unblocked
   SIGTERM: UserHandler in libjvm.so, mask=11100100010111111101111111111110, flags=SA_RESTART|SA_SIGINFO, unblocked
   SIGQUIT: UserHandler in libjvm.so, mask=11100100010111111101111111111110, flags=SA_RESTART|SA_SIGINFO, unblocked
   SIGTRAP: crash_handler in libjvm.so, mask=11100100010111111101111111111110, flags=SA_RESTART|SA_SIGINFO, unblocked


Periodic native trim disabled


---------------  S Y S T E M  ---------------

OS:
PRETTY_NAME="Debian GNU/Linux 12 (bookworm)"
NAME="Debian GNU/Linux"
VERSION_ID="12"
VERSION="12 (bookworm)"
VERSION_CODENAME=bookworm
ID=debian
HOME_URL="https://www.debian.org/"
SUPPORT_URL="https://www.debian.org/support"
BUG_REPORT_URL="https://bugs.debian.org/"
uname: Linux 4.19.91-c8dfc93.al7.x86_64 #1 SMP Tue Sep 26 10:25:51 UTC 2023 x86_64
OS uptime: 0 days 1:36 hours
libc: glibc 2.36 NPTL 2.36 
rlimit (soft/hard): STACK 8192k/infinity , CORE 0k/0k , NPROC 100000/100000 , NOFILE 100000/100000 , AS infinity/infinity , CPU infinity/infinity , DATA infinity/infinity , FSIZE infinity/infinity , MEMLOCK 64k/64k
load average: 1.58 0.95 0.49

/proc/meminfo:
MemTotal:        2152516 kB
MemFree:           30040 kB
MemAvailable:      32420 kB
Buffers:            5664 kB
Cached:            36368 kB
SwapCached:            0 kB
Active:          1999032 kB
Inactive:          26792 kB
Active(anon):    1983948 kB
Inactive(anon):       16 kB
Active(file):      15084 kB
Inactive(file):    26776 kB
Unevictable:           0 kB
Mlocked:               0 kB
SwapTotal:             0 kB
SwapFree:              0 kB
Dirty:               620 kB
Writeback:             0 kB
AnonPages:       1983932 kB
Mapped:            15376 kB
Shmem:                36 kB
Slab:              45252 kB
SReclaimable:      30196 kB
SUnreclaim:        15056 kB
KernelStack:        3440 kB
PageTables:         5784 kB
NFS_Unstable:          0 kB
Bounce:                0 kB
WritebackTmp:          0 kB
CommitLimit:     1076256 kB
Committed_AS:    2208460 kB
VmallocTotal:   34359738367 kB
VmallocUsed:           0 kB
VmallocChunk:          0 kB
Percpu:              384 kB
AnonHugePages:      2048 kB
ShmemHugePages:        0 kB
ShmemPmdMapped:        0 kB
HugePages_Total:       0
HugePages_Free:        0
HugePages_Rsvd:        0
HugePages_Surp:        0
Hugepagesize:       2048 kB
Hugetlb:               0 kB
DirectMap4k:        8192 kB
DirectMap2M:     2523136 kB
DirectMap1G:           0 kB

/sys/kernel/mm/transparent_hugepage/enabled: [always] madvise never
/sys/kernel/mm/transparent_hugepage/hpage_pmd_size: 2097152
/sys/kernel/mm/transparent_hugepage/defrag (defrag/compaction efforts parameter): always defer defer+madvise madvise [never]

Process Memory:
Virtual Size: 3587928K (peak: 4260964K)
Resident Set Size: 725668K (peak: 725668K) (anon: 714816K, file: 10852K, shmem: 0K)
Swapped out: 0K
C-Heap outstanding allocations: 99458K, retained: 30513K
glibc malloc tunables: (default)

/proc/sys/kernel/threads-max (system-wide limit on the number of threads): 1129
/proc/sys/vm/max_map_count (maximum number of memory map areas a process may have): 65530
/proc/sys/vm/swappiness (control to define how aggressively the kernel swaps out anonymous memory): 60
/proc/sys/kernel/pid_max (system-wide limit on number of process identifiers): 32768

container (cgroup) information:
container_type: cgroupv1
cpu_cpuset_cpus: 0-1
cpu_memory_nodes: 0
active_processor_count: 2
cpu_quota: no quota
cpu_period: 100000
cpu_shares: 12288
memory_limit_in_bytes: 2097152 k
memory_and_swap_limit_in_bytes: unlimited
memory_soft_limit_in_bytes: unlimited
memory_usage_in_bytes: 2058464 k
memory_max_usage_in_bytes: 2061856 k
rss_usage_in_bytes: 1976148 k
cache_usage_in_bytes: 41944 k
kernel_memory_limit_in_bytes: unlimited
kernel_memory_usage_in_bytes: 40140 k
kernel_memory_max_usage_in_bytes: 344768 k
maximum number of tasks: unlimited
current number of tasks: 141

KVM virtualization detected
Steal ticks since vm start: 5073
Steal ticks percentage since vm start:  0.398

CPU: total 2 (initial active 2) (2 cores per cpu, 1 threads per core) family 6 model 85 stepping 7 microcode 0x1, cx8, cmov, fxsr, mmx, 3dnowpref, sse, sse2, sse3, ssse3, sse4.1, sse4.2, popcnt, lzcnt, tsc, tscinvbit, avx, avx2, aes, erms, clmul, bmi1, bmi2, adx, avx512f, avx512dq, avx512cd, avx512bw, avx512vl, fma, vzeroupper, avx512_vnni, clflush, clflushopt, clwb, hv
CPU Model and flags from /proc/cpuinfo:
model name	: Intel(R) Xeon(R) Processor @ 2.50GHz
flags		: fpu vme de pse tsc msr pae mce cx8 apic sep mtrr pge mca cmov pat pse36 clflush mmx fxsr sse sse2 ss ht syscall nx pdpe1gb rdtscp lm constant_tsc rep_good nopl xtopology nonstop_tsc cpuid tsc_known_freq pni pclmulqdq ssse3 fma cx16 pcid sse4_1 sse4_2 x2apic movbe popcnt tsc_deadline_timer aes xsave avx f16c rdrand hypervisor lahf_lm abm 3dnowprefetch cpuid_fault invpcid_single ssbd ibrs ibpb stibp ibrs_enhanced fsgsbase tsc_adjust bmi1 avx2 smep bmi2 erms invpcid mpx avx512f avx512dq rdseed adx smap clflushopt clwb avx512cd avx512bw avx512vl xsaveopt xsavec xgetbv1 xsaves umip avx512_vnni md_clear arch_capabilities

Online cpus: 0-1
Offline cpus: 
BIOS frequency limitation: <Not Available>
Frequency switch latency (ns): <Not Available>
Available cpu frequencies: <Not Available>
Current governor: <Not Available>
Core performance/turbo boost: <Not Available>

Memory: 4k page, physical 2097152k(38688k free), swap 0k(0k free)
Page Sizes: 4k

vm_info: OpenJDK 64-Bit Server VM (17.0.20.1+1-1-deb12u1-Debian) for linux-amd64 JRE (17.0.20.1+1-1-deb12u1-Debian), built on Aug 26 2026 10:41:50 by "buildd" with gcc 12.2.0

END.
