#
# There is insufficient memory for the Java Runtime Environment to continue.
# Native memory allocation (mmap) failed to map 305135616 bytes. Error detail: committing reserved memory.
# Possible reasons:
#   The system is out of physical RAM or swap space
#   This process is running with CompressedOops enabled, and the Java Heap may be blocking the growth of the native heap
# Possible solutions:
#   Reduce memory load on the system
#   Increase physical memory or swap space
#   Check if swap backing store is full
#   Decrease Java heap size (-Xmx/-Xms)
#   Decrease number of Java threads
#   Decrease Java thread stack sizes (-Xss)
#   Set larger code cache with -XX:ReservedCodeCacheSize=
#   JVM is running with Unscaled Compressed Oops mode in which the Java heap is
#     placed in the first 4GB address space. The Java Heap base address is the
#     maximum limit for the native heap growth. Please use -XX:HeapBaseMinAddress
#     to set the Java Heap base and to place the Java Heap above 4GB virtual address.
# This output file may be truncated or incomplete.
#
#  Out of Memory Error (os_linux.cpp:2834), pid=6973, tid=6983
#
# JRE version: OpenJDK Runtime Environment (17.0.20.1+1) (build 17.0.20.1+1-1-deb12u1-Debian)
# Java VM: OpenJDK 64-Bit Server VM (17.0.20.1+1-1-deb12u1-Debian, mixed mode, sharing, tiered, compressed oops, compressed class ptrs, g1 gc, linux-amd64)
# No core dump will be written. Core dumps have been disabled. To enable core dumping, try "ulimit -c unlimited" before starting Java again
#

---------------  S U M M A R Y ------------

Command Line: --add-opens=java.base/java.lang=ALL-UNNAMED --add-opens=java.base/java.lang.invoke=ALL-UNNAMED --add-opens=java.base/java.util=ALL-UNNAMED --add-opens=java.prefs/java.util.prefs=ALL-UNNAMED --add-exports=jdk.compiler/com.sun.tools.javac.api=ALL-UNNAMED --add-exports=jdk.compiler/com.sun.tools.javac.util=ALL-UNNAMED --add-opens=java.base/java.util=ALL-UNNAMED --add-opens=java.prefs/java.util.prefs=ALL-UNNAMED --add-opens=java.base/java.nio.charset=ALL-UNNAMED --add-opens=java.base/java.net=ALL-UNNAMED --add-opens=java.base/java.util.concurrent.atomic=ALL-UNNAMED --add-opens=java.xml/javax.xml.namespace=ALL-UNNAMED -XX:MaxMetaspaceSize=512m -Xmx2048m -Dfile.encoding=UTF-8 -Duser.country -Duser.language=en -Duser.variant -javaagent:/root/.gradle/wrapper/dists/gradle-8.14.3-bin/cv11ve7ro1n3o1j4so8xd9n66/gradle-8.14.3/lib/agents/gradle-instrumentation-agent-8.14.3.jar org.gradle.launcher.daemon.bootstrap.GradleDaemon 8.14.3

Host: Intel(R) Xeon(R) Processor @ 2.50GHz, 2 cores, 2G, Debian GNU/Linux 12 (bookworm)
Time: Wed Sep  2 04:11:42 2026 UTC elapsed time: 40.760948 seconds (0d 0h 0m 40s)

---------------  T H R E A D  ---------------

Current thread (0x00007fd52c0d30d0):  VMThread "VM Thread" [stack: 0x00007fd53038c000,0x00007fd53048c000] [id=6983]

Stack: [0x00007fd53038c000,0x00007fd53048c000],  sp=0x00007fd530489d70,  free space=1015k
Native frames: (J=compiled Java code, j=interpreted, Vv=VM code, C=native code)
V  [libjvm.so+0xf21211]  VMError::report_and_die(int, char const*, char const*, __va_list_tag*, Thread*, unsigned char*, void*, void*, char const*, int, unsigned long)+0x171
V  [libjvm.so+0xf21d7d]  VMError::report_and_die(Thread*, char const*, int, unsigned long, VMErrorType, char const*, __va_list_tag*)+0x2d
V  [libjvm.so+0x60378c]  report_vm_out_of_memory(char const*, int, unsigned long, VMErrorType, char const*, ...)+0xdc
V  [libjvm.so+0xc2a14b]  os::pd_commit_memory_or_exit(char*, unsigned long, unsigned long, bool, char const*)+0xeb
V  [libjvm.so+0xc23ffb]  os::commit_memory_or_exit(char*, unsigned long, unsigned long, bool, char const*)+0x1b
V  [libjvm.so+0x733436]  G1PageBasedVirtualSpace::commit(unsigned long, unsigned long)+0x66
V  [libjvm.so+0x7473e0]  G1RegionsLargerThanCommitSizeMapper::commit_regions(unsigned int, unsigned long, WorkGang*)+0x110
V  [libjvm.so+0x7dadc8]  HeapRegionManager::commit_regions(unsigned int, unsigned long, WorkGang*)+0x88
V  [libjvm.so+0x7dcc0b]  HeapRegionManager::expand(unsigned int, unsigned int, WorkGang*)+0x2b
V  [libjvm.so+0x7dce27]  HeapRegionManager::expand_by(unsigned int, WorkGang*)+0x77
V  [libjvm.so+0x6ebed8]  G1CollectedHeap::expand(unsigned long, WorkGang*, double*)+0xe8
V  [libjvm.so+0x6efb29]  G1CollectedHeap::do_collection_pause_at_safepoint_helper(double)+0x8a9
V  [libjvm.so+0x6efb8f]  G1CollectedHeap::do_collection_pause_at_safepoint(double)+0x2f
V  [libjvm.so+0x76b9d7]  VM_G1CollectForAllocation::doit()+0x47
V  [libjvm.so+0xf26715]  VM_Operation::evaluate()+0xe5
V  [libjvm.so+0xf28005]  VMThread::evaluate_operation(VM_Operation*)+0x105
V  [libjvm.so+0xf2857f]  VMThread::inner_execute(VM_Operation*)+0x28f
V  [libjvm.so+0xf2878f]  VMThread::run()+0xbf
V  [libjvm.so+0xea40a5]  Thread::call_run()+0xa5
V  [libjvm.so+0xc2c8f3]  thread_native_entry(Thread*)+0xe3

VM_Operation (0x00007fd510249950): G1CollectForAllocation, mode: safepoint, requested by thread 0x00007fd4cc00ccc0


---------------  P R O C E S S  ---------------

Threads class SMR info:
_java_thread_list=0x00007fd4fe7ff1a0, length=73, elements={
0x00007fd52c01ad20, 0x00007fd52c0d71d0, 0x00007fd52c0d85b0, 0x00007fd52c0df290,
0x00007fd52c0e0640, 0x00007fd52c0e1a50, 0x00007fd52c0e3400, 0x00007fd52c0e4930,
0x00007fd52c0e5da0, 0x00007fd52c0f9f00, 0x00007fd52c1e9d50, 0x00007fd52d3c7d30,
0x00007fd52d436e60, 0x00007fd52d468130, 0x00007fd4c4017130, 0x00007fd4cc0044f0,
0x00007fd4cc007130, 0x00007fd4cc00ccc0, 0x00007fd4fc007590, 0x00007fd4fc009810,
0x00007fd4fc00b290, 0x00007fd4fc1c78d0, 0x00007fd4fc1cd8a0, 0x00007fd4fc1e3880,
0x00007fd4fc246b90, 0x00007fd4fc63cdf0, 0x00007fd4fcaf4b20, 0x00007fd4fcbd0500,
0x00007fd4fcbdc8b0, 0x00007fd4fcdb5420, 0x00007fd4d00090c0, 0x00007fd4d000ac00,
0x00007fd4d000c110, 0x00007fd4fceb3540, 0x00007fd4fcec8d60, 0x00007fd4fcf442e0,
0x00007fd4fd12f840, 0x00007fd4fd151bc0, 0x00007fd4fd15fdc0, 0x00007fd4fd330310,
0x00007fd4fd4c7630, 0x00007fd4fd4c9c60, 0x00007fd4fd4843c0, 0x00007fd4fccb6b40,
0x00007fd4fd5336d0, 0x00007fd4fd6452b0, 0x00007fd4fd6d1e60, 0x00007fd4fdc3b750,
0x00007fd4fdc3c670, 0x00007fd4fdc3dd20, 0x00007fd4fdd60df0, 0x00007fd4fdd69300,
0x00007fd4fdd69db0, 0x00007fd504006d30, 0x00007fd50c0530b0, 0x00007fd504014c40,
0x00007fd50c06fe70, 0x00007fd50402b530, 0x00007fd50401c640, 0x00007fd50c0812d0,
0x00007fd50c08faf0, 0x00007fd50402daf0, 0x00007fd504030c00, 0x00007fd50c0831e0,
0x00007fd50c0a7320, 0x00007fd50404e8d0, 0x00007fd4fd9d6160, 0x00007fd4fd91fe60,
0x00007fd4fd97f860, 0x00007fd504032590, 0x00007fd4fda1c670, 0x00007fd4fe09b040,
0x00007fd4fe7fd710
}

Java Threads: ( => current thread )
  0x00007fd52c01ad20 JavaThread "main" [_thread_blocked, id=6976, stack(0x00007fd531e23000,0x00007fd531f23000)]
  0x00007fd52c0d71d0 JavaThread "Reference Handler" daemon [_thread_blocked, id=6984, stack(0x00007fd53028b000,0x00007fd53038b000)]
  0x00007fd52c0d85b0 JavaThread "Finalizer" daemon [_thread_blocked, id=6985, stack(0x00007fd53018a000,0x00007fd53028a000)]
  0x00007fd52c0df290 JavaThread "Signal Dispatcher" daemon [_thread_blocked, id=6986, stack(0x00007fd530032000,0x00007fd530132000)]
  0x00007fd52c0e0640 JavaThread "Service Thread" daemon [_thread_blocked, id=6987, stack(0x00007fd511411000,0x00007fd511511000)]
  0x00007fd52c0e1a50 JavaThread "Monitor Deflation Thread" daemon [_thread_blocked, id=6988, stack(0x00007fd511310000,0x00007fd511410000)]
  0x00007fd52c0e3400 JavaThread "C2 CompilerThread0" daemon [_thread_blocked, id=6989, stack(0x00007fd51120f000,0x00007fd51130f000)]
  0x00007fd52c0e4930 JavaThread "C1 CompilerThread0" daemon [_thread_blocked, id=6990, stack(0x00007fd51110e000,0x00007fd51120e000)]
  0x00007fd52c0e5da0 JavaThread "Sweeper thread" daemon [_thread_blocked, id=6991, stack(0x00007fd51100d000,0x00007fd51110d000)]
  0x00007fd52c0f9f00 JavaThread "Common-Cleaner" daemon [_thread_blocked, id=6992, stack(0x00007fd510f0c000,0x00007fd51100c000)]
  0x00007fd52c1e9d50 JavaThread "Notification Thread" daemon [_thread_blocked, id=6993, stack(0x00007fd510e0b000,0x00007fd510f0b000)]
  0x00007fd52d3c7d30 JavaThread "Daemon health stats" [_thread_blocked, id=7002, stack(0x00007fd510761000,0x00007fd510861000)]
  0x00007fd52d436e60 JavaThread "Incoming local TCP Connector on port 44535" [_thread_in_native, id=7003, stack(0x00007fd51065b000,0x00007fd51075b000)]
  0x00007fd52d468130 JavaThread "Daemon periodic checks" [_thread_blocked, id=7005, stack(0x00007fd51055a000,0x00007fd51065a000)]
  0x00007fd4c4017130 JavaThread "Daemon" [_thread_blocked, id=7006, stack(0x00007fd510459000,0x00007fd510559000)]
  0x00007fd4cc0044f0 JavaThread "Handler for socket connection from /127.0.0.1:44535 to /127.0.0.1:59990" [_thread_in_native, id=7007, stack(0x00007fd510358000,0x00007fd510458000)]
  0x00007fd4cc007130 JavaThread "Cancel handler" [_thread_blocked, id=7008, stack(0x00007fd510257000,0x00007fd510357000)]
  0x00007fd4cc00ccc0 JavaThread "Daemon worker" [_thread_blocked, id=7009, stack(0x00007fd510156000,0x00007fd510256000)]
  0x00007fd4fc007590 JavaThread "Asynchronous log dispatcher for DefaultDaemonConnection: socket connection from /127.0.0.1:44535 to /127.0.0.1:59990" [_thread_blocked, id=7010, stack(0x00007fd510055000,0x00007fd510155000)]
  0x00007fd4fc009810 JavaThread "Stdin handler" [_thread_blocked, id=7011, stack(0x00007fd501f00000,0x00007fd502000000)]
  0x00007fd4fc00b290 JavaThread "Daemon client event forwarder" [_thread_blocked, id=7012, stack(0x00007fd501dff000,0x00007fd501eff000)]
  0x00007fd4fc1c78d0 JavaThread "Cache worker for journal cache (/root/.gradle/caches/journal-1)" [_thread_blocked, id=7014, stack(0x00007fd501cfe000,0x00007fd501dfe000)]
  0x00007fd4fc1cd8a0 JavaThread "File lock request listener" [_thread_in_native, id=7015, stack(0x00007fd501bfd000,0x00007fd501cfd000)]
  0x00007fd4fc1e3880 JavaThread "Cache worker for file hash cache (/root/.gradle/caches/8.14.3/fileHashes)" [_thread_blocked, id=7016, stack(0x00007fd501afc000,0x00007fd501bfc000)]
  0x00007fd4fc246b90 JavaThread "Cache worker for file hash cache (/workspace/android/.gradle/8.14.3/fileHashes)" [_thread_blocked, id=7020, stack(0x00007fd5019fb000,0x00007fd501afb000)]
  0x00007fd4fc63cdf0 JavaThread "Cache worker for Build Output Cleanup Cache (/workspace/android/.gradle/buildOutputCleanup)" [_thread_blocked, id=7021, stack(0x00007fd5018fa000,0x00007fd5019fa000)]
  0x00007fd4fcaf4b20 JavaThread "jar transforms" [_thread_blocked, id=7026, stack(0x00007fd5017f9000,0x00007fd5018f9000)]
  0x00007fd4fcbd0500 JavaThread "Cache worker for checksums cache (/workspace/android/.gradle/8.14.3/checksums)" [_thread_blocked, id=7028, stack(0x00007fd5016f8000,0x00007fd5017f8000)]
  0x00007fd4fcbdc8b0 JavaThread "Cache worker for file content cache (/root/.gradle/caches/8.14.3/fileContent)" [_thread_blocked, id=7029, stack(0x00007fd5015f7000,0x00007fd5016f7000)]
  0x00007fd4fcdb5420 JavaThread "Exec process" [_thread_blocked, id=7031, stack(0x00007fd5012ba000,0x00007fd5013ba000)]
  0x00007fd4d00090c0 JavaThread "process reaper" daemon [_thread_blocked, id=7033, stack(0x00007fd510032000,0x00007fd510054000)]
  0x00007fd4d000ac00 JavaThread "Exec process Thread 2" [_thread_blocked, id=7034, stack(0x00007fd5014f6000,0x00007fd5015f6000)]
  0x00007fd4d000c110 JavaThread "Exec process Thread 3" [_thread_blocked, id=7035, stack(0x00007fd5013f5000,0x00007fd5014f5000)]
  0x00007fd4fceb3540 JavaThread "Cache worker for cache directory md-supplier (/root/.gradle/caches/8.14.3/md-supplier)" [_thread_blocked, id=7051, stack(0x00007fd5011b9000,0x00007fd5012b9000)]
  0x00007fd4fcec8d60 JavaThread "Cache worker for cache directory md-rule (/root/.gradle/caches/8.14.3/md-rule)" [_thread_blocked, id=7052, stack(0x00007fd5010b8000,0x00007fd5011b8000)]
  0x00007fd4fcf442e0 JavaThread "Cache worker for Build Output Cleanup Cache (/workspace/node_modules/@react-native/gradle-plugin/.gradle/buildOutputCleanup)" [_thread_blocked, id=7053, stack(0x00007fd500fb7000,0x00007fd5010b7000)]
  0x00007fd4fd12f840 JavaThread "Unconstrained build operations" [_thread_blocked, id=7058, stack(0x00007fd500eb6000,0x00007fd500fb6000)]
  0x00007fd4fd151bc0 JavaThread "Unconstrained build operations Thread 2" [_thread_blocked, id=7060, stack(0x00007fd500db5000,0x00007fd500eb5000)]
  0x00007fd4fd15fdc0 JavaThread "Unconstrained build operations Thread 3" [_thread_blocked, id=7061, stack(0x00007fd500cb4000,0x00007fd500db4000)]
  0x00007fd4fd330310 JavaThread "Cache worker for Build Output Cleanup Cache (/workspace/node_modules/expo-modules-autolinking/android/expo-gradle-plugin/.gradle/buildOutputCleanup)" [_thread_blocked, id=7064, stack(0x00007fd500bb3000,0x00007fd500cb3000)]
  0x00007fd4fd4c7630 JavaThread "Unconstrained build operations Thread 4" [_thread_blocked, id=7069, stack(0x00007fd500ab2000,0x00007fd500bb2000)]
  0x00007fd4fd4c9c60 JavaThread "Unconstrained build operations Thread 5" [_thread_blocked, id=7070, stack(0x00007fd5009b1000,0x00007fd500ab1000)]
  0x00007fd4fd4843c0 JavaThread "Unconstrained build operations Thread 6" [_thread_blocked, id=7071, stack(0x00007fd5008b0000,0x00007fd5009b0000)]
  0x00007fd4fccb6b40 JavaThread "build event listener" [_thread_blocked, id=7076, stack(0x00007fd5007af000,0x00007fd5008af000)]
  0x00007fd4fd5336d0 JavaThread "Memory manager" [_thread_blocked, id=7079, stack(0x00007fd5006ae000,0x00007fd5007ae000)]
  0x00007fd4fd6452b0 JavaThread "Unconstrained build operations Thread 7" [_thread_blocked, id=7085, stack(0x00007fd5005ad000,0x00007fd5006ad000)]
  0x00007fd4fd6d1e60 JavaThread "build event listener" [_thread_blocked, id=7087, stack(0x00007fd5004ac000,0x00007fd5005ac000)]
  0x00007fd4fdc3b750 JavaThread "Unconstrained build operations Thread 8" [_thread_blocked, id=7091, stack(0x00007fd5003ab000,0x00007fd5004ab000)]
  0x00007fd4fdc3c670 JavaThread "Unconstrained build operations Thread 9" [_thread_blocked, id=7092, stack(0x00007fd5002aa000,0x00007fd5003aa000)]
  0x00007fd4fdc3dd20 JavaThread "Unconstrained build operations Thread 10" [_thread_blocked, id=7093, stack(0x00007fd5001a9000,0x00007fd5002a9000)]
  0x00007fd4fdd60df0 JavaThread "ForkJoinPool.commonPool-worker-1" daemon [_thread_blocked, id=7097, stack(0x00007fd5000a8000,0x00007fd5001a8000)]
  0x00007fd4fdd69300 JavaThread "included builds" [_thread_blocked, id=7098, stack(0x00007fd4d8f00000,0x00007fd4d9000000)]
  0x00007fd4fdd69db0 JavaThread "included builds Thread 2" [_thread_blocked, id=7099, stack(0x00007fd4d8dff000,0x00007fd4d8eff000)]
  0x00007fd504006d30 JavaThread "Execution worker" [_thread_blocked, id=7100, stack(0x00007fd4d8cfe000,0x00007fd4d8dfe000)]
  0x00007fd50c0530b0 JavaThread "Cache worker for execution history cache (/workspace/node_modules/@react-native/gradle-plugin/.gradle/8.14.3/executionHistory)" [_thread_blocked, id=7101, stack(0x00007fd4d8bfd000,0x00007fd4d8cfd000)]
  0x00007fd504014c40 JavaThread "Cache worker for execution history cache (/workspace/node_modules/expo-modules-autolinking/android/expo-gradle-plugin/.gradle/8.14.3/executionHistory)" [_thread_blocked, id=7102, stack(0x00007fd4d8afc000,0x00007fd4d8bfc000)]
  0x00007fd50c06fe70 JavaThread "Unconstrained build operations Thread 11" [_thread_blocked, id=7104, stack(0x00007fd4d89fb000,0x00007fd4d8afb000)]
  0x00007fd50402b530 JavaThread "Unconstrained build operations Thread 12" [_thread_blocked, id=7105, stack(0x00007fd4d88fa000,0x00007fd4d89fa000)]
  0x00007fd50401c640 JavaThread "Unconstrained build operations Thread 13" [_thread_blocked, id=7106, stack(0x00007fd4d87f9000,0x00007fd4d88f9000)]
  0x00007fd50c0812d0 JavaThread "Unconstrained build operations Thread 14" [_thread_blocked, id=7108, stack(0x00007fd4d86f8000,0x00007fd4d87f8000)]
  0x00007fd50c08faf0 JavaThread "Unconstrained build operations Thread 15" [_thread_blocked, id=7109, stack(0x00007fd4d85f7000,0x00007fd4d86f7000)]
  0x00007fd50402daf0 JavaThread "Unconstrained build operations Thread 16" [_thread_blocked, id=7110, stack(0x00007fd4d84f6000,0x00007fd4d85f6000)]
  0x00007fd504030c00 JavaThread "Unconstrained build operations Thread 17" [_thread_blocked, id=7111, stack(0x00007fd4d83f5000,0x00007fd4d84f5000)]
  0x00007fd50c0831e0 JavaThread "Unconstrained build operations Thread 18" [_thread_blocked, id=7112, stack(0x00007fd4d82f4000,0x00007fd4d83f4000)]
  0x00007fd50c0a7320 JavaThread "Unconstrained build operations Thread 19" [_thread_blocked, id=7113, stack(0x00007fd4d81f3000,0x00007fd4d82f3000)]
  0x00007fd50404e8d0 JavaThread "Unconstrained build operations Thread 20" [_thread_blocked, id=7114, stack(0x00007fd4d80f2000,0x00007fd4d81f2000)]
  0x00007fd4fd9d6160 JavaThread "jar transforms Thread 2" [_thread_blocked, id=7124, stack(0x00007fd4aff00000,0x00007fd4b0000000)]
  0x00007fd4fd91fe60 JavaThread "Cache worker for Build Output Cleanup Cache (/workspace/node_modules/expo-modules-core/expo-module-gradle-plugin/.gradle/buildOutputCleanup)" [_thread_blocked, id=7153, stack(0x00007fd4afdff000,0x00007fd4afeff000)]
  0x00007fd4fd97f860 JavaThread "build event listener" [_thread_blocked, id=7155, stack(0x00007fd4afcfe000,0x00007fd4afdfe000)]
  0x00007fd504032590 JavaThread "Cache worker for execution history cache (/workspace/node_modules/expo-modules-core/expo-module-gradle-plugin/.gradle/8.14.3/executionHistory)" [_thread_blocked, id=7159, stack(0x00007fd4afbfd000,0x00007fd4afcfd000)]
  0x00007fd4fda1c670 JavaThread "included builds Thread 3" [_thread_blocked, id=7160, stack(0x00007fd4afafc000,0x00007fd4afbfc000)]
  0x00007fd4fe09b040 JavaThread "Problems report writer" [_thread_blocked, id=7168, stack(0x00007fd4af9fb000,0x00007fd4afafb000)]
  0x00007fd4fe7fd710 JavaThread "build event listener" [_thread_blocked, id=7178, stack(0x00007fd4af8fa000,0x00007fd4af9fa000)]

Other Threads:
=>0x00007fd52c0d30d0 VMThread "VM Thread" [stack: 0x00007fd53038c000,0x00007fd53048c000] [id=6983]
  0x00007fd52c01d0e0 WatcherThread [stack: 0x00007fd510d0a000,0x00007fd510e0a000] [id=6994]
  0x00007fd52c075bf0 GCTaskThread "GC Thread#0" [stack: 0x00007fd530cb8000,0x00007fd530db8000] [id=6978]
  0x00007fd4d4004990 GCTaskThread "GC Thread#1" [stack: 0x00007fd510c09000,0x00007fd510d09000] [id=6996]
  0x00007fd52c0871d0 ConcurrentGCThread "G1 Main Marker" [stack: 0x00007fd530bb7000,0x00007fd530cb7000] [id=6979]
  0x00007fd52c088140 ConcurrentGCThread "G1 Conc#0" [stack: 0x00007fd530ab6000,0x00007fd530bb6000] [id=6980]
  0x00007fd52c0a6d70 ConcurrentGCThread "G1 Refine#0" [stack: 0x00007fd5307b3000,0x00007fd5308b3000] [id=6981]
  0x00007fd4fc000ea0 ConcurrentGCThread "G1 Refine#1" [stack: 0x00007fd51086a000,0x00007fd51096a000] [id=6998]
  0x00007fd52c0a7c70 ConcurrentGCThread "G1 Service" [stack: 0x00007fd5306b2000,0x00007fd5307b2000] [id=6982]

Threads with active compile tasks:
C2 CompilerThread0  40776 13632       4       java.lang.Class::getMethodsRecursive (99 bytes)

VM state: at safepoint (normal execution)

VM Mutex/Monitor currently owned by a thread:  ([mutex/lock_event])
[0x00007fd52c017b10] Threads_lock - owner thread: 0x00007fd52c0d30d0
[0x00007fd52c0182c0] Heap_lock - owner thread: 0x00007fd4cc00ccc0

Heap address: 0x0000000080000000, size: 2048 MB, Compressed Oops mode: 32-bit

CDS archive(s) mapped at: [0x00007fd4d9000000-0x00007fd4d9bca000-0x00007fd4d9bca000), size 12361728, SharedBaseAddress: 0x00007fd4d9000000, ArchiveRelocationMode: 1.
Compressed class space mapped at: 0x00007fd4da000000-0x00007fd4f4000000, reserved size: 436207616
Narrow klass base: 0x00007fd4d9000000, Narrow klass shift: 0, Narrow klass range: 0x100000000

GC Precious Log:
 CPUs: 2 total, 2 available
 Memory: 2048M
 Large Page Support: Disabled
 NUMA Support: Disabled
 Compressed Oops: Enabled (32-bit)
 Heap Region Size: 1M
 Heap Min Capacity: 8M
 Heap Initial Capacity: 32M
 Heap Max Capacity: 2G
 Pre-touch: Disabled
 Parallel Workers: 2
 Concurrent Workers: 1
 Concurrent Refinement Workers: 2
 Periodic GC: Disabled

Heap:
 garbage-first heap   total 269312K, used 116720K [0x0000000080000000, 0x0000000100000000)
  region size 1024K, 7 young (7168K), 7 survivors (7168K)
 Metaspace       used 99080K, committed 100224K, reserved 557056K
  class space    used 13723K, committed 14272K, reserved 425984K

Heap Regions: E=young(eden), S=young(survivor), O=old, HS=humongous(starts), HC=humongous(continues), CS=collection set, F=free, OA=open archive, CA=closed archive, TAMS=top-at-mark-start (previous, next)
|   0|0x0000000080000000, 0x0000000080100000, 0x0000000080100000|100%|HS|  |TAMS 0x0000000080100000, 0x0000000080100000| Complete 
|   1|0x0000000080100000, 0x0000000080200000, 0x0000000080200000|100%|HC|  |TAMS 0x0000000080200000, 0x0000000080200000| Complete 
|   2|0x0000000080200000, 0x0000000080300000, 0x0000000080300000|100%|HC|  |TAMS 0x0000000080300000, 0x0000000080300000| Complete 
|   3|0x0000000080300000, 0x0000000080400000, 0x0000000080400000|100%| O|  |TAMS 0x0000000080400000, 0x0000000080400000| Untracked 
|   4|0x0000000080400000, 0x0000000080500000, 0x0000000080500000|100%| O|  |TAMS 0x0000000080500000, 0x0000000080500000| Untracked 
|   5|0x0000000080500000, 0x0000000080600000, 0x0000000080600000|100%| O|  |TAMS 0x0000000080600000, 0x0000000080600000| Untracked 
|   6|0x0000000080600000, 0x0000000080700000, 0x0000000080700000|100%| O|  |TAMS 0x0000000080700000, 0x0000000080700000| Untracked 
|   7|0x0000000080700000, 0x0000000080800000, 0x0000000080800000|100%| O|  |TAMS 0x0000000080800000, 0x0000000080800000| Untracked 
|   8|0x0000000080800000, 0x0000000080900000, 0x0000000080900000|100%| O|  |TAMS 0x0000000080900000, 0x0000000080900000| Untracked 
|   9|0x0000000080900000, 0x0000000080a00000, 0x0000000080a00000|100%| O|  |TAMS 0x0000000080a00000, 0x0000000080a00000| Untracked 
|  10|0x0000000080a00000, 0x0000000080b00000, 0x0000000080b00000|100%|HS|  |TAMS 0x0000000080b00000, 0x0000000080b00000| Complete 
|  11|0x0000000080b00000, 0x0000000080c00000, 0x0000000080c00000|100%| O|  |TAMS 0x0000000080c00000, 0x0000000080c00000| Untracked 
|  12|0x0000000080c00000, 0x0000000080d00000, 0x0000000080d00000|100%| O|  |TAMS 0x0000000080d00000, 0x0000000080d00000| Untracked 
|  13|0x0000000080d00000, 0x0000000080e00000, 0x0000000080e00000|100%| O|  |TAMS 0x0000000080e00000, 0x0000000080e00000| Untracked 
|  14|0x0000000080e00000, 0x0000000080f00000, 0x0000000080f00000|100%| O|  |TAMS 0x0000000080f00000, 0x0000000080f00000| Untracked 
|  15|0x0000000080f00000, 0x0000000081000000, 0x0000000081000000|100%| O|  |TAMS 0x0000000081000000, 0x0000000081000000| Untracked 
|  16|0x0000000081000000, 0x0000000081100000, 0x0000000081100000|100%| O|  |TAMS 0x0000000081100000, 0x0000000081100000| Untracked 
|  17|0x0000000081100000, 0x0000000081200000, 0x0000000081200000|100%| O|  |TAMS 0x0000000081200000, 0x0000000081200000| Untracked 
|  18|0x0000000081200000, 0x0000000081300000, 0x0000000081300000|100%| O|  |TAMS 0x0000000081300000, 0x0000000081300000| Untracked 
|  19|0x0000000081300000, 0x0000000081400000, 0x0000000081400000|100%| O|  |TAMS 0x0000000081400000, 0x0000000081400000| Untracked 
|  20|0x0000000081400000, 0x0000000081500000, 0x0000000081500000|100%| O|  |TAMS 0x0000000081500000, 0x0000000081500000| Untracked 
|  21|0x0000000081500000, 0x0000000081600000, 0x0000000081600000|100%| O|  |TAMS 0x0000000081600000, 0x0000000081600000| Untracked 
|  22|0x0000000081600000, 0x0000000081600000, 0x0000000081700000|  0%| F|  |TAMS 0x0000000081600000, 0x0000000081600000| Untracked 
|  23|0x0000000081700000, 0x0000000081700000, 0x0000000081800000|  0%| F|  |TAMS 0x0000000081700000, 0x0000000081700000| Untracked 
|  24|0x0000000081800000, 0x0000000081900000, 0x0000000081900000|100%| O|  |TAMS 0x0000000081900000, 0x0000000081900000| Untracked 
|  25|0x0000000081900000, 0x0000000081a00000, 0x0000000081a00000|100%| O|  |TAMS 0x0000000081a00000, 0x0000000081a00000| Untracked 
|  26|0x0000000081a00000, 0x0000000081b00000, 0x0000000081b00000|100%| O|  |TAMS 0x0000000081b00000, 0x0000000081b00000| Untracked 
|  27|0x0000000081b00000, 0x0000000081c00000, 0x0000000081c00000|100%| O|  |TAMS 0x0000000081c00000, 0x0000000081c00000| Untracked 
|  28|0x0000000081c00000, 0x0000000081d00000, 0x0000000081d00000|100%| O|  |TAMS 0x0000000081d00000, 0x0000000081d00000| Untracked 
|  29|0x0000000081d00000, 0x0000000081e00000, 0x0000000081e00000|100%| O|  |TAMS 0x0000000081e00000, 0x0000000081e00000| Untracked 
|  30|0x0000000081e00000, 0x0000000081f00000, 0x0000000081f00000|100%| O|  |TAMS 0x0000000081f00000, 0x0000000081f00000| Untracked 
|  31|0x0000000081f00000, 0x0000000082000000, 0x0000000082000000|100%| O|  |TAMS 0x0000000082000000, 0x0000000082000000| Untracked 
|  32|0x0000000082000000, 0x0000000082100000, 0x0000000082100000|100%| O|  |TAMS 0x0000000082100000, 0x0000000082100000| Untracked 
|  33|0x0000000082100000, 0x0000000082200000, 0x0000000082200000|100%| O|  |TAMS 0x0000000082200000, 0x0000000082200000| Untracked 
|  34|0x0000000082200000, 0x0000000082300000, 0x0000000082300000|100%| O|  |TAMS 0x0000000082300000, 0x0000000082300000| Untracked 
|  35|0x0000000082300000, 0x0000000082400000, 0x0000000082400000|100%| O|  |TAMS 0x0000000082400000, 0x0000000082400000| Untracked 
|  36|0x0000000082400000, 0x0000000082500000, 0x0000000082500000|100%| O|  |TAMS 0x0000000082500000, 0x0000000082500000| Untracked 
|  37|0x0000000082500000, 0x0000000082600000, 0x0000000082600000|100%| O|  |TAMS 0x0000000082600000, 0x0000000082600000| Untracked 
|  38|0x0000000082600000, 0x0000000082700000, 0x0000000082700000|100%| O|  |TAMS 0x0000000082700000, 0x0000000082700000| Untracked 
|  39|0x0000000082700000, 0x0000000082800000, 0x0000000082800000|100%| O|  |TAMS 0x0000000082800000, 0x0000000082800000| Untracked 
|  40|0x0000000082800000, 0x0000000082900000, 0x0000000082900000|100%| O|  |TAMS 0x0000000082900000, 0x0000000082900000| Untracked 
|  41|0x0000000082900000, 0x0000000082a00000, 0x0000000082a00000|100%| O|  |TAMS 0x0000000082a00000, 0x0000000082a00000| Untracked 
|  42|0x0000000082a00000, 0x0000000082b00000, 0x0000000082b00000|100%| O|  |TAMS 0x0000000082b00000, 0x0000000082b00000| Untracked 
|  43|0x0000000082b00000, 0x0000000082c00000, 0x0000000082c00000|100%|HS|  |TAMS 0x0000000082c00000, 0x0000000082c00000| Complete 
|  44|0x0000000082c00000, 0x0000000082d00000, 0x0000000082d00000|100%|HC|  |TAMS 0x0000000082d00000, 0x0000000082d00000| Complete 
|  45|0x0000000082d00000, 0x0000000082e00000, 0x0000000082e00000|100%|HC|  |TAMS 0x0000000082e00000, 0x0000000082e00000| Complete 
|  46|0x0000000082e00000, 0x0000000082f00000, 0x0000000082f00000|100%|HS|  |TAMS 0x0000000082f00000, 0x0000000082f00000| Complete 
|  47|0x0000000082f00000, 0x0000000083000000, 0x0000000083000000|100%|HC|  |TAMS 0x0000000083000000, 0x0000000083000000| Complete 
|  48|0x0000000083000000, 0x0000000083100000, 0x0000000083100000|100%|HC|  |TAMS 0x0000000083100000, 0x0000000083100000| Complete 
|  49|0x0000000083100000, 0x0000000083200000, 0x0000000083200000|100%| O|  |TAMS 0x0000000083200000, 0x0000000083200000| Untracked 
|  50|0x0000000083200000, 0x0000000083300000, 0x0000000083300000|100%| O|  |TAMS 0x0000000083300000, 0x0000000083300000| Untracked 
|  51|0x0000000083300000, 0x0000000083400000, 0x0000000083400000|100%| O|  |TAMS 0x0000000083400000, 0x0000000083400000| Untracked 
|  52|0x0000000083400000, 0x0000000083500000, 0x0000000083500000|100%| O|  |TAMS 0x0000000083500000, 0x0000000083500000| Untracked 
|  53|0x0000000083500000, 0x0000000083600000, 0x0000000083600000|100%| O|  |TAMS 0x0000000083600000, 0x0000000083600000| Untracked 
|  54|0x0000000083600000, 0x0000000083700000, 0x0000000083700000|100%| O|  |TAMS 0x0000000083700000, 0x0000000083700000| Untracked 
|  55|0x0000000083700000, 0x0000000083800000, 0x0000000083800000|100%| O|  |TAMS 0x0000000083800000, 0x0000000083800000| Untracked 
|  56|0x0000000083800000, 0x0000000083900000, 0x0000000083900000|100%| O|  |TAMS 0x0000000083900000, 0x0000000083900000| Untracked 
|  57|0x0000000083900000, 0x0000000083a00000, 0x0000000083a00000|100%| O|  |TAMS 0x0000000083a00000, 0x0000000083a00000| Untracked 
|  58|0x0000000083a00000, 0x0000000083b00000, 0x0000000083b00000|100%| O|  |TAMS 0x0000000083b00000, 0x0000000083b00000| Untracked 
|  59|0x0000000083b00000, 0x0000000083c00000, 0x0000000083c00000|100%|HS|  |TAMS 0x0000000083c00000, 0x0000000083c00000| Complete 
|  60|0x0000000083c00000, 0x0000000083d00000, 0x0000000083d00000|100%| O|  |TAMS 0x0000000083d00000, 0x0000000083d00000| Untracked 
|  61|0x0000000083d00000, 0x0000000083e00000, 0x0000000083e00000|100%| O|  |TAMS 0x0000000083e00000, 0x0000000083e00000| Untracked 
|  62|0x0000000083e00000, 0x0000000083f00000, 0x0000000083f00000|100%| O|  |TAMS 0x0000000083f00000, 0x0000000083f00000| Untracked 
|  63|0x0000000083f00000, 0x0000000084000000, 0x0000000084000000|100%| O|  |TAMS 0x0000000084000000, 0x0000000084000000| Untracked 
|  64|0x0000000084000000, 0x0000000084100000, 0x0000000084100000|100%| O|  |TAMS 0x0000000084100000, 0x0000000084100000| Untracked 
|  65|0x0000000084100000, 0x0000000084200000, 0x0000000084200000|100%| O|  |TAMS 0x0000000084200000, 0x0000000084200000| Untracked 
|  66|0x0000000084200000, 0x0000000084300000, 0x0000000084300000|100%| O|  |TAMS 0x0000000084300000, 0x0000000084300000| Untracked 
|  67|0x0000000084300000, 0x0000000084400000, 0x0000000084400000|100%| O|  |TAMS 0x0000000084400000, 0x0000000084400000| Untracked 
|  68|0x0000000084400000, 0x0000000084500000, 0x0000000084500000|100%| O|  |TAMS 0x0000000084500000, 0x0000000084500000| Untracked 
|  69|0x0000000084500000, 0x0000000084600000, 0x0000000084600000|100%|HS|  |TAMS 0x0000000084600000, 0x0000000084600000| Complete 
|  70|0x0000000084600000, 0x0000000084700000, 0x0000000084700000|100%|HS|  |TAMS 0x0000000084700000, 0x0000000084700000| Complete 
|  71|0x0000000084700000, 0x0000000084800000, 0x0000000084800000|100%|HS|  |TAMS 0x0000000084800000, 0x0000000084800000| Complete 
|  72|0x0000000084800000, 0x0000000084900000, 0x0000000084900000|100%| O|  |TAMS 0x0000000084800000, 0x0000000084900000| Untracked 
|  73|0x0000000084900000, 0x0000000084a00000, 0x0000000084a00000|100%|HS|  |TAMS 0x0000000084a00000, 0x0000000084a00000| Complete 
|  74|0x0000000084a00000, 0x0000000084b00000, 0x0000000084b00000|100%|HS|  |TAMS 0x0000000084b00000, 0x0000000084b00000| Complete 
|  75|0x0000000084b00000, 0x0000000084c00000, 0x0000000084c00000|100%| O|  |TAMS 0x0000000084c00000, 0x0000000084c00000| Untracked 
|  76|0x0000000084c00000, 0x0000000084d00000, 0x0000000084d00000|100%| O|  |TAMS 0x0000000084d00000, 0x0000000084d00000| Untracked 
|  77|0x0000000084d00000, 0x0000000084e00000, 0x0000000084e00000|100%| O|  |TAMS 0x0000000084e00000, 0x0000000084e00000| Untracked 
|  78|0x0000000084e00000, 0x0000000084f00000, 0x0000000084f00000|100%| O|  |TAMS 0x0000000084f00000, 0x0000000084f00000| Untracked 
|  79|0x0000000084f00000, 0x0000000085000000, 0x0000000085000000|100%| O|  |TAMS 0x0000000084f60200, 0x0000000085000000| Untracked 
|  80|0x0000000085000000, 0x0000000085100000, 0x0000000085100000|100%| O|  |TAMS 0x0000000085000000, 0x0000000085100000| Untracked 
|  81|0x0000000085100000, 0x0000000085200000, 0x0000000085200000|100%| O|  |TAMS 0x0000000085100000, 0x0000000085200000| Untracked 
|  82|0x0000000085200000, 0x0000000085300000, 0x0000000085300000|100%| O|  |TAMS 0x0000000085200000, 0x0000000085300000| Untracked 
|  83|0x0000000085300000, 0x0000000085400000, 0x0000000085400000|100%| O|  |TAMS 0x0000000085300000, 0x0000000085400000| Untracked 
|  84|0x0000000085400000, 0x0000000085500000, 0x0000000085500000|100%| O|  |TAMS 0x0000000085400000, 0x0000000085500000| Untracked 
|  85|0x0000000085500000, 0x0000000085600000, 0x0000000085600000|100%| O|  |TAMS 0x0000000085500000, 0x0000000085600000| Untracked 
|  86|0x0000000085600000, 0x0000000085700000, 0x0000000085700000|100%| O|  |TAMS 0x0000000085600000, 0x0000000085700000| Untracked 
|  87|0x0000000085700000, 0x0000000085800000, 0x0000000085800000|100%| O|  |TAMS 0x0000000085700000, 0x0000000085800000| Untracked 
|  88|0x0000000085800000, 0x0000000085900000, 0x0000000085900000|100%| O|  |TAMS 0x0000000085800000, 0x0000000085900000| Untracked 
|  89|0x0000000085900000, 0x0000000085a00000, 0x0000000085a00000|100%| O|  |TAMS 0x0000000085900000, 0x0000000085a00000| Untracked 
|  90|0x0000000085a00000, 0x0000000085b00000, 0x0000000085b00000|100%| O|  |TAMS 0x0000000085a00000, 0x0000000085b00000| Untracked 
|  91|0x0000000085b00000, 0x0000000085c00000, 0x0000000085c00000|100%| O|  |TAMS 0x0000000085b00000, 0x0000000085c00000| Untracked 
|  92|0x0000000085c00000, 0x0000000085d00000, 0x0000000085d00000|100%| O|  |TAMS 0x0000000085c00000, 0x0000000085d00000| Untracked 
|  93|0x0000000085d00000, 0x0000000085e00000, 0x0000000085e00000|100%| O|  |TAMS 0x0000000085d00000, 0x0000000085e00000| Untracked 
|  94|0x0000000085e00000, 0x0000000085f00000, 0x0000000085f00000|100%| O|  |TAMS 0x0000000085e00000, 0x0000000085f00000| Untracked 
|  95|0x0000000085f00000, 0x0000000086000000, 0x0000000086000000|100%| O|  |TAMS 0x0000000085f00000, 0x0000000086000000| Untracked 
|  96|0x0000000086000000, 0x0000000086100000, 0x0000000086100000|100%| O|  |TAMS 0x0000000086000000, 0x0000000086100000| Untracked 
|  97|0x0000000086100000, 0x0000000086200000, 0x0000000086200000|100%| O|  |TAMS 0x0000000086100000, 0x0000000086200000| Untracked 
|  98|0x0000000086200000, 0x0000000086300000, 0x0000000086300000|100%| O|  |TAMS 0x0000000086200000, 0x0000000086300000| Untracked 
|  99|0x0000000086300000, 0x0000000086400000, 0x0000000086400000|100%| O|  |TAMS 0x0000000086300000, 0x0000000086400000| Untracked 
| 100|0x0000000086400000, 0x0000000086500000, 0x0000000086500000|100%| O|  |TAMS 0x0000000086400000, 0x0000000086500000| Untracked 
| 101|0x0000000086500000, 0x0000000086600000, 0x0000000086600000|100%|HS|  |TAMS 0x0000000086500000, 0x0000000086600000| Complete 
| 102|0x0000000086600000, 0x0000000086700000, 0x0000000086700000|100%|HS|  |TAMS 0x0000000086600000, 0x0000000086700000| Complete 
| 103|0x0000000086700000, 0x0000000086800000, 0x0000000086800000|100%|HC|  |TAMS 0x0000000086700000, 0x0000000086800000| Complete 
| 104|0x0000000086800000, 0x0000000086900000, 0x0000000086900000|100%|HC|  |TAMS 0x0000000086800000, 0x0000000086900000| Complete 
| 105|0x0000000086900000, 0x0000000086a00000, 0x0000000086a00000|100%| O|  |TAMS 0x0000000086900000, 0x0000000086a00000| Untracked 
| 106|0x0000000086a00000, 0x0000000086b00000, 0x0000000086b00000|100%| O|  |TAMS 0x0000000086a00000, 0x0000000086b00000| Untracked 
| 107|0x0000000086b00000, 0x0000000086c00000, 0x0000000086c00000|100%| O|  |TAMS 0x0000000086b00000, 0x0000000086c00000| Untracked 
| 108|0x0000000086c00000, 0x0000000086ce1a00, 0x0000000086d00000| 88%| O|  |TAMS 0x0000000086c00000, 0x0000000086ce1a00| Untracked 
| 109|0x0000000086d00000, 0x0000000086d00000, 0x0000000086e00000|  0%| F|  |TAMS 0x0000000086d00000, 0x0000000086d00000| Untracked 
| 110|0x0000000086e00000, 0x0000000086e00000, 0x0000000086f00000|  0%| F|  |TAMS 0x0000000086e00000, 0x0000000086e00000| Untracked 
| 111|0x0000000086f00000, 0x0000000086f00000, 0x0000000087000000|  0%| F|  |TAMS 0x0000000086f00000, 0x0000000086f00000| Untracked 
| 112|0x0000000087000000, 0x0000000087000000, 0x0000000087100000|  0%| F|  |TAMS 0x0000000087000000, 0x0000000087000000| Untracked 
| 113|0x0000000087100000, 0x0000000087100000, 0x0000000087200000|  0%| F|  |TAMS 0x0000000087100000, 0x0000000087100000| Untracked 
| 114|0x0000000087200000, 0x0000000087200000, 0x0000000087300000|  0%| F|  |TAMS 0x0000000087200000, 0x0000000087200000| Untracked 
| 115|0x0000000087300000, 0x0000000087300000, 0x0000000087400000|  0%| F|  |TAMS 0x0000000087300000, 0x0000000087300000| Untracked 
| 116|0x0000000087400000, 0x0000000087400000, 0x0000000087500000|  0%| F|  |TAMS 0x0000000087400000, 0x0000000087400000| Untracked 
| 117|0x0000000087500000, 0x0000000087500000, 0x0000000087600000|  0%| F|  |TAMS 0x0000000087500000, 0x0000000087500000| Untracked 
| 118|0x0000000087600000, 0x0000000087600000, 0x0000000087700000|  0%| F|  |TAMS 0x0000000087600000, 0x0000000087600000| Untracked 
| 119|0x0000000087700000, 0x0000000087700000, 0x0000000087800000|  0%| F|  |TAMS 0x0000000087700000, 0x0000000087700000| Untracked 
| 120|0x0000000087800000, 0x0000000087800000, 0x0000000087900000|  0%| F|  |TAMS 0x0000000087800000, 0x0000000087800000| Untracked 
| 121|0x0000000087900000, 0x0000000087900000, 0x0000000087a00000|  0%| F|  |TAMS 0x0000000087900000, 0x0000000087900000| Untracked 
| 122|0x0000000087a00000, 0x0000000087a00000, 0x0000000087b00000|  0%| F|  |TAMS 0x0000000087a00000, 0x0000000087a00000| Untracked 
| 123|0x0000000087b00000, 0x0000000087b00000, 0x0000000087c00000|  0%| F|  |TAMS 0x0000000087b00000, 0x0000000087b00000| Untracked 
| 124|0x0000000087c00000, 0x0000000087c00000, 0x0000000087d00000|  0%| F|  |TAMS 0x0000000087c00000, 0x0000000087c00000| Untracked 
| 125|0x0000000087d00000, 0x0000000087d00000, 0x0000000087e00000|  0%| F|  |TAMS 0x0000000087d00000, 0x0000000087d00000| Untracked 
| 126|0x0000000087e00000, 0x0000000087e00000, 0x0000000087f00000|  0%| F|  |TAMS 0x0000000087e00000, 0x0000000087e00000| Untracked 
| 127|0x0000000087f00000, 0x0000000087f00000, 0x0000000088000000|  0%| F|  |TAMS 0x0000000087f00000, 0x0000000087f00000| Untracked 
| 128|0x0000000088000000, 0x0000000088000000, 0x0000000088100000|  0%| F|  |TAMS 0x0000000088000000, 0x0000000088000000| Untracked 
| 129|0x0000000088100000, 0x0000000088100000, 0x0000000088200000|  0%| F|  |TAMS 0x0000000088100000, 0x0000000088100000| Untracked 
| 130|0x0000000088200000, 0x0000000088200000, 0x0000000088300000|  0%| F|  |TAMS 0x0000000088200000, 0x0000000088200000| Untracked 
| 131|0x0000000088300000, 0x0000000088300000, 0x0000000088400000|  0%| F|  |TAMS 0x0000000088300000, 0x0000000088300000| Untracked 
| 132|0x0000000088400000, 0x0000000088400000, 0x0000000088500000|  0%| F|  |TAMS 0x0000000088400000, 0x0000000088400000| Untracked 
| 133|0x0000000088500000, 0x0000000088500000, 0x0000000088600000|  0%| F|  |TAMS 0x0000000088500000, 0x0000000088500000| Untracked 
| 134|0x0000000088600000, 0x0000000088600000, 0x0000000088700000|  0%| F|  |TAMS 0x0000000088600000, 0x0000000088600000| Untracked 
| 135|0x0000000088700000, 0x0000000088700000, 0x0000000088800000|  0%| F|  |TAMS 0x0000000088700000, 0x0000000088700000| Untracked 
| 136|0x0000000088800000, 0x0000000088800000, 0x0000000088900000|  0%| F|  |TAMS 0x0000000088800000, 0x0000000088800000| Untracked 
| 137|0x0000000088900000, 0x0000000088900000, 0x0000000088a00000|  0%| F|  |TAMS 0x0000000088900000, 0x0000000088900000| Untracked 
| 138|0x0000000088a00000, 0x0000000088a00000, 0x0000000088b00000|  0%| F|  |TAMS 0x0000000088a00000, 0x0000000088a00000| Untracked 
| 139|0x0000000088b00000, 0x0000000088b00000, 0x0000000088c00000|  0%| F|  |TAMS 0x0000000088b00000, 0x0000000088b00000| Untracked 
| 140|0x0000000088c00000, 0x0000000088c00000, 0x0000000088d00000|  0%| F|  |TAMS 0x0000000088c00000, 0x0000000088c00000| Untracked 
| 141|0x0000000088d00000, 0x0000000088d00000, 0x0000000088e00000|  0%| F|  |TAMS 0x0000000088d00000, 0x0000000088d00000| Untracked 
| 142|0x0000000088e00000, 0x0000000088e00000, 0x0000000088f00000|  0%| F|  |TAMS 0x0000000088e00000, 0x0000000088e00000| Untracked 
| 143|0x0000000088f00000, 0x0000000088f00000, 0x0000000089000000|  0%| F|  |TAMS 0x0000000088f00000, 0x0000000088f00000| Untracked 
| 144|0x0000000089000000, 0x0000000089000000, 0x0000000089100000|  0%| F|  |TAMS 0x0000000089000000, 0x0000000089000000| Untracked 
| 145|0x0000000089100000, 0x0000000089100000, 0x0000000089200000|  0%| F|  |TAMS 0x0000000089100000, 0x0000000089100000| Untracked 
| 146|0x0000000089200000, 0x0000000089200000, 0x0000000089300000|  0%| F|  |TAMS 0x0000000089200000, 0x0000000089200000| Untracked 
| 147|0x0000000089300000, 0x000000008932d710, 0x0000000089400000| 17%| S|CS|TAMS 0x0000000089300000, 0x0000000089300000| Complete 
| 148|0x0000000089400000, 0x0000000089500000, 0x0000000089500000|100%| S|CS|TAMS 0x0000000089400000, 0x0000000089400000| Complete 
| 149|0x0000000089500000, 0x0000000089600000, 0x0000000089600000|100%| S|CS|TAMS 0x0000000089500000, 0x0000000089500000| Complete 
| 150|0x0000000089600000, 0x0000000089700000, 0x0000000089700000|100%| S|CS|TAMS 0x0000000089600000, 0x0000000089600000| Complete 
| 151|0x0000000089700000, 0x0000000089800000, 0x0000000089800000|100%| S|CS|TAMS 0x0000000089700000, 0x0000000089700000| Complete 
| 152|0x0000000089800000, 0x0000000089900000, 0x0000000089900000|100%| S|CS|TAMS 0x0000000089800000, 0x0000000089800000| Complete 
| 153|0x0000000089900000, 0x0000000089a00000, 0x0000000089a00000|100%| S|CS|TAMS 0x0000000089900000, 0x0000000089900000| Complete 
| 154|0x0000000089a00000, 0x0000000089a00000, 0x0000000089b00000|  0%| F|  |TAMS 0x0000000089a00000, 0x0000000089a00000| Untracked 
| 155|0x0000000089b00000, 0x0000000089b00000, 0x0000000089c00000|  0%| F|  |TAMS 0x0000000089b00000, 0x0000000089b00000| Untracked 
| 156|0x0000000089c00000, 0x0000000089c00000, 0x0000000089d00000|  0%| F|  |TAMS 0x0000000089c00000, 0x0000000089c00000| Untracked 
| 157|0x0000000089d00000, 0x0000000089d00000, 0x0000000089e00000|  0%| F|  |TAMS 0x0000000089d00000, 0x0000000089d00000| Untracked 
| 158|0x0000000089e00000, 0x0000000089e00000, 0x0000000089f00000|  0%| F|  |TAMS 0x0000000089e00000, 0x0000000089e00000| Untracked 
| 159|0x0000000089f00000, 0x0000000089f00000, 0x000000008a000000|  0%| F|  |TAMS 0x0000000089f00000, 0x0000000089f00000| Untracked 
| 160|0x000000008a000000, 0x000000008a000000, 0x000000008a100000|  0%| F|  |TAMS 0x000000008a000000, 0x000000008a000000| Untracked 
| 161|0x000000008a100000, 0x000000008a100000, 0x000000008a200000|  0%| F|  |TAMS 0x000000008a100000, 0x000000008a100000| Untracked 
| 162|0x000000008a200000, 0x000000008a200000, 0x000000008a300000|  0%| F|  |TAMS 0x000000008a200000, 0x000000008a200000| Untracked 
| 163|0x000000008a300000, 0x000000008a300000, 0x000000008a400000|  0%| F|  |TAMS 0x000000008a300000, 0x000000008a300000| Untracked 
| 164|0x000000008a400000, 0x000000008a400000, 0x000000008a500000|  0%| F|  |TAMS 0x000000008a400000, 0x000000008a400000| Untracked 
| 165|0x000000008a500000, 0x000000008a500000, 0x000000008a600000|  0%| F|  |TAMS 0x000000008a500000, 0x000000008a500000| Untracked 
| 166|0x000000008a600000, 0x000000008a600000, 0x000000008a700000|  0%| F|  |TAMS 0x000000008a600000, 0x000000008a600000| Untracked 
| 167|0x000000008a700000, 0x000000008a700000, 0x000000008a800000|  0%| F|  |TAMS 0x000000008a700000, 0x000000008a700000| Untracked 
| 168|0x000000008a800000, 0x000000008a800000, 0x000000008a900000|  0%| F|  |TAMS 0x000000008a800000, 0x000000008a800000| Untracked 
| 169|0x000000008a900000, 0x000000008a900000, 0x000000008aa00000|  0%| F|  |TAMS 0x000000008a900000, 0x000000008a900000| Untracked 
| 170|0x000000008aa00000, 0x000000008aa00000, 0x000000008ab00000|  0%| F|  |TAMS 0x000000008aa00000, 0x000000008aa00000| Untracked 
| 171|0x000000008ab00000, 0x000000008ab00000, 0x000000008ac00000|  0%| F|  |TAMS 0x000000008ab00000, 0x000000008ab00000| Untracked 
| 172|0x000000008ac00000, 0x000000008ac00000, 0x000000008ad00000|  0%| F|  |TAMS 0x000000008ac00000, 0x000000008ac00000| Untracked 
| 173|0x000000008ad00000, 0x000000008ad00000, 0x000000008ae00000|  0%| F|  |TAMS 0x000000008ad00000, 0x000000008ad00000| Untracked 
| 174|0x000000008ae00000, 0x000000008ae00000, 0x000000008af00000|  0%| F|  |TAMS 0x000000008ae00000, 0x000000008ae00000| Untracked 
| 175|0x000000008af00000, 0x000000008af00000, 0x000000008b000000|  0%| F|  |TAMS 0x000000008af00000, 0x000000008af00000| Untracked 
| 176|0x000000008b000000, 0x000000008b000000, 0x000000008b100000|  0%| F|  |TAMS 0x000000008b000000, 0x000000008b000000| Untracked 
| 177|0x000000008b100000, 0x000000008b100000, 0x000000008b200000|  0%| F|  |TAMS 0x000000008b100000, 0x000000008b100000| Untracked 
| 178|0x000000008b200000, 0x000000008b200000, 0x000000008b300000|  0%| F|  |TAMS 0x000000008b200000, 0x000000008b200000| Untracked 
| 179|0x000000008b300000, 0x000000008b300000, 0x000000008b400000|  0%| F|  |TAMS 0x000000008b300000, 0x000000008b300000| Untracked 
| 180|0x000000008b400000, 0x000000008b400000, 0x000000008b500000|  0%| F|  |TAMS 0x000000008b400000, 0x000000008b400000| Untracked 
| 181|0x000000008b500000, 0x000000008b500000, 0x000000008b600000|  0%| F|  |TAMS 0x000000008b500000, 0x000000008b500000| Untracked 
| 182|0x000000008b600000, 0x000000008b600000, 0x000000008b700000|  0%| F|  |TAMS 0x000000008b600000, 0x000000008b600000| Untracked 
| 183|0x000000008b700000, 0x000000008b700000, 0x000000008b800000|  0%| F|  |TAMS 0x000000008b700000, 0x000000008b700000| Untracked 
| 184|0x000000008b800000, 0x000000008b800000, 0x000000008b900000|  0%| F|  |TAMS 0x000000008b800000, 0x000000008b800000| Untracked 
| 185|0x000000008b900000, 0x000000008b900000, 0x000000008ba00000|  0%| F|  |TAMS 0x000000008b900000, 0x000000008b900000| Untracked 
| 186|0x000000008ba00000, 0x000000008ba00000, 0x000000008bb00000|  0%| F|  |TAMS 0x000000008ba00000, 0x000000008ba00000| Untracked 
| 187|0x000000008bb00000, 0x000000008bb00000, 0x000000008bc00000|  0%| F|  |TAMS 0x000000008bb00000, 0x000000008bb00000| Untracked 
| 188|0x000000008bc00000, 0x000000008bc00000, 0x000000008bd00000|  0%| F|  |TAMS 0x000000008bc00000, 0x000000008bc00000| Untracked 
| 189|0x000000008bd00000, 0x000000008bd00000, 0x000000008be00000|  0%| F|  |TAMS 0x000000008bd00000, 0x000000008bd00000| Untracked 
| 190|0x000000008be00000, 0x000000008be00000, 0x000000008bf00000|  0%| F|  |TAMS 0x000000008be00000, 0x000000008be00000| Untracked 
| 191|0x000000008bf00000, 0x000000008bf00000, 0x000000008c000000|  0%| F|  |TAMS 0x000000008bf00000, 0x000000008bf00000| Untracked 
| 192|0x000000008c000000, 0x000000008c000000, 0x000000008c100000|  0%| F|  |TAMS 0x000000008c000000, 0x000000008c000000| Untracked 
| 193|0x000000008c100000, 0x000000008c100000, 0x000000008c200000|  0%| F|  |TAMS 0x000000008c100000, 0x000000008c100000| Untracked 
| 194|0x000000008c200000, 0x000000008c200000, 0x000000008c300000|  0%| F|  |TAMS 0x000000008c200000, 0x000000008c200000| Untracked 
| 195|0x000000008c300000, 0x000000008c300000, 0x000000008c400000|  0%| F|  |TAMS 0x000000008c300000, 0x000000008c300000| Untracked 
| 196|0x000000008c400000, 0x000000008c400000, 0x000000008c500000|  0%| F|  |TAMS 0x000000008c400000, 0x000000008c400000| Untracked 
| 197|0x000000008c500000, 0x000000008c500000, 0x000000008c600000|  0%| F|  |TAMS 0x000000008c500000, 0x000000008c500000| Untracked 
| 198|0x000000008c600000, 0x000000008c600000, 0x000000008c700000|  0%| F|  |TAMS 0x000000008c600000, 0x000000008c600000| Untracked 
| 199|0x000000008c700000, 0x000000008c700000, 0x000000008c800000|  0%| F|  |TAMS 0x000000008c700000, 0x000000008c700000| Untracked 
| 200|0x000000008c800000, 0x000000008c800000, 0x000000008c900000|  0%| F|  |TAMS 0x000000008c800000, 0x000000008c800000| Untracked 
| 201|0x000000008c900000, 0x000000008c900000, 0x000000008ca00000|  0%| F|  |TAMS 0x000000008c900000, 0x000000008c900000| Untracked 
| 202|0x000000008ca00000, 0x000000008ca00000, 0x000000008cb00000|  0%| F|  |TAMS 0x000000008ca00000, 0x000000008ca00000| Untracked 
| 203|0x000000008cb00000, 0x000000008cb00000, 0x000000008cc00000|  0%| F|  |TAMS 0x000000008cb00000, 0x000000008cb00000| Untracked 
| 204|0x000000008cc00000, 0x000000008cc00000, 0x000000008cd00000|  0%| F|  |TAMS 0x000000008cc00000, 0x000000008cc00000| Untracked 
| 205|0x000000008cd00000, 0x000000008cd00000, 0x000000008ce00000|  0%| F|  |TAMS 0x000000008cd00000, 0x000000008cd00000| Untracked 
| 206|0x000000008ce00000, 0x000000008ce00000, 0x000000008cf00000|  0%| F|  |TAMS 0x000000008ce00000, 0x000000008ce00000| Untracked 
| 207|0x000000008cf00000, 0x000000008cf00000, 0x000000008d000000|  0%| F|  |TAMS 0x000000008cf00000, 0x000000008cf00000| Untracked 
| 208|0x000000008d000000, 0x000000008d000000, 0x000000008d100000|  0%| F|  |TAMS 0x000000008d000000, 0x000000008d000000| Untracked 
| 209|0x000000008d100000, 0x000000008d100000, 0x000000008d200000|  0%| F|  |TAMS 0x000000008d100000, 0x000000008d100000| Untracked 
| 210|0x000000008d200000, 0x000000008d200000, 0x000000008d300000|  0%| F|  |TAMS 0x000000008d200000, 0x000000008d200000| Untracked 
| 211|0x000000008d300000, 0x000000008d300000, 0x000000008d400000|  0%| F|  |TAMS 0x000000008d300000, 0x000000008d300000| Untracked 
| 212|0x000000008d400000, 0x000000008d400000, 0x000000008d500000|  0%| F|  |TAMS 0x000000008d400000, 0x000000008d400000| Untracked 
| 213|0x000000008d500000, 0x000000008d500000, 0x000000008d600000|  0%| F|  |TAMS 0x000000008d500000, 0x000000008d500000| Untracked 
| 214|0x000000008d600000, 0x000000008d600000, 0x000000008d700000|  0%| F|  |TAMS 0x000000008d600000, 0x000000008d600000| Untracked 
| 215|0x000000008d700000, 0x000000008d700000, 0x000000008d800000|  0%| F|  |TAMS 0x000000008d700000, 0x000000008d700000| Untracked 
| 216|0x000000008d800000, 0x000000008d800000, 0x000000008d900000|  0%| F|  |TAMS 0x000000008d800000, 0x000000008d800000| Untracked 
| 217|0x000000008d900000, 0x000000008d900000, 0x000000008da00000|  0%| F|  |TAMS 0x000000008d900000, 0x000000008d900000| Untracked 
| 218|0x000000008da00000, 0x000000008da00000, 0x000000008db00000|  0%| F|  |TAMS 0x000000008da00000, 0x000000008da00000| Untracked 
| 219|0x000000008db00000, 0x000000008db00000, 0x000000008dc00000|  0%| F|  |TAMS 0x000000008db00000, 0x000000008db00000| Untracked 
| 220|0x000000008dc00000, 0x000000008dc00000, 0x000000008dd00000|  0%| F|  |TAMS 0x000000008dc00000, 0x000000008dc00000| Untracked 
| 221|0x000000008dd00000, 0x000000008dd00000, 0x000000008de00000|  0%| F|  |TAMS 0x000000008dd00000, 0x000000008dd00000| Untracked 
| 222|0x000000008de00000, 0x000000008de00000, 0x000000008df00000|  0%| F|  |TAMS 0x000000008de00000, 0x000000008de00000| Untracked 
| 223|0x000000008df00000, 0x000000008df00000, 0x000000008e000000|  0%| F|  |TAMS 0x000000008df00000, 0x000000008df00000| Untracked 
| 224|0x000000008e000000, 0x000000008e000000, 0x000000008e100000|  0%| F|  |TAMS 0x000000008e000000, 0x000000008e000000| Untracked 
| 225|0x000000008e100000, 0x000000008e100000, 0x000000008e200000|  0%| F|  |TAMS 0x000000008e100000, 0x000000008e100000| Untracked 
| 226|0x000000008e200000, 0x000000008e200000, 0x000000008e300000|  0%| F|  |TAMS 0x000000008e200000, 0x000000008e200000| Untracked 
| 227|0x000000008e300000, 0x000000008e300000, 0x000000008e400000|  0%| F|  |TAMS 0x000000008e300000, 0x000000008e300000| Untracked 
| 228|0x000000008e400000, 0x000000008e400000, 0x000000008e500000|  0%| F|  |TAMS 0x000000008e400000, 0x000000008e400000| Untracked 
| 229|0x000000008e500000, 0x000000008e500000, 0x000000008e600000|  0%| F|  |TAMS 0x000000008e500000, 0x000000008e500000| Untracked 
| 230|0x000000008e600000, 0x000000008e600000, 0x000000008e700000|  0%| F|  |TAMS 0x000000008e600000, 0x000000008e600000| Untracked 
| 231|0x000000008e700000, 0x000000008e700000, 0x000000008e800000|  0%| F|  |TAMS 0x000000008e700000, 0x000000008e700000| Untracked 
| 232|0x000000008e800000, 0x000000008e800000, 0x000000008e900000|  0%| F|  |TAMS 0x000000008e800000, 0x000000008e800000| Untracked 
| 233|0x000000008e900000, 0x000000008e900000, 0x000000008ea00000|  0%| F|  |TAMS 0x000000008e900000, 0x000000008e900000| Untracked 
| 234|0x000000008ea00000, 0x000000008ea00000, 0x000000008eb00000|  0%| F|  |TAMS 0x000000008ea00000, 0x000000008ea00000| Untracked 
| 235|0x000000008eb00000, 0x000000008eb00000, 0x000000008ec00000|  0%| F|  |TAMS 0x000000008eb00000, 0x000000008eb00000| Untracked 
| 236|0x000000008ec00000, 0x000000008ec00000, 0x000000008ed00000|  0%| F|  |TAMS 0x000000008ec00000, 0x000000008ec00000| Untracked 
| 237|0x000000008ed00000, 0x000000008ed00000, 0x000000008ee00000|  0%| F|  |TAMS 0x000000008ed00000, 0x000000008ed00000| Untracked 
| 238|0x000000008ee00000, 0x000000008ee00000, 0x000000008ef00000|  0%| F|  |TAMS 0x000000008ee00000, 0x000000008ee00000| Untracked 
| 239|0x000000008ef00000, 0x000000008ef00000, 0x000000008f000000|  0%| F|  |TAMS 0x000000008ef00000, 0x000000008ef00000| Untracked 
| 240|0x000000008f000000, 0x000000008f000000, 0x000000008f100000|  0%| F|  |TAMS 0x000000008f000000, 0x000000008f000000| Untracked 
| 241|0x000000008f100000, 0x000000008f100000, 0x000000008f200000|  0%| F|  |TAMS 0x000000008f100000, 0x000000008f100000| Untracked 
| 242|0x000000008f200000, 0x000000008f200000, 0x000000008f300000|  0%| F|  |TAMS 0x000000008f200000, 0x000000008f200000| Untracked 
| 243|0x000000008f300000, 0x000000008f300000, 0x000000008f400000|  0%| F|  |TAMS 0x000000008f300000, 0x000000008f300000| Untracked 
| 244|0x000000008f400000, 0x000000008f400000, 0x000000008f500000|  0%| F|  |TAMS 0x000000008f400000, 0x000000008f400000| Untracked 
| 245|0x000000008f500000, 0x000000008f500000, 0x000000008f600000|  0%| F|  |TAMS 0x000000008f500000, 0x000000008f500000| Untracked 
| 246|0x000000008f600000, 0x000000008f600000, 0x000000008f700000|  0%| F|  |TAMS 0x000000008f600000, 0x000000008f600000| Untracked 
| 247|0x000000008f700000, 0x000000008f700000, 0x000000008f800000|  0%| F|  |TAMS 0x000000008f700000, 0x000000008f700000| Untracked 
| 248|0x000000008f800000, 0x000000008f800000, 0x000000008f900000|  0%| F|  |TAMS 0x000000008f800000, 0x000000008f800000| Untracked 
| 249|0x000000008f900000, 0x000000008f900000, 0x000000008fa00000|  0%| F|  |TAMS 0x000000008f900000, 0x000000008f900000| Untracked 
| 250|0x000000008fa00000, 0x000000008fa00000, 0x000000008fb00000|  0%| F|  |TAMS 0x000000008fa00000, 0x000000008fa00000| Untracked 
| 251|0x000000008fb00000, 0x000000008fb00000, 0x000000008fc00000|  0%| F|  |TAMS 0x000000008fb00000, 0x000000008fb00000| Untracked 
| 252|0x000000008fc00000, 0x000000008fc00000, 0x000000008fd00000|  0%| F|  |TAMS 0x000000008fc00000, 0x000000008fc00000| Untracked 
| 253|0x000000008fd00000, 0x000000008fd00000, 0x000000008fe00000|  0%| F|  |TAMS 0x000000008fd00000, 0x000000008fd00000| Untracked 
| 254|0x000000008fe00000, 0x000000008fe00000, 0x000000008ff00000|  0%| F|  |TAMS 0x000000008fe00000, 0x000000008fe00000| Untracked 
| 255|0x000000008ff00000, 0x000000008ff00000, 0x0000000090000000|  0%| F|  |TAMS 0x000000008ff00000, 0x000000008ff00000| Untracked 
| 256|0x0000000090000000, 0x0000000090000000, 0x0000000090100000|  0%| F|  |TAMS 0x0000000090000000, 0x0000000090000000| Untracked 
| 257|0x0000000090100000, 0x0000000090100000, 0x0000000090200000|  0%| F|  |TAMS 0x0000000090100000, 0x0000000090100000| Untracked 
| 258|0x0000000090200000, 0x0000000090200000, 0x0000000090300000|  0%| F|  |TAMS 0x0000000090200000, 0x0000000090200000| Untracked 
| 259|0x0000000090300000, 0x0000000090300000, 0x0000000090400000|  0%| F|  |TAMS 0x0000000090300000, 0x0000000090300000| Untracked 
| 260|0x0000000090400000, 0x0000000090400000, 0x0000000090500000|  0%| F|  |TAMS 0x0000000090400000, 0x0000000090400000| Untracked 
|2046|0x00000000ffe00000, 0x00000000ffe75000, 0x00000000fff00000| 45%|OA|  |TAMS 0x00000000ffe75000, 0x00000000ffe75000| Untracked 
|2047|0x00000000fff00000, 0x00000000fff78000, 0x0000000100000000| 46%|CA|  |TAMS 0x00000000fff78000, 0x00000000fff78000| Untracked 

Card table byte_map: [0x00007fd5311fd000,0x00007fd5315fd000] _byte_map_base: 0x00007fd530dfd000

Marking Bits (Prev, Next): (CMBitMap*) 0x00007fd52c0766c0, (CMBitMap*) 0x00007fd52c076680
 Prev Bits: [0x00007fd511511000, 0x00007fd513511000)
 Next Bits: [0x00007fd513511000, 0x00007fd515511000)

Polling page: 0x00007fd5337c0000

Metaspace:

Usage:
  Non-class:     83.36 MB used.
      Class:     13.40 MB used.
       Both:     96.76 MB used.

Virtual space:
  Non-class space:      128.00 MB reserved,      83.94 MB ( 66%) committed,  2 nodes.
      Class space:      416.00 MB reserved,      13.94 MB (  3%) committed,  1 nodes.
             Both:      544.00 MB reserved,      97.88 MB ( 18%) committed. 

Chunk freelists:
   Non-Class:  11.22 MB
       Class:  2.07 MB
        Both:  13.29 MB

MaxMetaspaceSize: 512.00 MB
CompressedClassSpaceSize: 416.00 MB
Initial GC threshold: 21.00 MB
Current GC threshold: 147.75 MB
CDS: on
MetaspaceReclaimPolicy: balanced
 - commit_granule_bytes: 65536.
 - commit_granule_words: 8192.
 - virtual_space_node_default_size: 8388608.
 - enlarge_chunks_in_place: 1.
 - new_chunks_are_fully_committed: 0.
 - uncommit_free_chunks: 1.
 - use_allocation_guard: 0.
 - handle_deallocations: 1.


Internal statistics:

num_allocs_failed_limit: 12.
num_arena_births: 1512.
num_arena_deaths: 0.
num_vsnodes_births: 3.
num_vsnodes_deaths: 0.
num_space_committed: 1566.
num_space_uncommitted: 0.
num_chunks_returned_to_freelist: 12.
num_chunks_taken_from_freelist: 6070.
num_chunk_merges: 3.
num_chunk_splits: 3847.
num_chunks_enlarged: 2385.
num_inconsistent_stats: 0.

CodeHeap 'non-profiled nmethods': size=120036Kb used=5840Kb max_used=5840Kb free=114195Kb
 bounds [0x00007fd51cfd8000, 0x00007fd51d598000, 0x00007fd524511000]
CodeHeap 'profiled nmethods': size=120032Kb used=21181Kb max_used=21374Kb free=98850Kb
 bounds [0x00007fd515511000, 0x00007fd516a11000, 0x00007fd51ca49000]
CodeHeap 'non-nmethods': size=5692Kb used=2395Kb max_used=2467Kb free=3296Kb
 bounds [0x00007fd51ca49000, 0x00007fd51ccc9000, 0x00007fd51cfd8000]
 total_blobs=12473 nmethods=11549 adapters=834
 compilation: enabled
              stopped_count=0, restarted_count=0
 full_count=0

Compilation events (20 events):
Event: 40.664 Thread 0x00007fd52c0e4930 13748       2       groovyjarjarasm.asm.ByteVector::put12 (64 bytes)
Event: 40.664 Thread 0x00007fd52c0e4930 nmethod 13748 0x00007fd515df8d10 code [0x00007fd515df8ec0, 0x00007fd515df90a0]
Event: 40.675 Thread 0x00007fd52c0e3400 nmethod 13634 0x00007fd51d57ea90 code [0x00007fd51d57f1a0, 0x00007fd51d586be0]
Event: 40.675 Thread 0x00007fd52c0e3400 13681       4       java.lang.PublicMethods$MethodList::filter (104 bytes)
Event: 40.679 Thread 0x00007fd52c0e4930 13749       2       java.util.stream.SpinedBuffer::inflateSpine (35 bytes)
Event: 40.679 Thread 0x00007fd52c0e4930 nmethod 13749 0x00007fd515df8690 code [0x00007fd515df8840, 0x00007fd515df8c30]
Event: 40.683 Thread 0x00007fd52c0e4930 13751       2       java.util.regex.Matcher::appendTail (19 bytes)
Event: 40.683 Thread 0x00007fd52c0e4930 nmethod 13751 0x00007fd515df8210 code [0x00007fd515df83c0, 0x00007fd515df8530]
Event: 40.683 Thread 0x00007fd52c0e4930 13752   !   2       com.sun.beans.finder.ClassFinder::findClass (43 bytes)
Event: 40.684 Thread 0x00007fd52c0e4930 nmethod 13752 0x00007fd515df7790 code [0x00007fd515df7980, 0x00007fd515df7d50]
Event: 40.685 Thread 0x00007fd52c0e4930 13753       2       org.codehaus.groovy.reflection.ParameterTypes::isValidMethod (80 bytes)
Event: 40.685 Thread 0x00007fd52c0e4930 nmethod 13753 0x00007fd515e7fa90 code [0x00007fd515e7fc80, 0x00007fd515e7ffb0]
Event: 40.687 Thread 0x00007fd52c0e3400 nmethod 13681 0x00007fd51d58a910 code [0x00007fd51d58aac0, 0x00007fd51d58b338]
Event: 40.687 Thread 0x00007fd52c0e3400 13633       4       java.util.LinkedHashMap::get (29 bytes)
Event: 40.691 Thread 0x00007fd52c0e4930 13754       2       org.codehaus.groovy.reflection.ParameterTypes::correctArguments (72 bytes)
Event: 40.692 Thread 0x00007fd52c0e4930 nmethod 13754 0x00007fd515e7f110 code [0x00007fd515e7f320, 0x00007fd515e7f7f0]
Event: 40.692 Thread 0x00007fd52c0e4930 13755       2       org.codehaus.groovy.reflection.ParameterTypes::isVargsMethod (77 bytes)
Event: 40.692 Thread 0x00007fd52c0e4930 nmethod 13755 0x00007fd515e7ea90 code [0x00007fd515e7ec60, 0x00007fd515e7eef0]
Event: 40.693 Thread 0x00007fd52c0e3400 nmethod 13633 0x00007fd51d58b810 code [0x00007fd51d58b9c0, 0x00007fd51d58bd48]
Event: 40.693 Thread 0x00007fd52c0e3400 13632       4       java.lang.Class::getMethodsRecursive (99 bytes)

GC Heap History (20 events):
Event: 19.773 GC heap after
{Heap after GC invocations=37 (full 0):
 garbage-first heap   total 159744K, used 57066K [0x0000000080000000, 0x0000000100000000)
  region size 1024K, 7 young (7168K), 7 survivors (7168K)
 Metaspace       used 65490K, committed 66240K, reserved 491520K
  class space    used 9323K, committed 9664K, reserved 425984K
}
Event: 21.687 GC heap before
{Heap before GC invocations=37 (full 0):
 garbage-first heap   total 159744K, used 129770K [0x0000000080000000, 0x0000000100000000)
  region size 1024K, 78 young (79872K), 7 survivors (7168K)
 Metaspace       used 70327K, committed 71168K, reserved 491520K
  class space    used 9929K, committed 10368K, reserved 425984K
}
Event: 21.764 GC heap after
{Heap after GC invocations=38 (full 0):
 garbage-first heap   total 159744K, used 61301K [0x0000000080000000, 0x0000000100000000)
  region size 1024K, 7 young (7168K), 7 survivors (7168K)
 Metaspace       used 70327K, committed 71168K, reserved 491520K
  class space    used 9929K, committed 10368K, reserved 425984K
}
Event: 23.580 GC heap before
{Heap before GC invocations=38 (full 0):
 garbage-first heap   total 159744K, used 129909K [0x0000000080000000, 0x0000000100000000)
  region size 1024K, 75 young (76800K), 7 survivors (7168K)
 Metaspace       used 73823K, committed 74816K, reserved 491520K
  class space    used 10404K, committed 10880K, reserved 425984K
}
Event: 23.649 GC heap after
{Heap after GC invocations=39 (full 0):
 garbage-first heap   total 159744K, used 65560K [0x0000000080000000, 0x0000000100000000)
  region size 1024K, 9 young (9216K), 9 survivors (9216K)
 Metaspace       used 73823K, committed 74816K, reserved 491520K
  class space    used 10404K, committed 10880K, reserved 425984K
}
Event: 25.379 GC heap before
{Heap before GC invocations=39 (full 0):
 garbage-first heap   total 159744K, used 129048K [0x0000000080000000, 0x0000000100000000)
  region size 1024K, 72 young (73728K), 9 survivors (9216K)
 Metaspace       used 78486K, committed 79424K, reserved 557056K
  class space    used 11147K, committed 11584K, reserved 425984K
}
Event: 25.455 GC heap after
{Heap after GC invocations=40 (full 0):
 garbage-first heap   total 159744K, used 70537K [0x0000000080000000, 0x0000000100000000)
  region size 1024K, 9 young (9216K), 9 survivors (9216K)
 Metaspace       used 78486K, committed 79424K, reserved 557056K
  class space    used 11147K, committed 11584K, reserved 425984K
}
Event: 28.570 GC heap before
{Heap before GC invocations=40 (full 0):
 garbage-first heap   total 159744K, used 129929K [0x0000000080000000, 0x0000000100000000)
  region size 1024K, 67 young (68608K), 9 survivors (9216K)
 Metaspace       used 80930K, committed 81856K, reserved 557056K
  class space    used 11425K, committed 11840K, reserved 425984K
}
Event: 28.651 GC heap after
{Heap after GC invocations=41 (full 0):
 garbage-first heap   total 269312K, used 75188K [0x0000000080000000, 0x0000000100000000)
  region size 1024K, 5 young (5120K), 5 survivors (5120K)
 Metaspace       used 80930K, committed 81856K, reserved 557056K
  class space    used 11425K, committed 11840K, reserved 425984K
}
Event: 32.490 GC heap before
{Heap before GC invocations=41 (full 0):
 garbage-first heap   total 269312K, used 197044K [0x0000000080000000, 0x0000000100000000)
  region size 1024K, 124 young (126976K), 5 survivors (5120K)
 Metaspace       used 82284K, committed 83328K, reserved 557056K
  class space    used 11540K, committed 12032K, reserved 425984K
}
Event: 32.568 GC heap after
{Heap after GC invocations=42 (full 0):
 garbage-first heap   total 269312K, used 83892K [0x0000000080000000, 0x0000000100000000)
  region size 1024K, 13 young (13312K), 13 survivors (13312K)
 Metaspace       used 82284K, committed 83328K, reserved 557056K
  class space    used 11540K, committed 12032K, reserved 425984K
}
Event: 35.521 GC heap before
{Heap before GC invocations=42 (full 0):
 garbage-first heap   total 269312K, used 211892K [0x0000000080000000, 0x0000000100000000)
  region size 1024K, 132 young (135168K), 13 survivors (13312K)
 Metaspace       used 87218K, committed 88320K, reserved 557056K
  class space    used 12086K, committed 12608K, reserved 425984K
}
Event: 35.567 GC heap after
{Heap after GC invocations=43 (full 0):
 garbage-first heap   total 269312K, used 98612K [0x0000000080000000, 0x0000000100000000)
  region size 1024K, 17 young (17408K), 17 survivors (17408K)
 Metaspace       used 87218K, committed 88320K, reserved 557056K
  class space    used 12086K, committed 12608K, reserved 425984K
}
Event: 35.999 GC heap before
{Heap before GC invocations=43 (full 0):
 garbage-first heap   total 269312K, used 119092K [0x0000000080000000, 0x0000000100000000)
  region size 1024K, 38 young (38912K), 17 survivors (17408K)
 Metaspace       used 88782K, committed 89856K, reserved 557056K
  class space    used 12278K, committed 12800K, reserved 425984K
}
Event: 36.068 GC heap after
{Heap after GC invocations=44 (full 0):
 garbage-first heap   total 269312K, used 100966K [0x0000000080000000, 0x0000000100000000)
  region size 1024K, 2 young (2048K), 2 survivors (2048K)
 Metaspace       used 88782K, committed 89856K, reserved 557056K
  class space    used 12278K, committed 12800K, reserved 425984K
}
Event: 38.686 GC heap before
{Heap before GC invocations=45 (full 0):
 garbage-first heap   total 269312K, used 225894K [0x0000000080000000, 0x0000000100000000)
  region size 1024K, 115 young (117760K), 2 survivors (2048K)
 Metaspace       used 95819K, committed 96896K, reserved 557056K
  class space    used 13236K, committed 13760K, reserved 425984K
}
Event: 38.749 GC heap after
{Heap after GC invocations=46 (full 0):
 garbage-first heap   total 269312K, used 111120K [0x0000000080000000, 0x0000000100000000)
  region size 1024K, 8 young (8192K), 8 survivors (8192K)
 Metaspace       used 95819K, committed 96896K, reserved 557056K
  class space    used 13236K, committed 13760K, reserved 425984K
}
Event: 38.804 GC heap before
{Heap before GC invocations=46 (full 0):
 garbage-first heap   total 269312K, used 116240K [0x0000000080000000, 0x0000000100000000)
  region size 1024K, 13 young (13312K), 8 survivors (8192K)
 Metaspace       used 96172K, committed 97280K, reserved 557056K
  class space    used 13280K, committed 13824K, reserved 425984K
}
Event: 38.866 GC heap after
{Heap after GC invocations=47 (full 0):
 garbage-first heap   total 269312K, used 111418K [0x0000000080000000, 0x0000000100000000)
  region size 1024K, 1 young (1024K), 1 survivors (1024K)
 Metaspace       used 96172K, committed 97280K, reserved 557056K
  class space    used 13280K, committed 13824K, reserved 425984K
}
Event: 40.695 GC heap before
{Heap before GC invocations=47 (full 0):
 garbage-first heap   total 269312K, used 219962K [0x0000000080000000, 0x0000000100000000)
  region size 1024K, 107 young (109568K), 1 survivors (1024K)
 Metaspace       used 99080K, committed 100224K, reserved 557056K
  class space    used 13723K, committed 14272K, reserved 425984K
}

Dll operation events (14 events):
Event: 0.009 Loaded shared library /usr/lib/jvm/java-17-openjdk-amd64/lib/libjava.so
Event: 0.069 Loaded shared library /usr/lib/jvm/java-17-openjdk-amd64/lib/libjsvml.so
Event: 0.162 Loaded shared library /usr/lib/jvm/java-17-openjdk-amd64/lib/libzip.so
Event: 0.163 Loaded shared library /usr/lib/jvm/java-17-openjdk-amd64/lib/libinstrument.so
Event: 0.165 Loaded shared library /usr/lib/jvm/java-17-openjdk-amd64/lib/libnio.so
Event: 0.167 Loaded shared library /usr/lib/jvm/java-17-openjdk-amd64/lib/libzip.so
Event: 0.458 Loaded shared library /usr/lib/jvm/java-17-openjdk-amd64/lib/libjimage.so
Event: 0.648 Loaded shared library /usr/lib/jvm/java-17-openjdk-amd64/lib/libverify.so
Event: 0.779 Loaded shared library /usr/lib/jvm/java-17-openjdk-amd64/lib/libnet.so
Event: 0.781 Loaded shared library /root/.gradle/native/1def1411415f61bf3af743bc5b6707747c0891f09f0c88961ee8f79bc544acac/linux-amd64/libnative-platform.so
Event: 0.797 Loaded shared library /root/.gradle/native/0.2.7/x86_64-linux-gnu/libgradle-fileevents.so
Event: 2.389 Loaded shared library /usr/lib/jvm/java-17-openjdk-amd64/lib/libmanagement.so
Event: 2.390 Loaded shared library /usr/lib/jvm/java-17-openjdk-amd64/lib/libmanagement_ext.so
Event: 2.554 Loaded shared library /usr/lib/jvm/java-17-openjdk-amd64/lib/libextnet.so

Deoptimization events (20 events):
Event: 40.280 Thread 0x00007fd4cc00ccc0 Uncommon trap: trap_request=0xffffffbe fr.pc=0x00007fd51d38c4c4 relative=0x0000000000000764
Event: 40.280 Thread 0x00007fd4cc00ccc0 Uncommon trap: reason=profile_predicate action=maybe_recompile pc=0x00007fd51d38c4c4 method=java.lang.PublicMethods$MethodList.filter([Ljava/lang/reflect/Method;Ljava/lang/String;[Ljava/lang/Class;Z)Ljava/lang/PublicMethods$MethodList; @ 17 c2
Event: 40.280 Thread 0x00007fd4cc00ccc0 DEOPT PACKING pc=0x00007fd51d38c4c4 sp=0x00007fd510246ea0
Event: 40.280 Thread 0x00007fd4cc00ccc0 DEOPT UNPACKING pc=0x00007fd51caa2b19 sp=0x00007fd510246e68 mode 2
Event: 40.293 Thread 0x00007fd4cc00ccc0 Uncommon trap: trap_request=0xffffff45 fr.pc=0x00007fd51d118250 relative=0x00000000000016d0
Event: 40.293 Thread 0x00007fd4cc00ccc0 Uncommon trap: reason=unstable_if action=reinterpret pc=0x00007fd51d118250 method=java.util.WeakHashMap.matchesKey(Ljava/util/WeakHashMap$Entry;Ljava/lang/Object;)Z @ 5 c2
Event: 40.293 Thread 0x00007fd4cc00ccc0 DEOPT PACKING pc=0x00007fd51d118250 sp=0x00007fd510247750
Event: 40.293 Thread 0x00007fd4cc00ccc0 DEOPT UNPACKING pc=0x00007fd51caa2b19 sp=0x00007fd5102476d8 mode 2
Event: 40.461 Thread 0x00007fd4cc00ccc0 Uncommon trap: trap_request=0xffffff45 fr.pc=0x00007fd51d45bd04 relative=0x00000000000012e4
Event: 40.461 Thread 0x00007fd4cc00ccc0 Uncommon trap: reason=unstable_if action=reinterpret pc=0x00007fd51d45bd04 method=org.codehaus.groovy.runtime.metaclass.MetaMethodIndex.isOverridden(Lgroovy/lang/MetaMethod;Lgroovy/lang/MetaMethod;)Z @ 52 c2
Event: 40.461 Thread 0x00007fd4cc00ccc0 DEOPT PACKING pc=0x00007fd51d45bd04 sp=0x00007fd5102473d0
Event: 40.461 Thread 0x00007fd4cc00ccc0 DEOPT UNPACKING pc=0x00007fd51caa2b19 sp=0x00007fd510247328 mode 2
Event: 40.686 Thread 0x00007fd4cc00ccc0 Uncommon trap: trap_request=0xffffffde fr.pc=0x00007fd51d4433f4 relative=0x0000000000001034
Event: 40.686 Thread 0x00007fd4cc00ccc0 Uncommon trap: reason=class_check action=maybe_recompile pc=0x00007fd51d4433f4 method=org.gradle.internal.logging.sink.OutputEventTransformer.onOutput(Lorg/gradle/internal/logging/events/OutputEvent;)V @ 272 c2
Event: 40.686 Thread 0x00007fd4cc00ccc0 DEOPT PACKING pc=0x00007fd51d4433f4 sp=0x00007fd5102490f0
Event: 40.686 Thread 0x00007fd4cc00ccc0 DEOPT UNPACKING pc=0x00007fd51caa2b19 sp=0x00007fd5102490e8 mode 2
Event: 40.686 Thread 0x00007fd4cc00ccc0 Uncommon trap: trap_request=0xffffff45 fr.pc=0x00007fd51d48c8e0 relative=0x00000000000000c0
Event: 40.686 Thread 0x00007fd4cc00ccc0 Uncommon trap: reason=unstable_if action=reinterpret pc=0x00007fd51d48c8e0 method=org.gradle.internal.operations.logging.LoggingBuildOperationProgressBroadcaster.onOutput(Lorg/gradle/internal/logging/events/OutputEvent;)V @ 4 c2
Event: 40.686 Thread 0x00007fd4cc00ccc0 DEOPT PACKING pc=0x00007fd51d48c8e0 sp=0x00007fd5102491b0
Event: 40.686 Thread 0x00007fd4cc00ccc0 DEOPT UNPACKING pc=0x00007fd51caa2b19 sp=0x00007fd510249160 mode 2

Classes loaded (20 events):
Event: 40.681 Loading class java/io/FilterOutputStreamBeanInfo
Event: 40.681 Loading class java/io/FilterOutputStreamBeanInfo done
Event: 40.681 Loading class java/io/FilterOutputStreamBeanInfo
Event: 40.681 Loading class java/io/FilterOutputStreamBeanInfo done
Event: 40.681 Loading class java/io/OutputStreamBeanInfo
Event: 40.681 Loading class java/io/OutputStreamBeanInfo done
Event: 40.681 Loading class java/io/OutputStreamBeanInfo
Event: 40.681 Loading class java/io/OutputStreamBeanInfo done
Event: 40.681 Loading class java/io/OutputStreamCustomizer
Event: 40.681 Loading class java/io/OutputStreamCustomizer done
Event: 40.682 Loading class java/io/OutputStreamCustomizer
Event: 40.682 Loading class java/io/OutputStreamCustomizer done
Event: 40.682 Loading class java/io/FilterOutputStreamCustomizer
Event: 40.682 Loading class java/io/FilterOutputStreamCustomizer done
Event: 40.682 Loading class java/io/FilterOutputStreamCustomizer
Event: 40.682 Loading class java/io/FilterOutputStreamCustomizer done
Event: 40.682 Loading class java/io/PrintStreamCustomizer
Event: 40.682 Loading class java/io/PrintStreamCustomizer done
Event: 40.683 Loading class java/io/PrintStreamCustomizer
Event: 40.683 Loading class java/io/PrintStreamCustomizer done

Classes unloaded (0 events):
No events

Classes redefined (0 events):
No events

Internal exceptions (20 events):
Event: 40.572 Thread 0x00007fd4cc00ccc0 Exception <a 'java/lang/ClassNotFoundException'{0x000000008a2f5d88}: com/android/build/gradle/internal/dsl/ApplicationAndroidResourcesImpl$AgpDecorated_DecoratedCustomizer> (0x000000008a2f5d88) 
thrown [./src/hotspot/share/classfile/systemDictionary.cpp, line 257]
Event: 40.586 Thread 0x00007fd4cc00ccc0 Exception <a 'java/lang/ClassNotFoundException'{0x000000008a0ef780}: java/util/ArrayListBeanInfo> (0x000000008a0ef780) 
thrown [./src/hotspot/share/classfile/systemDictionary.cpp, line 257]
Event: 40.586 Thread 0x00007fd4cc00ccc0 Exception <a 'java/lang/ClassNotFoundException'{0x000000008a0fccc0}: java/util/AbstractListBeanInfo> (0x000000008a0fccc0) 
thrown [./src/hotspot/share/classfile/systemDictionary.cpp, line 257]
Event: 40.587 Thread 0x00007fd4cc00ccc0 Exception <a 'java/lang/ClassNotFoundException'{0x0000000089f0a4b8}: java/util/AbstractListCustomizer> (0x0000000089f0a4b8) 
thrown [./src/hotspot/share/classfile/systemDictionary.cpp, line 257]
Event: 40.591 Thread 0x00007fd4cc00ccc0 Exception <a 'java/lang/ClassNotFoundException'{0x0000000089f46a18}: java/util/ArrayListCustomizer> (0x0000000089f46a18) 
thrown [./src/hotspot/share/classfile/systemDictionary.cpp, line 257]
Event: 40.597 Thread 0x00007fd4cc00ccc0 Exception <a 'java/lang/ClassNotFoundException'{0x0000000089fdca88}: groovy/runtime/metaclass/[Ljava/lang/String;MetaClass> (0x0000000089fdca88) 
thrown [./src/hotspot/share/prims/jni.cpp, line 535]
Event: 40.597 Thread 0x00007fd4cc00ccc0 Exception <a 'java/lang/ClassNotFoundException'{0x0000000089fe5538}: [Ljava/lang/String;BeanInfo> (0x0000000089fe5538) 
thrown [./src/hotspot/share/prims/jni.cpp, line 535]
Event: 40.597 Thread 0x00007fd4cc00ccc0 Exception <a 'java/lang/ClassNotFoundException'{0x0000000089fe7038}: [Ljava/lang/String;BeanInfo> (0x0000000089fe7038) 
thrown [./src/hotspot/share/prims/jni.cpp, line 535]
Event: 40.597 Thread 0x00007fd4cc00ccc0 Exception <a 'java/lang/ClassNotFoundException'{0x0000000089fe8bf8}: [Ljava/lang/String;Customizer> (0x0000000089fe8bf8) 
thrown [./src/hotspot/share/prims/jni.cpp, line 535]
Event: 40.597 Thread 0x00007fd4cc00ccc0 Exception <a 'java/lang/ClassNotFoundException'{0x0000000089fea6f8}: [Ljava/lang/String;Customizer> (0x0000000089fea6f8) 
thrown [./src/hotspot/share/prims/jni.cpp, line 535]
Event: 40.659 Thread 0x00007fd4cc00ccc0 Exception <a 'java/lang/ClassNotFoundException'{0x0000000089d7b1a8}: groovy/lang/IntRangeBeanInfo> (0x0000000089d7b1a8) 
thrown [./src/hotspot/share/classfile/systemDictionary.cpp, line 257]
Event: 40.660 Thread 0x00007fd4cc00ccc0 Exception <a 'java/lang/ClassNotFoundException'{0x0000000089da6920}: groovy/lang/IntRangeCustomizer> (0x0000000089da6920) 
thrown [./src/hotspot/share/classfile/systemDictionary.cpp, line 257]
Event: 40.680 Thread 0x00007fd4cc00ccc0 Exception <a 'java/lang/ClassNotFoundException'{0x0000000089b7bd70}: org/gradle/internal/io/LinePerThreadBufferingOutputStreamBeanInfo> (0x0000000089b7bd70) 
thrown [./src/hotspot/share/classfile/systemDictionary.cpp, line 257]
Event: 40.681 Thread 0x00007fd4cc00ccc0 Exception <a 'java/lang/ClassNotFoundException'{0x0000000089b8a790}: java/io/PrintStreamBeanInfo> (0x0000000089b8a790) 
thrown [./src/hotspot/share/classfile/systemDictionary.cpp, line 257]
Event: 40.681 Thread 0x00007fd4cc00ccc0 Exception <a 'java/lang/ClassNotFoundException'{0x0000000089b98fe8}: java/io/FilterOutputStreamBeanInfo> (0x0000000089b98fe8) 
thrown [./src/hotspot/share/classfile/systemDictionary.cpp, line 257]
Event: 40.681 Thread 0x00007fd4cc00ccc0 Exception <a 'java/lang/ClassNotFoundException'{0x0000000089ba7750}: java/io/OutputStreamBeanInfo> (0x0000000089ba7750) 
thrown [./src/hotspot/share/classfile/systemDictionary.cpp, line 257]
Event: 40.682 Thread 0x00007fd4cc00ccc0 Exception <a 'java/lang/ClassNotFoundException'{0x0000000089bb5ea0}: java/io/OutputStreamCustomizer> (0x0000000089bb5ea0) 
thrown [./src/hotspot/share/classfile/systemDictionary.cpp, line 257]
Event: 40.682 Thread 0x00007fd4cc00ccc0 Exception <a 'java/lang/ClassNotFoundException'{0x0000000089bc83f0}: java/io/FilterOutputStreamCustomizer> (0x0000000089bc83f0) 
thrown [./src/hotspot/share/classfile/systemDictionary.cpp, line 257]
Event: 40.683 Thread 0x00007fd4cc00ccc0 Exception <a 'java/lang/ClassNotFoundException'{0x0000000089bdbe88}: java/io/PrintStreamCustomizer> (0x0000000089bdbe88) 
thrown [./src/hotspot/share/classfile/systemDictionary.cpp, line 257]
Event: 40.684 Thread 0x00007fd4cc00ccc0 Exception <a 'java/lang/ClassNotFoundException'{0x0000000089a0cc28}: org/gradle/internal/io/LinePerThreadBufferingOutputStreamCustomizer> (0x0000000089a0cc28) 
thrown [./src/hotspot/share/classfile/systemDictionary.cpp, line 257]

VM Operations (20 events):
Event: 36.191 Executing VM operation: HandshakeAllThreads done
Event: 36.192 Executing VM operation: HandshakeAllThreads
Event: 36.192 Executing VM operation: HandshakeAllThreads done
Event: 36.196 Executing VM operation: CollectForMetadataAllocation
Event: 36.196 Executing VM operation: CollectForMetadataAllocation done
Event: 36.475 Executing VM operation: G1PauseRemark
Event: 36.489 Executing VM operation: G1PauseRemark done
Event: 36.785 Executing VM operation: G1PauseCleanup
Event: 36.786 Executing VM operation: G1PauseCleanup done
Event: 37.786 Executing VM operation: Cleanup
Event: 37.786 Executing VM operation: Cleanup done
Event: 38.686 Executing VM operation: G1CollectForAllocation
Event: 38.749 Executing VM operation: G1CollectForAllocation done
Event: 38.804 Executing VM operation: G1CollectForAllocation
Event: 38.866 Executing VM operation: G1CollectForAllocation done
Event: 39.652 Executing VM operation: HandshakeAllThreads
Event: 39.652 Executing VM operation: HandshakeAllThreads done
Event: 40.652 Executing VM operation: Cleanup
Event: 40.653 Executing VM operation: Cleanup done
Event: 40.695 Executing VM operation: G1CollectForAllocation

Memory protections (20 events):
Event: 24.765 Protecting memory [0x00007fd4d8cfe000,0x00007fd4d8d02000] with protection modes 0
Event: 24.783 Protecting memory [0x00007fd4d8bfd000,0x00007fd4d8c01000] with protection modes 0
Event: 24.799 Protecting memory [0x00007fd4d8afc000,0x00007fd4d8b00000] with protection modes 0
Event: 25.088 Protecting memory [0x00007fd4d89fb000,0x00007fd4d89ff000] with protection modes 0
Event: 25.171 Protecting memory [0x00007fd4d88fa000,0x00007fd4d88fe000] with protection modes 0
Event: 25.349 Protecting memory [0x00007fd4d87f9000,0x00007fd4d87fd000] with protection modes 0
Event: 25.377 Protecting memory [0x00007fd4d86f8000,0x00007fd4d86fc000] with protection modes 0
Event: 25.482 Protecting memory [0x00007fd4d85f7000,0x00007fd4d85fb000] with protection modes 0
Event: 25.486 Protecting memory [0x00007fd4d84f6000,0x00007fd4d84fa000] with protection modes 0
Event: 25.558 Protecting memory [0x00007fd4d83f5000,0x00007fd4d83f9000] with protection modes 0
Event: 25.773 Protecting memory [0x00007fd4d82f4000,0x00007fd4d82f8000] with protection modes 0
Event: 25.875 Protecting memory [0x00007fd4d81f3000,0x00007fd4d81f7000] with protection modes 0
Event: 25.878 Protecting memory [0x00007fd4d80f2000,0x00007fd4d80f6000] with protection modes 0
Event: 26.891 Protecting memory [0x00007fd4aff00000,0x00007fd4aff04000] with protection modes 0
Event: 28.360 Protecting memory [0x00007fd4afdff000,0x00007fd4afe03000] with protection modes 0
Event: 29.059 Protecting memory [0x00007fd4afcfe000,0x00007fd4afd02000] with protection modes 0
Event: 30.560 Protecting memory [0x00007fd4afbfd000,0x00007fd4afc01000] with protection modes 0
Event: 30.567 Protecting memory [0x00007fd4afafc000,0x00007fd4afb00000] with protection modes 0
Event: 34.077 Protecting memory [0x00007fd4af9fb000,0x00007fd4af9ff000] with protection modes 0
Event: 38.400 Protecting memory [0x00007fd4af8fa000,0x00007fd4af8fe000] with protection modes 0

Nmethod flushes (20 events):
Event: 33.664 Thread 0x00007fd52c0e5da0 flushing  nmethod 0x00007fd51666bc10
Event: 33.664 Thread 0x00007fd52c0e5da0 flushing osr nmethod 0x00007fd51668aa10
Event: 33.664 Thread 0x00007fd52c0e5da0 flushing osr nmethod 0x00007fd51669e790
Event: 33.664 Thread 0x00007fd52c0e5da0 flushing  nmethod 0x00007fd5166a1010
Event: 33.664 Thread 0x00007fd52c0e5da0 flushing  nmethod 0x00007fd5166ada10
Event: 33.664 Thread 0x00007fd52c0e5da0 flushing  nmethod 0x00007fd5166b0290
Event: 33.664 Thread 0x00007fd52c0e5da0 flushing  nmethod 0x00007fd5166b0f90
Event: 33.664 Thread 0x00007fd52c0e5da0 flushing  nmethod 0x00007fd5166b2390
Event: 33.664 Thread 0x00007fd52c0e5da0 flushing  nmethod 0x00007fd5166b3010
Event: 33.664 Thread 0x00007fd52c0e5da0 flushing  nmethod 0x00007fd5166b3690
Event: 33.664 Thread 0x00007fd52c0e5da0 flushing  nmethod 0x00007fd5166b3b10
Event: 33.664 Thread 0x00007fd52c0e5da0 flushing  nmethod 0x00007fd5166d5d10
Event: 33.665 Thread 0x00007fd52c0e5da0 flushing  nmethod 0x00007fd516727c10
Event: 33.666 Thread 0x00007fd52c0e5da0 flushing  nmethod 0x00007fd51682ac90
Event: 33.666 Thread 0x00007fd52c0e5da0 flushing  nmethod 0x00007fd51688ef10
Event: 33.666 Thread 0x00007fd52c0e5da0 flushing  nmethod 0x00007fd5168bcf10
Event: 33.666 Thread 0x00007fd52c0e5da0 flushing  nmethod 0x00007fd5168bd490
Event: 33.667 Thread 0x00007fd52c0e5da0 flushing  nmethod 0x00007fd5168e2e90
Event: 33.667 Thread 0x00007fd52c0e5da0 flushing  nmethod 0x00007fd516902b10
Event: 33.667 Thread 0x00007fd52c0e5da0 flushing  nmethod 0x00007fd516996790

Events (20 events):
Event: 24.765 Thread 0x00007fd4fdd69300 Thread added: 0x00007fd504006d30
Event: 24.783 Thread 0x00007fd4fdd69db0 Thread added: 0x00007fd50c0530b0
Event: 24.799 Thread 0x00007fd4fdd69300 Thread added: 0x00007fd504014c40
Event: 25.087 Thread 0x00007fd4fdd69db0 Thread added: 0x00007fd50c06fe70
Event: 25.169 Thread 0x00007fd4fdd69300 Thread added: 0x00007fd50402b530
Event: 25.348 Thread 0x00007fd4fdd69300 Thread added: 0x00007fd50401c640
Event: 25.377 Thread 0x00007fd4fdd69db0 Thread added: 0x00007fd50c0812d0
Event: 25.481 Thread 0x00007fd4fdd69db0 Thread added: 0x00007fd50c08faf0
Event: 25.485 Thread 0x00007fd4fdd69300 Thread added: 0x00007fd50402daf0
Event: 25.558 Thread 0x00007fd4fdd69300 Thread added: 0x00007fd504030c00
Event: 25.772 Thread 0x00007fd4fdd69db0 Thread added: 0x00007fd50c0831e0
Event: 25.873 Thread 0x00007fd4fdd69db0 Thread added: 0x00007fd50c0a7320
Event: 25.878 Thread 0x00007fd4fdd69300 Thread added: 0x00007fd50404e8d0
Event: 26.891 Thread 0x00007fd4cc00ccc0 Thread added: 0x00007fd4fd9d6160
Event: 28.359 Thread 0x00007fd4cc00ccc0 Thread added: 0x00007fd4fd91fe60
Event: 29.051 Thread 0x00007fd4cc00ccc0 Thread added: 0x00007fd4fd97f860
Event: 30.560 Thread 0x00007fd4fdd69300 Thread added: 0x00007fd504032590
Event: 30.567 Thread 0x00007fd4cc00ccc0 Thread added: 0x00007fd4fda1c670
Event: 34.074 Thread 0x00007fd4cc00ccc0 Thread added: 0x00007fd4fe09b040
Event: 38.399 Thread 0x00007fd4cc00ccc0 Thread added: 0x00007fd4fe7fd710


Dynamic libraries:
80000000-90500000 rw-p 00000000 00:00 0 
a2800000-ffe00000 ---p 00000000 00:00 0 
ffe00000-ffe75000 rw-p 00c7a000 fe:00 282978                             /usr/lib/jvm/java-17-openjdk-amd64/lib/server/classes.jsa
ffe75000-fff00000 rw-p 00000000 00:00 0 
fff00000-fff78000 rw-p 00c02000 fe:00 282978                             /usr/lib/jvm/java-17-openjdk-amd64/lib/server/classes.jsa
fff78000-100000000 rw-p 00000000 00:00 0 
55623031a000-55623031b000 r--p 00000000 fe:00 283164                     /usr/lib/jvm/java-17-openjdk-amd64/bin/java
55623031b000-55623031c000 r-xp 00001000 fe:00 283164                     /usr/lib/jvm/java-17-openjdk-amd64/bin/java
55623031c000-55623031d000 r--p 00002000 fe:00 283164                     /usr/lib/jvm/java-17-openjdk-amd64/bin/java
55623031d000-55623031e000 r--p 00002000 fe:00 283164                     /usr/lib/jvm/java-17-openjdk-amd64/bin/java
55623031e000-55623031f000 rw-p 00003000 fe:00 283164                     /usr/lib/jvm/java-17-openjdk-amd64/bin/java
556231bf5000-556231c87000 rw-p 00000000 00:00 0                          [heap]
7fd4af66b000-7fd4af8f9000 rw-p 00000000 00:00 0 
7fd4af8f9000-7fd4af8fa000 ---p 00000000 00:00 0 
7fd4af8fa000-7fd4af8fe000 ---p 00000000 00:00 0 
7fd4af8fe000-7fd4af9fa000 rw-p 00000000 00:00 0 
7fd4af9fa000-7fd4af9fb000 ---p 00000000 00:00 0 
7fd4af9fb000-7fd4af9ff000 ---p 00000000 00:00 0 
7fd4af9ff000-7fd4afafb000 rw-p 00000000 00:00 0 
7fd4afafb000-7fd4afafc000 ---p 00000000 00:00 0 
7fd4afafc000-7fd4afb00000 ---p 00000000 00:00 0 
7fd4afb00000-7fd4afbfc000 rw-p 00000000 00:00 0 
7fd4afbfc000-7fd4afbfd000 ---p 00000000 00:00 0 
7fd4afbfd000-7fd4afc01000 ---p 00000000 00:00 0 
7fd4afc01000-7fd4afcfd000 rw-p 00000000 00:00 0 
7fd4afcfd000-7fd4afcfe000 ---p 00000000 00:00 0 
7fd4afcfe000-7fd4afd02000 ---p 00000000 00:00 0 
7fd4afd02000-7fd4afdfe000 rw-p 00000000 00:00 0 
7fd4afdfe000-7fd4afdff000 ---p 00000000 00:00 0 
7fd4afdff000-7fd4afe03000 ---p 00000000 00:00 0 
7fd4afe03000-7fd4afeff000 rw-p 00000000 00:00 0 
7fd4afeff000-7fd4aff00000 ---p 00000000 00:00 0 
7fd4aff00000-7fd4aff04000 ---p 00000000 00:00 0 
7fd4aff04000-7fd4b0b00000 rw-p 00000000 00:00 0 
7fd4b0b00000-7fd4b0c20000 rw-p 00000000 00:00 0 
7fd4b0c20000-7fd4b0d00000 ---p 00000000 00:00 0 
7fd4b0d00000-7fd4b14d0000 rw-p 00000000 00:00 0 
7fd4b14d0000-7fd4b4000000 ---p 00000000 00:00 0 
7fd4b4000000-7fd4b4845000 rw-p 00000000 00:00 0 
7fd4b4845000-7fd4b8000000 ---p 00000000 00:00 0 
7fd4b8000000-7fd4b8021000 rw-p 00000000 00:00 0 
7fd4b8021000-7fd4bc000000 ---p 00000000 00:00 0 
7fd4bc000000-7fd4bc02f000 rw-p 00000000 00:00 0 
7fd4bc02f000-7fd4c0000000 ---p 00000000 00:00 0 
7fd4c0000000-7fd4c1c37000 rw-p 00000000 00:00 0 
7fd4c1c37000-7fd4c4000000 ---p 00000000 00:00 0 
7fd4c4000000-7fd4c4055000 rw-p 00000000 00:00 0 
7fd4c4055000-7fd4c8000000 ---p 00000000 00:00 0 
7fd4c8000000-7fd4c8021000 rw-p 00000000 00:00 0 
7fd4c8021000-7fd4cc000000 ---p 00000000 00:00 0 
7fd4cc000000-7fd4cc03c000 rw-p 00000000 00:00 0 
7fd4cc03c000-7fd4d0000000 ---p 00000000 00:00 0 
7fd4d0000000-7fd4d0023000 rw-p 00000000 00:00 0 
7fd4d0023000-7fd4d4000000 ---p 00000000 00:00 0 
7fd4d4000000-7fd4d422e000 rw-p 00000000 00:00 0 
7fd4d422e000-7fd4d8000000 ---p 00000000 00:00 0 
7fd4d80f1000-7fd4d80f2000 ---p 00000000 00:00 0 
7fd4d80f2000-7fd4d80f6000 ---p 00000000 00:00 0 
7fd4d80f6000-7fd4d81f2000 rw-p 00000000 00:00 0 
7fd4d81f2000-7fd4d81f3000 ---p 00000000 00:00 0 
7fd4d81f3000-7fd4d81f7000 ---p 00000000 00:00 0 
7fd4d81f7000-7fd4d82f3000 rw-p 00000000 00:00 0 
7fd4d82f3000-7fd4d82f4000 ---p 00000000 00:00 0 
7fd4d82f4000-7fd4d82f8000 ---p 00000000 00:00 0 
7fd4d82f8000-7fd4d83f4000 rw-p 00000000 00:00 0 
7fd4d83f4000-7fd4d83f5000 ---p 00000000 00:00 0 
7fd4d83f5000-7fd4d83f9000 ---p 00000000 00:00 0 
7fd4d83f9000-7fd4d84f5000 rw-p 00000000 00:00 0 
7fd4d84f5000-7fd4d84f6000 ---p 00000000 00:00 0 
7fd4d84f6000-7fd4d84fa000 ---p 00000000 00:00 0 
7fd4d84fa000-7fd4d85f6000 rw-p 00000000 00:00 0 
7fd4d85f6000-7fd4d85f7000 ---p 00000000 00:00 0 
7fd4d85f7000-7fd4d85fb000 ---p 00000000 00:00 0 
7fd4d85fb000-7fd4d86f7000 rw-p 00000000 00:00 0 
7fd4d86f7000-7fd4d86f8000 ---p 00000000 00:00 0 
7fd4d86f8000-7fd4d86fc000 ---p 00000000 00:00 0 
7fd4d86fc000-7fd4d87f8000 rw-p 00000000 00:00 0 
7fd4d87f8000-7fd4d87f9000 ---p 00000000 00:00 0 
7fd4d87f9000-7fd4d87fd000 ---p 00000000 00:00 0 
7fd4d87fd000-7fd4d88f9000 rw-p 00000000 00:00 0 
7fd4d88f9000-7fd4d88fa000 ---p 00000000 00:00 0 
7fd4d88fa000-7fd4d88fe000 ---p 00000000 00:00 0 
7fd4d88fe000-7fd4d89fa000 rw-p 00000000 00:00 0 
7fd4d89fa000-7fd4d89fb000 ---p 00000000 00:00 0 
7fd4d89fb000-7fd4d89ff000 ---p 00000000 00:00 0 
7fd4d89ff000-7fd4d8afb000 rw-p 00000000 00:00 0 
7fd4d8afb000-7fd4d8afc000 ---p 00000000 00:00 0 
7fd4d8afc000-7fd4d8b00000 ---p 00000000 00:00 0 
7fd4d8b00000-7fd4d8bfc000 rw-p 00000000 00:00 0 
7fd4d8bfc000-7fd4d8bfd000 ---p 00000000 00:00 0 
7fd4d8bfd000-7fd4d8c01000 ---p 00000000 00:00 0 
7fd4d8c01000-7fd4d8cfd000 rw-p 00000000 00:00 0 
7fd4d8cfd000-7fd4d8cfe000 ---p 00000000 00:00 0 
7fd4d8cfe000-7fd4d8d02000 ---p 00000000 00:00 0 
7fd4d8d02000-7fd4d8dfe000 rw-p 00000000 00:00 0 
7fd4d8dfe000-7fd4d8dff000 ---p 00000000 00:00 0 
7fd4d8dff000-7fd4d8e03000 ---p 00000000 00:00 0 
7fd4d8e03000-7fd4d8eff000 rw-p 00000000 00:00 0 
7fd4d8eff000-7fd4d8f00000 ---p 00000000 00:00 0 
7fd4d8f00000-7fd4d8f04000 ---p 00000000 00:00 0 
7fd4d8f04000-7fd4d9000000 rw-p 00000000 00:00 0 
7fd4d9000000-7fd4d9455000 rw-p 00001000 fe:00 282978                     /usr/lib/jvm/java-17-openjdk-amd64/lib/server/classes.jsa
7fd4d9455000-7fd4d9bca000 rw-p 00456000 fe:00 282978                     /usr/lib/jvm/java-17-openjdk-amd64/lib/server/classes.jsa
7fd4d9bca000-7fd4da000000 ---p 00000000 00:00 0 
7fd4da000000-7fd4da040000 rw-p 00000000 00:00 0 
7fd4da040000-7fd4da080000 rw-p 00000000 00:00 0 
7fd4da080000-7fd4da140000 rw-p 00000000 00:00 0 
7fd4da140000-7fd4da180000 rw-p 00000000 00:00 0 
7fd4da180000-7fd4da3e0000 rw-p 00000000 00:00 0 
7fd4da3e0000-7fd4da440000 rw-p 00000000 00:00 0 
7fd4da440000-7fd4da480000 rw-p 00000000 00:00 0 
7fd4da480000-7fd4da8c0000 rw-p 00000000 00:00 0 
7fd4da8c0000-7fd4da900000 rw-p 00000000 00:00 0 
7fd4da900000-7fd4dadf0000 rw-p 00000000 00:00 0 
7fd4dadf0000-7fd4f4000000 ---p 00000000 00:00 0 
7fd4f4000000-7fd4f4027000 rw-p 00000000 00:00 0 
7fd4f4027000-7fd4f8000000 ---p 00000000 00:00 0 
7fd4f8000000-7fd4f8400000 rw-p 00000000 00:00 0 
7fd4f8400000-7fd4f87c0000 rw-p 00000000 00:00 0 
7fd4f87c0000-7fd4f8800000 rw-p 00000000 00:00 0 
7fd4f8800000-7fd4f89c0000 rw-p 00000000 00:00 0 
7fd4f89c0000-7fd4f8a00000 rw-p 00000000 00:00 0 
7fd4f8a00000-7fd4f8bc0000 rw-p 00000000 00:00 0 
7fd4f8bc0000-7fd4f8c00000 rw-p 00000000 00:00 0 
7fd4f8c00000-7fd4f9100000 rw-p 00000000 00:00 0 
7fd4f9100000-7fd4f9200000 rw-p 00000000 00:00 0 
7fd4f9200000-7fd4f9700000 rw-p 00000000 00:00 0 
7fd4f9700000-7fd4f9800000 rw-p 00000000 00:00 0 
7fd4f9800000-7fd4f9900000 rw-p 00000000 00:00 0 
7fd4f9900000-7fd4f9a00000 rw-p 00000000 00:00 0 
7fd4f9a00000-7fd4fa580000 rw-p 00000000 00:00 0 
7fd4fa580000-7fd4fa600000 rw-p 00000000 00:00 0 
7fd4fa600000-7fd4fb100000 rw-p 00000000 00:00 0 
7fd4fb100000-7fd4fb200000 rw-p 00000000 00:00 0 
7fd4fb200000-7fd4fc000000 rw-p 00000000 00:00 0 
7fd4fc000000-7fd4fe992000 rw-p 00000000 00:00 0 
7fd4fe992000-7fd500000000 ---p 00000000 00:00 0 
7fd5000a7000-7fd5000a8000 ---p 00000000 00:00 0 
7fd5000a8000-7fd5000ac000 ---p 00000000 00:00 0 
7fd5000ac000-7fd5001a8000 rw-p 00000000 00:00 0 
7fd5001a8000-7fd5001a9000 ---p 00000000 00:00 0 
7fd5001a9000-7fd5001ad000 ---p 00000000 00:00 0 
7fd5001ad000-7fd5002a9000 rw-p 00000000 00:00 0 
7fd5002a9000-7fd5002aa000 ---p 00000000 00:00 0 
7fd5002aa000-7fd5002ae000 ---p 00000000 00:00 0 
7fd5002ae000-7fd5003aa000 rw-p 00000000 00:00 0 
7fd5003aa000-7fd5003ab000 ---p 00000000 00:00 0 
7fd5003ab000-7fd5003af000 ---p 00000000 00:00 0 
7fd5003af000-7fd5004ab000 rw-p 00000000 00:00 0 
7fd5004ab000-7fd5004ac000 ---p 00000000 00:00 0 
7fd5004ac000-7fd5004b0000 ---p 00000000 00:00 0 
7fd5004b0000-7fd5005ac000 rw-p 00000000 00:00 0 
7fd5005ac000-7fd5005ad000 ---p 00000000 00:00 0 
7fd5005ad000-7fd5005b1000 ---p 00000000 00:00 0 
7fd5005b1000-7fd5006ad000 rw-p 00000000 00:00 0 
7fd5006ad000-7fd5006ae000 ---p 00000000 00:00 0 
7fd5006ae000-7fd5006b2000 ---p 00000000 00:00 0 
7fd5006b2000-7fd5007ae000 rw-p 00000000 00:00 0 
7fd5007ae000-7fd5007af000 ---p 00000000 00:00 0 
7fd5007af000-7fd5007b3000 ---p 00000000 00:00 0 
7fd5007b3000-7fd5008af000 rw-p 00000000 00:00 0 
7fd5008af000-7fd5008b0000 ---p 00000000 00:00 0 
7fd5008b0000-7fd5008b4000 ---p 00000000 00:00 0 
7fd5008b4000-7fd5009b0000 rw-p 00000000 00:00 0 
7fd5009b0000-7fd5009b1000 ---p 00000000 00:00 0 
7fd5009b1000-7fd5009b5000 ---p 00000000 00:00 0 
7fd5009b5000-7fd500ab1000 rw-p 00000000 00:00 0 
7fd500ab1000-7fd500ab2000 ---p 00000000 00:00 0 
7fd500ab2000-7fd500ab6000 ---p 00000000 00:00 0 
7fd500ab6000-7fd500bb2000 rw-p 00000000 00:00 0 
7fd500bb2000-7fd500bb3000 ---p 00000000 00:00 0 
7fd500bb3000-7fd500bb7000 ---p 00000000 00:00 0 
7fd500bb7000-7fd500cb3000 rw-p 00000000 00:00 0 
7fd500cb3000-7fd500cb4000 ---p 00000000 00:00 0 
7fd500cb4000-7fd500cb8000 ---p 00000000 00:00 0 
7fd500cb8000-7fd500db4000 rw-p 00000000 00:00 0 
7fd500db4000-7fd500db5000 ---p 00000000 00:00 0 
7fd500db5000-7fd500db9000 ---p 00000000 00:00 0 
7fd500db9000-7fd500eb5000 rw-p 00000000 00:00 0 
7fd500eb5000-7fd500eb6000 ---p 00000000 00:00 0 
7fd500eb6000-7fd500eba000 ---p 00000000 00:00 0 
7fd500eba000-7fd500fb6000 rw-p 00000000 00:00 0 
7fd500fb6000-7fd500fb7000 ---p 00000000 00:00 0 
7fd500fb7000-7fd500fbb000 ---p 00000000 00:00 0 
7fd500fbb000-7fd5010b7000 rw-p 00000000 00:00 0 
7fd5010b7000-7fd5010b8000 ---p 00000000 00:00 0 
7fd5010b8000-7fd5010bc000 ---p 00000000 00:00 0 
7fd5010bc000-7fd5011b8000 rw-p 00000000 00:00 0 
7fd5011b8000-7fd5011b9000 ---p 00000000 00:00 0 
7fd5011b9000-7fd5011bd000 ---p 00000000 00:00 0 
7fd5011bd000-7fd5012b9000 rw-p 00000000 00:00 0 
7fd5012b9000-7fd5012ba000 ---p 00000000 00:00 0 
7fd5012ba000-7fd5012be000 ---p 00000000 00:00 0 
7fd5012be000-7fd5013ba000 rw-p 00000000 00:00 0 
7fd5013f4000-7fd5013f5000 ---p 00000000 00:00 0 
7fd5013f5000-7fd5013f9000 ---p 00000000 00:00 0 
7fd5013f9000-7fd5014f5000 rw-p 00000000 00:00 0 
7fd5014f5000-7fd5014f6000 ---p 00000000 00:00 0 
7fd5014f6000-7fd5014fa000 ---p 00000000 00:00 0 
7fd5014fa000-7fd5015f6000 rw-p 00000000 00:00 0 
7fd5015f6000-7fd5015f7000 ---p 00000000 00:00 0 
7fd5015f7000-7fd5015fb000 ---p 00000000 00:00 0 
7fd5015fb000-7fd5016f7000 rw-p 00000000 00:00 0 
7fd5016f7000-7fd5016f8000 ---p 00000000 00:00 0 
7fd5016f8000-7fd5016fc000 ---p 00000000 00:00 0 
7fd5016fc000-7fd5017f8000 rw-p 00000000 00:00 0 
7fd5017f8000-7fd5017f9000 ---p 00000000 00:00 0 
7fd5017f9000-7fd5017fd000 ---p 00000000 00:00 0 
7fd5017fd000-7fd5018f9000 rw-p 00000000 00:00 0 
7fd5018f9000-7fd5018fa000 ---p 00000000 00:00 0 
7fd5018fa000-7fd5018fe000 ---p 00000000 00:00 0 
7fd5018fe000-7fd5019fa000 rw-p 00000000 00:00 0 
7fd5019fa000-7fd5019fb000 ---p 00000000 00:00 0 
7fd5019fb000-7fd5019ff000 ---p 00000000 00:00 0 
7fd5019ff000-7fd501afb000 rw-p 00000000 00:00 0 
7fd501afb000-7fd501afc000 ---p 00000000 00:00 0 
7fd501afc000-7fd501b00000 ---p 00000000 00:00 0 
7fd501b00000-7fd501bfc000 rw-p 00000000 00:00 0 
7fd501bfc000-7fd501bfd000 ---p 00000000 00:00 0 
7fd501bfd000-7fd501c01000 ---p 00000000 00:00 0 
7fd501c01000-7fd501cfd000 rw-p 00000000 00:00 0 
7fd501cfd000-7fd501cfe000 ---p 00000000 00:00 0 
7fd501cfe000-7fd501d02000 ---p 00000000 00:00 0 
7fd501d02000-7fd501dfe000 rw-p 00000000 00:00 0 
7fd501dfe000-7fd501dff000 ---p 00000000 00:00 0 
7fd501dff000-7fd501e03000 ---p 00000000 00:00 0 
7fd501e03000-7fd501eff000 rw-p 00000000 00:00 0 
7fd501eff000-7fd501f00000 ---p 00000000 00:00 0 
7fd501f00000-7fd501f04000 ---p 00000000 00:00 0 
7fd501f04000-7fd504000000 rw-p 00000000 00:00 0 
7fd504000000-7fd504078000 rw-p 00000000 00:00 0 
7fd504078000-7fd508000000 ---p 00000000 00:00 0 
7fd508000000-7fd508059000 rw-p 00000000 00:00 0 
7fd508059000-7fd50c000000 ---p 00000000 00:00 0 
7fd50c000000-7fd50c0c8000 rw-p 00000000 00:00 0 
7fd50c0c8000-7fd510000000 ---p 00000000 00:00 0 
7fd510031000-7fd510032000 ---p 00000000 00:00 0 
7fd510032000-7fd510036000 ---p 00000000 00:00 0 
7fd510036000-7fd510054000 rw-p 00000000 00:00 0 
7fd510054000-7fd510055000 ---p 00000000 00:00 0 
7fd510055000-7fd510059000 ---p 00000000 00:00 0 
7fd510059000-7fd510155000 rw-p 00000000 00:00 0 
7fd510155000-7fd510156000 ---p 00000000 00:00 0 
7fd510156000-7fd51015a000 ---p 00000000 00:00 0 
7fd51015a000-7fd510256000 rw-p 00000000 00:00 0 
7fd510256000-7fd510257000 ---p 00000000 00:00 0 
7fd510257000-7fd51025b000 ---p 00000000 00:00 0 
7fd51025b000-7fd510357000 rw-p 00000000 00:00 0 
7fd510357000-7fd510358000 ---p 00000000 00:00 0 
7fd510358000-7fd51035c000 ---p 00000000 00:00 0 
7fd51035c000-7fd510458000 rw-p 00000000 00:00 0 
7fd510458000-7fd510459000 ---p 00000000 00:00 0 
7fd510459000-7fd51045d000 ---p 00000000 00:00 0 
7fd51045d000-7fd510559000 rw-p 00000000 00:00 0 
7fd510559000-7fd51055a000 ---p 00000000 00:00 0 
7fd51055a000-7fd51055e000 ---p 00000000 00:00 0 
7fd51055e000-7fd51065a000 rw-p 00000000 00:00 0 
7fd51065a000-7fd51065b000 ---p 00000000 00:00 0 
7fd51065b000-7fd51065f000 ---p 00000000 00:00 0 
7fd51065f000-7fd51075b000 rw-p 00000000 00:00 0 
7fd51075b000-7fd51075c000 r--p 00000000 fe:00 546208                     /usr/lib/jvm/java-17-openjdk-amd64/lib/libextnet.so
7fd51075c000-7fd51075d000 r-xp 00001000 fe:00 546208                     /usr/lib/jvm/java-17-openjdk-amd64/lib/libextnet.so
7fd51075d000-7fd51075e000 r--p 00002000 fe:00 546208                     /usr/lib/jvm/java-17-openjdk-amd64/lib/libextnet.so
7fd51075e000-7fd51075f000 r--p 00002000 fe:00 546208                     /usr/lib/jvm/java-17-openjdk-amd64/lib/libextnet.so
7fd51075f000-7fd510760000 rw-p 00003000 fe:00 546208                     /usr/lib/jvm/java-17-openjdk-amd64/lib/libextnet.so
7fd510760000-7fd510761000 ---p 00000000 00:00 0 
7fd510761000-7fd510765000 ---p 00000000 00:00 0 
7fd510765000-7fd510861000 rw-p 00000000 00:00 0 
7fd510861000-7fd510863000 r--p 00000000 fe:00 546226                     /usr/lib/jvm/java-17-openjdk-amd64/lib/libmanagement_ext.so
7fd510863000-7fd510866000 r-xp 00002000 fe:00 546226                     /usr/lib/jvm/java-17-openjdk-amd64/lib/libmanagement_ext.so
7fd510866000-7fd510867000 r--p 00005000 fe:00 546226                     /usr/lib/jvm/java-17-openjdk-amd64/lib/libmanagement_ext.so
7fd510867000-7fd510868000 r--p 00006000 fe:00 546226                     /usr/lib/jvm/java-17-openjdk-amd64/lib/libmanagement_ext.so
7fd510868000-7fd510869000 rw-p 00007000 fe:00 546226                     /usr/lib/jvm/java-17-openjdk-amd64/lib/libmanagement_ext.so
7fd510869000-7fd51086a000 ---p 00000000 00:00 0 
7fd51086a000-7fd51096a000 rw-p 00000000 00:00 0 
7fd51096a000-7fd51096b000 r--p 00000000 00:25 17896                      /usr/lib/x86_64-linux-gnu/libdl.so.2
7fd51096b000-7fd51096c000 r-xp 00001000 00:25 17896                      /usr/lib/x86_64-linux-gnu/libdl.so.2
7fd51096c000-7fd51096d000 r--p 00002000 00:25 17896                      /usr/lib/x86_64-linux-gnu/libdl.so.2
7fd51096d000-7fd51096e000 r--p 00002000 00:25 17896                      /usr/lib/x86_64-linux-gnu/libdl.so.2
7fd51096e000-7fd51096f000 rw-p 00003000 00:25 17896                      /usr/lib/x86_64-linux-gnu/libdl.so.2
7fd51096f000-7fd5109ab000 r--p 00000000 fe:00 274107                     /root/.gradle/native/0.2.7/x86_64-linux-gnu/libgradle-fileevents.so
7fd5109ab000-7fd5109f3000 r-xp 0003b000 fe:00 274107                     /root/.gradle/native/0.2.7/x86_64-linux-gnu/libgradle-fileevents.so
7fd5109f3000-7fd5109fc000 r--p 00082000 fe:00 274107                     /root/.gradle/native/0.2.7/x86_64-linux-gnu/libgradle-fileevents.so
7fd5109fc000-7fd5109fd000 rw-p 0008a000 fe:00 274107                     /root/.gradle/native/0.2.7/x86_64-linux-gnu/libgradle-fileevents.so
7fd5109fd000-7fd510a00000 rw-p 00000000 00:00 0 
7fd510a00000-7fd510a05000 r-xp 00000000 fe:00 274082                     /root/.gradle/native/1def1411415f61bf3af743bc5b6707747c0891f09f0c88961ee8f79bc544acac/linux-amd64/libnative-platform.so
7fd510a05000-7fd510c05000 ---p 00005000 fe:00 274082                     /root/.gradle/native/1def1411415f61bf3af743bc5b6707747c0891f09f0c88961ee8f79bc544acac/linux-amd64/libnative-platform.so
7fd510c05000-7fd510c06000 r--p 00005000 fe:00 274082                     /root/.gradle/native/1def1411415f61bf3af743bc5b6707747c0891f09f0c88961ee8f79bc544acac/linux-amd64/libnative-platform.so
7fd510c06000-7fd510c07000 rw-p 00006000 fe:00 274082                     /root/.gradle/native/1def1411415f61bf3af743bc5b6707747c0891f09f0c88961ee8f79bc544acac/linux-amd64/libnative-platform.so
7fd510c08000-7fd510c09000 ---p 00000000 00:00 0 
7fd510c09000-7fd510d09000 rw-p 00000000 00:00 0 
7fd510d09000-7fd510d0a000 ---p 00000000 00:00 0 
7fd510d0a000-7fd510e0a000 rw-p 00000000 00:00 0 
7fd510e0a000-7fd510e0b000 ---p 00000000 00:00 0 
7fd510e0b000-7fd510e0f000 ---p 00000000 00:00 0 
7fd510e0f000-7fd510f0b000 rw-p 00000000 00:00 0 
7fd510f0b000-7fd510f0c000 ---p 00000000 00:00 0 
7fd510f0c000-7fd510f10000 ---p 00000000 00:00 0 
7fd510f10000-7fd51100c000 rw-p 00000000 00:00 0 
7fd51100c000-7fd51100d000 ---p 00000000 00:00 0 
7fd51100d000-7fd511011000 ---p 00000000 00:00 0 
7fd511011000-7fd51110d000 rw-p 00000000 00:00 0 
7fd51110d000-7fd51110e000 ---p 00000000 00:00 0 
7fd51110e000-7fd511112000 ---p 00000000 00:00 0 
7fd511112000-7fd51120e000 rw-p 00000000 00:00 0 
7fd51120e000-7fd51120f000 ---p 00000000 00:00 0 
7fd51120f000-7fd511213000 ---p 00000000 00:00 0 
7fd511213000-7fd51130f000 rw-p 00000000 00:00 0 
7fd51130f000-7fd511310000 ---p 00000000 00:00 0 
7fd511310000-7fd511314000 ---p 00000000 00:00 0 
7fd511314000-7fd511410000 rw-p 00000000 00:00 0 
7fd511410000-7fd511411000 ---p 00000000 00:00 0 
7fd511411000-7fd511415000 ---p 00000000 00:00 0 
7fd511415000-7fd511925000 rw-p 00000000 00:00 0 
7fd511925000-7fd513509000 ---p 00000000 00:00 0 
7fd513509000-7fd513925000 rw-p 00000000 00:00 0 
7fd513925000-7fd515509000 ---p 00000000 00:00 0 
7fd515509000-7fd515511000 rw-p 00000000 00:00 0 
7fd515511000-7fd516a11000 rwxp 00000000 00:00 0 
7fd516a11000-7fd51ca49000 ---p 00000000 00:00 0 
7fd51ca49000-7fd51ccc9000 rwxp 00000000 00:00 0 
7fd51ccc9000-7fd51cfd8000 ---p 00000000 00:00 0 
7fd51cfd8000-7fd51d598000 rwxp 00000000 00:00 0 
7fd51d598000-7fd524511000 ---p 00000000 00:00 0 
7fd524511000-7fd52c000000 r--s 00000000 fe:00 546237                     /usr/lib/jvm/java-17-openjdk-amd64/lib/modules
7fd52c000000-7fd52d46c000 rw-p 00000000 00:00 0 
7fd52d46c000-7fd530000000 ---p 00000000 00:00 0 
7fd530004000-7fd530005000 r--p 00000000 00:25 18147                      /usr/lib/x86_64-linux-gnu/libpthread.so.0
7fd530005000-7fd530006000 r-xp 00001000 00:25 18147                      /usr/lib/x86_64-linux-gnu/libpthread.so.0
7fd530006000-7fd530007000 r--p 00002000 00:25 18147                      /usr/lib/x86_64-linux-gnu/libpthread.so.0
7fd530007000-7fd530008000 r--p 00002000 00:25 18147                      /usr/lib/x86_64-linux-gnu/libpthread.so.0
7fd530008000-7fd530009000 rw-p 00003000 00:25 18147                      /usr/lib/x86_64-linux-gnu/libpthread.so.0
7fd530009000-7fd53000d000 r--p 00000000 fe:00 546235                     /usr/lib/jvm/java-17-openjdk-amd64/lib/libverify.so
7fd53000d000-7fd530014000 r-xp 00004000 fe:00 546235                     /usr/lib/jvm/java-17-openjdk-amd64/lib/libverify.so
7fd530014000-7fd530016000 r--p 0000b000 fe:00 546235                     /usr/lib/jvm/java-17-openjdk-amd64/lib/libverify.so
7fd530016000-7fd530018000 r--p 0000c000 fe:00 546235                     /usr/lib/jvm/java-17-openjdk-amd64/lib/libverify.so
7fd530018000-7fd530019000 rw-p 0000e000 fe:00 546235                     /usr/lib/jvm/java-17-openjdk-amd64/lib/libverify.so
7fd530019000-7fd53001d000 r--p 00000000 fe:00 546228                     /usr/lib/jvm/java-17-openjdk-amd64/lib/libnet.so
7fd53001d000-7fd53002b000 r-xp 00004000 fe:00 546228                     /usr/lib/jvm/java-17-openjdk-amd64/lib/libnet.so
7fd53002b000-7fd53002f000 r--p 00012000 fe:00 546228                     /usr/lib/jvm/java-17-openjdk-amd64/lib/libnet.so
7fd53002f000-7fd530030000 r--p 00015000 fe:00 546228                     /usr/lib/jvm/java-17-openjdk-amd64/lib/libnet.so
7fd530030000-7fd530031000 rw-p 00016000 fe:00 546228                     /usr/lib/jvm/java-17-openjdk-amd64/lib/libnet.so
7fd530031000-7fd530032000 ---p 00000000 00:00 0 
7fd530032000-7fd530036000 ---p 00000000 00:00 0 
7fd530036000-7fd530132000 rw-p 00000000 00:00 0 
7fd530132000-7fd530189000 r--p 00000000 00:25 13882                      /usr/lib/locale/C.utf8/LC_CTYPE
7fd530189000-7fd53018a000 ---p 00000000 00:00 0 
7fd53018a000-7fd53018e000 ---p 00000000 00:00 0 
7fd53018e000-7fd53028a000 rw-p 00000000 00:00 0 
7fd53028a000-7fd53028b000 ---p 00000000 00:00 0 
7fd53028b000-7fd53028f000 ---p 00000000 00:00 0 
7fd53028f000-7fd53038b000 rw-p 00000000 00:00 0 
7fd53038b000-7fd53038c000 ---p 00000000 00:00 0 
7fd53038c000-7fd53048c000 rw-p 00000000 00:00 0 
7fd53048c000-7fd530491000 r--p 00000000 fe:00 546222                     /usr/lib/jvm/java-17-openjdk-amd64/lib/libjsvml.so
7fd530491000-7fd5304d2000 r-xp 00005000 fe:00 546222                     /usr/lib/jvm/java-17-openjdk-amd64/lib/libjsvml.so
7fd5304d2000-7fd53055b000 r--p 00046000 fe:00 546222                     /usr/lib/jvm/java-17-openjdk-amd64/lib/libjsvml.so
7fd53055b000-7fd53055c000 r--p 000ce000 fe:00 546222                     /usr/lib/jvm/java-17-openjdk-amd64/lib/libjsvml.so
7fd53055c000-7fd53055d000 rw-p 000cf000 fe:00 546222                     /usr/lib/jvm/java-17-openjdk-amd64/lib/libjsvml.so
7fd53055d000-7fd53067a000 rw-p 00000000 00:00 0 
7fd53067d000-7fd53067f000 r--p 00000000 fe:00 546224                     /usr/lib/jvm/java-17-openjdk-amd64/lib/libmanagement.so
7fd53067f000-7fd530680000 r-xp 00002000 fe:00 546224                     /usr/lib/jvm/java-17-openjdk-amd64/lib/libmanagement.so
7fd530680000-7fd530681000 r--p 00003000 fe:00 546224                     /usr/lib/jvm/java-17-openjdk-amd64/lib/libmanagement.so
7fd530681000-7fd530682000 r--p 00003000 fe:00 546224                     /usr/lib/jvm/java-17-openjdk-amd64/lib/libmanagement.so
7fd530682000-7fd530683000 rw-p 00004000 fe:00 546224                     /usr/lib/jvm/java-17-openjdk-amd64/lib/libmanagement.so
7fd530683000-7fd53068a000 r--p 00000000 fe:00 546229                     /usr/lib/jvm/java-17-openjdk-amd64/lib/libnio.so
7fd53068a000-7fd530693000 r-xp 00007000 fe:00 546229                     /usr/lib/jvm/java-17-openjdk-amd64/lib/libnio.so
7fd530693000-7fd530697000 r--p 00010000 fe:00 546229                     /usr/lib/jvm/java-17-openjdk-amd64/lib/libnio.so
7fd530697000-7fd530698000 r--p 00014000 fe:00 546229                     /usr/lib/jvm/java-17-openjdk-amd64/lib/libnio.so
7fd530698000-7fd530699000 rw-p 00015000 fe:00 546229                     /usr/lib/jvm/java-17-openjdk-amd64/lib/libnio.so
7fd530699000-7fd53069b000 r--p 00000000 fe:00 546236                     /usr/lib/jvm/java-17-openjdk-amd64/lib/libzip.so
7fd53069b000-7fd53069f000 r-xp 00002000 fe:00 546236                     /usr/lib/jvm/java-17-openjdk-amd64/lib/libzip.so
7fd53069f000-7fd5306a1000 r--p 00006000 fe:00 546236                     /usr/lib/jvm/java-17-openjdk-amd64/lib/libzip.so
7fd5306a1000-7fd5306a2000 r--p 00007000 fe:00 546236                     /usr/lib/jvm/java-17-openjdk-amd64/lib/libzip.so
7fd5306a2000-7fd5306a3000 rw-p 00008000 fe:00 546236                     /usr/lib/jvm/java-17-openjdk-amd64/lib/libzip.so
7fd5306a3000-7fd5306a4000 r--p 00000000 00:25 13888                      /usr/lib/locale/C.utf8/LC_NUMERIC
7fd5306a4000-7fd5306a5000 r--p 00000000 00:25 13891                      /usr/lib/locale/C.utf8/LC_TIME
7fd5306a5000-7fd5306a6000 r--p 00000000 00:25 13881                      /usr/lib/locale/C.utf8/LC_COLLATE
7fd5306a6000-7fd5306a7000 r--p 00000000 00:25 13886                      /usr/lib/locale/C.utf8/LC_MONETARY
7fd5306a7000-7fd5306a8000 r--p 00000000 00:25 13885                      /usr/lib/locale/C.utf8/LC_MESSAGES/SYS_LC_MESSAGES
7fd5306a8000-7fd5306a9000 r--p 00000000 00:25 13889                      /usr/lib/locale/C.utf8/LC_PAPER
7fd5306a9000-7fd5306aa000 r--p 00000000 00:25 13887                      /usr/lib/locale/C.utf8/LC_NAME
7fd5306aa000-7fd5306b1000 r--s 00000000 00:25 17572                      /usr/lib/x86_64-linux-gnu/gconv/gconv-modules.cache
7fd5306b1000-7fd5306b2000 ---p 00000000 00:00 0 
7fd5306b2000-7fd5307b2000 rw-p 00000000 00:00 0 
7fd5307b2000-7fd5307b3000 ---p 00000000 00:00 0 
7fd5307b3000-7fd530ab5000 rw-p 00000000 00:00 0 
7fd530ab5000-7fd530ab6000 ---p 00000000 00:00 0 
7fd530ab6000-7fd530bb6000 rw-p 00000000 00:00 0 
7fd530bb6000-7fd530bb7000 ---p 00000000 00:00 0 
7fd530bb7000-7fd530cb7000 rw-p 00000000 00:00 0 
7fd530cb7000-7fd530cb8000 ---p 00000000 00:00 0 
7fd530cb8000-7fd530e80000 rw-p 00000000 00:00 0 
7fd530e80000-7fd5311fc000 ---p 00000000 00:00 0 
7fd5311fc000-7fd531280000 rw-p 00000000 00:00 0 
7fd531280000-7fd5315fc000 ---p 00000000 00:00 0 
7fd5315fc000-7fd531680000 rw-p 00000000 00:00 0 
7fd531680000-7fd5319fc000 ---p 00000000 00:00 0 
7fd5319fc000-7fd531c0b000 rw-p 00000000 00:00 0 
7fd531c0b000-7fd531cea000 ---p 00000000 00:00 0 
7fd531cea000-7fd531d14000 rw-p 00000000 00:00 0 
7fd531d14000-7fd531dd5000 ---p 00000000 00:00 0 
7fd531dd5000-7fd531dda000 rw-p 00000000 00:00 0 
7fd531dda000-7fd531de1000 ---p 00000000 00:00 0 
7fd531de1000-7fd531de9000 rw-s 00000000 fe:00 274167                     /tmp/hsperfdata_root/6973
7fd531de9000-7fd531df5000 r--p 00000000 fe:00 546215                     /usr/lib/jvm/java-17-openjdk-amd64/lib/libjava.so
7fd531df5000-7fd531e06000 r-xp 0000c000 fe:00 546215                     /usr/lib/jvm/java-17-openjdk-amd64/lib/libjava.so
7fd531e06000-7fd531e0c000 r--p 0001d000 fe:00 546215                     /usr/lib/jvm/java-17-openjdk-amd64/lib/libjava.so
7fd531e0c000-7fd531e0d000 r--p 00022000 fe:00 546215                     /usr/lib/jvm/java-17-openjdk-amd64/lib/libjava.so
7fd531e0d000-7fd531e0e000 rw-p 00023000 fe:00 546215                     /usr/lib/jvm/java-17-openjdk-amd64/lib/libjava.so
7fd531e0e000-7fd531e0f000 rw-p 00000000 00:00 0 
7fd531e0f000-7fd531e10000 r--p 00000000 fe:00 546210                     /usr/lib/jvm/java-17-openjdk-amd64/lib/libinstrument.so
7fd531e10000-7fd531e16000 r-xp 00001000 fe:00 546210                     /usr/lib/jvm/java-17-openjdk-amd64/lib/libinstrument.so
7fd531e16000-7fd531e19000 r--p 00007000 fe:00 546210                     /usr/lib/jvm/java-17-openjdk-amd64/lib/libinstrument.so
7fd531e19000-7fd531e1a000 r--p 00009000 fe:00 546210                     /usr/lib/jvm/java-17-openjdk-amd64/lib/libinstrument.so
7fd531e1a000-7fd531e1b000 rw-p 0000a000 fe:00 546210                     /usr/lib/jvm/java-17-openjdk-amd64/lib/libinstrument.so
7fd531e1b000-7fd531e1d000 r--p 00000000 fe:00 546218                     /usr/lib/jvm/java-17-openjdk-amd64/lib/libjimage.so
7fd531e1d000-7fd531e20000 r-xp 00002000 fe:00 546218                     /usr/lib/jvm/java-17-openjdk-amd64/lib/libjimage.so
7fd531e20000-7fd531e21000 r--p 00005000 fe:00 546218                     /usr/lib/jvm/java-17-openjdk-amd64/lib/libjimage.so
7fd531e21000-7fd531e22000 r--p 00006000 fe:00 546218                     /usr/lib/jvm/java-17-openjdk-amd64/lib/libjimage.so
7fd531e22000-7fd531e23000 rw-p 00007000 fe:00 546218                     /usr/lib/jvm/java-17-openjdk-amd64/lib/libjimage.so
7fd531e23000-7fd531e27000 ---p 00000000 00:00 0 
7fd531e27000-7fd531f23000 rw-p 00000000 00:00 0 
7fd531f23000-7fd531f26000 r--p 00000000 00:25 17958                      /usr/lib/x86_64-linux-gnu/libgcc_s.so.1
7fd531f26000-7fd531f3d000 r-xp 00003000 00:25 17958                      /usr/lib/x86_64-linux-gnu/libgcc_s.so.1
7fd531f3d000-7fd531f41000 r--p 0001a000 00:25 17958                      /usr/lib/x86_64-linux-gnu/libgcc_s.so.1
7fd531f41000-7fd531f42000 r--p 0001d000 00:25 17958                      /usr/lib/x86_64-linux-gnu/libgcc_s.so.1
7fd531f42000-7fd531f43000 rw-p 0001e000 00:25 17958                      /usr/lib/x86_64-linux-gnu/libgcc_s.so.1
7fd531f43000-7fd531f53000 r--p 00000000 00:25 18057                      /usr/lib/x86_64-linux-gnu/libm.so.6
7fd531f53000-7fd531fc7000 r-xp 00010000 00:25 18057                      /usr/lib/x86_64-linux-gnu/libm.so.6
7fd531fc7000-7fd532021000 r--p 00084000 00:25 18057                      /usr/lib/x86_64-linux-gnu/libm.so.6
7fd532021000-7fd532022000 r--p 000dd000 00:25 18057                      /usr/lib/x86_64-linux-gnu/libm.so.6
7fd532022000-7fd532023000 rw-p 000de000 00:25 18057                      /usr/lib/x86_64-linux-gnu/libm.so.6
7fd532023000-7fd5320bc000 r--p 00000000 00:25 18224                      /usr/lib/x86_64-linux-gnu/libstdc++.so.6.0.30
7fd5320bc000-7fd5321bd000 r-xp 00099000 00:25 18224                      /usr/lib/x86_64-linux-gnu/libstdc++.so.6.0.30
7fd5321bd000-7fd53222c000 r--p 0019a000 00:25 18224                      /usr/lib/x86_64-linux-gnu/libstdc++.so.6.0.30
7fd53222c000-7fd532237000 r--p 00209000 00:25 18224                      /usr/lib/x86_64-linux-gnu/libstdc++.so.6.0.30
7fd532237000-7fd53223a000 rw-p 00214000 00:25 18224                      /usr/lib/x86_64-linux-gnu/libstdc++.so.6.0.30
7fd53223a000-7fd53223d000 rw-p 00000000 00:00 0 
7fd53223d000-7fd53248e000 r--p 00000000 fe:00 283295                     /usr/lib/jvm/java-17-openjdk-amd64/lib/server/libjvm.so
7fd53248e000-7fd5331e0000 r-xp 00251000 fe:00 283295                     /usr/lib/jvm/java-17-openjdk-amd64/lib/server/libjvm.so
7fd5331e0000-7fd533462000 r--p 00fa3000 fe:00 283295                     /usr/lib/jvm/java-17-openjdk-amd64/lib/server/libjvm.so
7fd533462000-7fd53351a000 r--p 01225000 fe:00 283295                     /usr/lib/jvm/java-17-openjdk-amd64/lib/server/libjvm.so
7fd53351a000-7fd53354f000 rw-p 012dd000 fe:00 283295                     /usr/lib/jvm/java-17-openjdk-amd64/lib/server/libjvm.so
7fd53354f000-7fd5335ab000 rw-p 00000000 00:00 0 
7fd5335ab000-7fd5335d1000 r--p 00000000 00:25 17847                      /usr/lib/x86_64-linux-gnu/libc.so.6
7fd5335d1000-7fd533727000 r-xp 00026000 00:25 17847                      /usr/lib/x86_64-linux-gnu/libc.so.6
7fd533727000-7fd53377a000 r--p 0017c000 00:25 17847                      /usr/lib/x86_64-linux-gnu/libc.so.6
7fd53377a000-7fd53377e000 r--p 001cf000 00:25 17847                      /usr/lib/x86_64-linux-gnu/libc.so.6
7fd53377e000-7fd533780000 rw-p 001d3000 00:25 17847                      /usr/lib/x86_64-linux-gnu/libc.so.6
7fd533780000-7fd53378d000 rw-p 00000000 00:00 0 
7fd53378d000-7fd53378f000 r--p 00000000 fe:00 546219                     /usr/lib/jvm/java-17-openjdk-amd64/lib/libjli.so
7fd53378f000-7fd533798000 r-xp 00002000 fe:00 546219                     /usr/lib/jvm/java-17-openjdk-amd64/lib/libjli.so
7fd533798000-7fd53379b000 r--p 0000b000 fe:00 546219                     /usr/lib/jvm/java-17-openjdk-amd64/lib/libjli.so
7fd53379b000-7fd53379c000 r--p 0000d000 fe:00 546219                     /usr/lib/jvm/java-17-openjdk-amd64/lib/libjli.so
7fd53379c000-7fd53379d000 rw-p 0000e000 fe:00 546219                     /usr/lib/jvm/java-17-openjdk-amd64/lib/libjli.so
7fd53379d000-7fd5337a0000 r--p 00000000 00:25 1006                       /usr/lib/x86_64-linux-gnu/libz.so.1.2.13
7fd5337a0000-7fd5337b3000 r-xp 00003000 00:25 1006                       /usr/lib/x86_64-linux-gnu/libz.so.1.2.13
7fd5337b3000-7fd5337ba000 r--p 00016000 00:25 1006                       /usr/lib/x86_64-linux-gnu/libz.so.1.2.13
7fd5337ba000-7fd5337bb000 r--p 0001c000 00:25 1006                       /usr/lib/x86_64-linux-gnu/libz.so.1.2.13
7fd5337bb000-7fd5337bc000 rw-p 0001d000 00:25 1006                       /usr/lib/x86_64-linux-gnu/libz.so.1.2.13
7fd5337bc000-7fd5337bd000 r--p 00000000 00:25 13880                      /usr/lib/locale/C.utf8/LC_ADDRESS
7fd5337bd000-7fd5337be000 r--p 00000000 00:25 13890                      /usr/lib/locale/C.utf8/LC_TELEPHONE
7fd5337be000-7fd5337bf000 r--p 00000000 00:25 13884                      /usr/lib/locale/C.utf8/LC_MEASUREMENT
7fd5337bf000-7fd5337c0000 r--p 00000000 00:25 13883                      /usr/lib/locale/C.utf8/LC_IDENTIFICATION
7fd5337c0000-7fd5337c1000 ---p 00000000 00:00 0 
7fd5337c1000-7fd5337c2000 r--p 00000000 00:00 0 
7fd5337c2000-7fd5337c3000 ---p 00000000 00:00 0 
7fd5337c3000-7fd5337c5000 rw-p 00000000 00:00 0 
7fd5337c5000-7fd5337c6000 r--p 00000000 00:25 17633                      /usr/lib/x86_64-linux-gnu/ld-linux-x86-64.so.2
7fd5337c6000-7fd5337ec000 r-xp 00001000 00:25 17633                      /usr/lib/x86_64-linux-gnu/ld-linux-x86-64.so.2
7fd5337ec000-7fd5337f6000 r--p 00027000 00:25 17633                      /usr/lib/x86_64-linux-gnu/ld-linux-x86-64.so.2
7fd5337f6000-7fd5337f8000 r--p 00031000 00:25 17633                      /usr/lib/x86_64-linux-gnu/ld-linux-x86-64.so.2
7fd5337f8000-7fd5337fa000 rw-p 00033000 00:25 17633                      /usr/lib/x86_64-linux-gnu/ld-linux-x86-64.so.2
7ffc6265d000-7ffc6267e000 rw-p 00000000 00:00 0                          [stack]
7ffc62731000-7ffc62734000 r--p 00000000 00:00 0                          [vvar]
7ffc62734000-7ffc62736000 r-xp 00000000 00:00 0                          [vdso]
ffffffffff600000-ffffffffff601000 r-xp 00000000 00:00 0                  [vsyscall]


VM Arguments:
jvm_args: --add-opens=java.base/java.lang=ALL-UNNAMED --add-opens=java.base/java.lang.invoke=ALL-UNNAMED --add-opens=java.base/java.util=ALL-UNNAMED --add-opens=java.prefs/java.util.prefs=ALL-UNNAMED --add-exports=jdk.compiler/com.sun.tools.javac.api=ALL-UNNAMED --add-exports=jdk.compiler/com.sun.tools.javac.util=ALL-UNNAMED --add-opens=java.base/java.util=ALL-UNNAMED --add-opens=java.prefs/java.util.prefs=ALL-UNNAMED --add-opens=java.base/java.nio.charset=ALL-UNNAMED --add-opens=java.base/java.net=ALL-UNNAMED --add-opens=java.base/java.util.concurrent.atomic=ALL-UNNAMED --add-opens=java.xml/javax.xml.namespace=ALL-UNNAMED -XX:MaxMetaspaceSize=512m -Xmx2048m -Dfile.encoding=UTF-8 -Duser.country -Duser.language=en -Duser.variant -javaagent:/root/.gradle/wrapper/dists/gradle-8.14.3-bin/cv11ve7ro1n3o1j4so8xd9n66/gradle-8.14.3/lib/agents/gradle-instrumentation-agent-8.14.3.jar 
java_command: org.gradle.launcher.daemon.bootstrap.GradleDaemon 8.14.3
java_class_path (initial): /root/.gradle/wrapper/dists/gradle-8.14.3-bin/cv11ve7ro1n3o1j4so8xd9n66/gradle-8.14.3/lib/gradle-daemon-main-8.14.3.jar
Launcher Type: SUN_STANDARD

[Global flags]
     intx CICompilerCount                          = 2                                         {product} {ergonomic}
   size_t CompressedClassSpaceSize                 = 436207616                                 {product} {ergonomic}
     uint ConcGCThreads                            = 1                                         {product} {ergonomic}
     uint G1ConcRefinementThreads                  = 2                                         {product} {ergonomic}
   size_t G1HeapRegionSize                         = 1048576                                   {product} {ergonomic}
    uintx GCDrainStackTargetSize                   = 64                                        {product} {ergonomic}
   size_t InitialHeapSize                          = 33554432                                  {product} {ergonomic}
   size_t MarkStackSize                            = 4194304                                   {product} {ergonomic}
   size_t MaxHeapSize                              = 2147483648                                {product} {command line}
   size_t MaxMetaspaceSize                         = 536870912                                 {product} {command line}
   size_t MaxNewSize                               = 1287651328                                {product} {ergonomic}
   size_t MinHeapDeltaBytes                        = 1048576                                   {product} {ergonomic}
   size_t MinHeapSize                              = 8388608                                   {product} {ergonomic}
    uintx NonNMethodCodeHeapSize                   = 5826188                                {pd product} {ergonomic}
    uintx NonProfiledCodeHeapSize                  = 122916026                              {pd product} {ergonomic}
    uintx ProfiledCodeHeapSize                     = 122916026                              {pd product} {ergonomic}
    uintx ReservedCodeCacheSize                    = 251658240                              {pd product} {ergonomic}
     bool SegmentedCodeCache                       = true                                      {product} {ergonomic}
   size_t SoftMaxHeapSize                          = 2147483648                             {manageable} {ergonomic}
     bool UseCompressedClassPointers               = true                           {product lp64_product} {ergonomic}
     bool UseCompressedOops                        = true                           {product lp64_product} {ergonomic}
     bool UseG1GC                                  = true                                      {product} {ergonomic}

Logging:
Log output configuration:
 #0: stdout all=warning uptime,level,tags
 #1: stderr all=off uptime,level,tags

Environment Variables:
JAVA_HOME=/usr/lib/jvm/java-17-openjdk-amd64
PATH=/usr/bin:/usr/local/bin:/usr/local/sbin:/usr/local/bin:/usr/sbin:/usr/bin:/sbin:/bin:/opt/android-sdk/cmdline-tools/latest/bin:/opt/android-sdk/platform-tools:/opt/android-sdk/cmdline-tools/latest/bin:/opt/android-sdk/platform-tools:/usr/bin
SHELL=/bin/bash
LANG=C.UTF-8
LC_ALL=C.UTF-8
TERM=tmux-256color

Active Locale:
LC_ALL=C.UTF-8
LC_COLLATE=C.UTF-8
LC_CTYPE=C.UTF-8
LC_MESSAGES=C.UTF-8
LC_MONETARY=C.UTF-8
LC_NUMERIC=C.UTF-8
LC_TIME=C.UTF-8

Signal Handlers:
   SIGSEGV: crash_handler in libjvm.so, mask=11100100010111111101111111111110, flags=SA_RESTART|SA_SIGINFO, unblocked
    SIGBUS: crash_handler in libjvm.so, mask=11100100010111111101111111111110, flags=SA_RESTART|SA_SIGINFO, unblocked
    SIGFPE: crash_handler in libjvm.so, mask=11100100010111111101111111111110, flags=SA_RESTART|SA_SIGINFO, unblocked
   SIGPIPE: javaSignalHandler in libjvm.so, mask=11100100010111111101111111111110, flags=SA_RESTART|SA_SIGINFO, unblocked
   SIGXFSZ: javaSignalHandler in libjvm.so, mask=11100100010111111101111111111110, flags=SA_RESTART|SA_SIGINFO, unblocked
    SIGILL: crash_handler in libjvm.so, mask=11100100010111111101111111111110, flags=SA_RESTART|SA_SIGINFO, unblocked
   SIGUSR2: SR_handler in libjvm.so, mask=00100000000000000000000000000000, flags=SA_RESTART|SA_SIGINFO, unblocked
    SIGHUP: UserHandler in libjvm.so, mask=11100100010111111101111111111110, flags=SA_RESTART|SA_SIGINFO, unblocked
    SIGINT: UserHandler in libjvm.so, mask=11100100010111111101111111111110, flags=SA_RESTART|SA_SIGINFO, unblocked
   SIGTERM: UserHandler in libjvm.so, mask=11100100010111111101111111111110, flags=SA_RESTART|SA_SIGINFO, unblocked
   SIGQUIT: UserHandler in libjvm.so, mask=11100100010111111101111111111110, flags=SA_RESTART|SA_SIGINFO, unblocked
   SIGTRAP: crash_handler in libjvm.so, mask=11100100010111111101111111111110, flags=SA_RESTART|SA_SIGINFO, unblocked


Periodic native trim disabled


---------------  S Y S T E M  ---------------

OS:
PRETTY_NAME="Debian GNU/Linux 12 (bookworm)"
NAME="Debian GNU/Linux"
VERSION_ID="12"
VERSION="12 (bookworm)"
VERSION_CODENAME=bookworm
ID=debian
HOME_URL="https://www.debian.org/"
SUPPORT_URL="https://www.debian.org/support"
BUG_REPORT_URL="https://bugs.debian.org/"
uname: Linux 4.19.91-c8dfc93.al7.x86_64 #1 SMP Tue Sep 26 10:25:51 UTC 2023 x86_64
OS uptime: 0 days 1:39 hours
libc: glibc 2.36 NPTL 2.36 
rlimit (soft/hard): STACK 8192k/infinity , CORE 0k/0k , NPROC 100000/100000 , NOFILE 100000/100000 , AS infinity/infinity , CPU infinity/infinity , DATA infinity/infinity , FSIZE infinity/infinity , MEMLOCK 64k/64k
load average: 0.55 0.65 0.46

/proc/meminfo:
MemTotal:        2152516 kB
MemFree:           29688 kB
MemAvailable:     191124 kB
Buffers:           26428 kB
Cached:           163508 kB
SwapCached:            0 kB
Active:          1922588 kB
Inactive:          73248 kB
Active(anon):    1805976 kB
Inactive(anon):       16 kB
Active(file):     116612 kB
Inactive(file):    73232 kB
Unevictable:           0 kB
Mlocked:               0 kB
SwapTotal:             0 kB
SwapFree:              0 kB
Dirty:               700 kB
Writeback:             0 kB
AnonPages:       1806008 kB
Mapped:            26136 kB
Shmem:                36 kB
Slab:              76320 kB
SReclaimable:      61292 kB
SUnreclaim:        15028 kB
KernelStack:        3456 kB
PageTables:         5456 kB
NFS_Unstable:          0 kB
Bounce:                0 kB
WritebackTmp:          0 kB
CommitLimit:     1076256 kB
Committed_AS:    2049832 kB
VmallocTotal:   34359738367 kB
VmallocUsed:           0 kB
VmallocChunk:          0 kB
Percpu:              384 kB
AnonHugePages:      2048 kB
ShmemHugePages:        0 kB
ShmemPmdMapped:        0 kB
HugePages_Total:       0
HugePages_Free:        0
HugePages_Rsvd:        0
HugePages_Surp:        0
Hugepagesize:       2048 kB
Hugetlb:               0 kB
DirectMap4k:        8192 kB
DirectMap2M:     2523136 kB
DirectMap1G:           0 kB

/sys/kernel/mm/transparent_hugepage/enabled: [always] madvise never
/sys/kernel/mm/transparent_hugepage/hpage_pmd_size: 2097152
/sys/kernel/mm/transparent_hugepage/defrag (defrag/compaction efforts parameter): always defer defer+madvise madvise [never]

Process Memory:
Virtual Size: 3962116K (peak: 4257520K)
Resident Set Size: 535496K (peak: 535496K) (anon: 514092K, file: 21404K, shmem: 0K)
Swapped out: 0K
C-Heap outstanding allocations: 89733K, retained: 24774K
glibc malloc tunables: (default)

/proc/sys/kernel/threads-max (system-wide limit on the number of threads): 1129
/proc/sys/vm/max_map_count (maximum number of memory map areas a process may have): 65530
/proc/sys/vm/swappiness (control to define how aggressively the kernel swaps out anonymous memory): 60
/proc/sys/kernel/pid_max (system-wide limit on number of process identifiers): 32768

container (cgroup) information:
container_type: cgroupv1
cpu_cpuset_cpus: 0-1
cpu_memory_nodes: 0
active_processor_count: 2
cpu_quota: no quota
cpu_period: 100000
cpu_shares: 12288
memory_limit_in_bytes: 2097152 k
memory_and_swap_limit_in_bytes: unlimited
memory_soft_limit_in_bytes: unlimited
memory_usage_in_bytes: 2058924 k
memory_max_usage_in_bytes: 2060992 k
rss_usage_in_bytes: 1797844 k
cache_usage_in_bytes: 189664 k
kernel_memory_limit_in_bytes: unlimited
kernel_memory_usage_in_bytes: 71040 k
kernel_memory_max_usage_in_bytes: 344768 k
maximum number of tasks: unlimited
current number of tasks: 140

KVM virtualization detected
Steal ticks since vm start: 3323
Steal ticks percentage since vm start:  0.393

CPU: total 2 (initial active 2) (2 cores per cpu, 1 threads per core) family 6 model 85 stepping 7 microcode 0x1, cx8, cmov, fxsr, mmx, 3dnowpref, sse, sse2, sse3, ssse3, sse4.1, sse4.2, popcnt, lzcnt, tsc, tscinvbit, avx, avx2, aes, erms, clmul, bmi1, bmi2, adx, avx512f, avx512dq, avx512cd, avx512bw, avx512vl, fma, vzeroupper, avx512_vnni, clflush, clflushopt, clwb, hv
CPU Model and flags from /proc/cpuinfo:
model name	: Intel(R) Xeon(R) Processor @ 2.50GHz
flags		: fpu vme de pse tsc msr pae mce cx8 apic sep mtrr pge mca cmov pat pse36 clflush mmx fxsr sse sse2 ss ht syscall nx pdpe1gb rdtscp lm constant_tsc rep_good nopl xtopology nonstop_tsc cpuid tsc_known_freq pni pclmulqdq ssse3 fma cx16 pcid sse4_1 sse4_2 x2apic movbe popcnt tsc_deadline_timer aes xsave avx f16c rdrand hypervisor lahf_lm abm 3dnowprefetch cpuid_fault invpcid_single ssbd ibrs ibpb stibp ibrs_enhanced fsgsbase tsc_adjust bmi1 avx2 smep bmi2 erms invpcid mpx avx512f avx512dq rdseed adx smap clflushopt clwb avx512cd avx512bw avx512vl xsaveopt xsavec xgetbv1 xsaves umip avx512_vnni md_clear arch_capabilities

Online cpus: 0-1
Offline cpus: 
BIOS frequency limitation: <Not Available>
Frequency switch latency (ns): <Not Available>
Available cpu frequencies: <Not Available>
Current governor: <Not Available>
Core performance/turbo boost: <Not Available>

Memory: 4k page, physical 2097152k(38228k free), swap 0k(0k free)
Page Sizes: 4k

vm_info: OpenJDK 64-Bit Server VM (17.0.20.1+1-1-deb12u1-Debian) for linux-amd64 JRE (17.0.20.1+1-1-deb12u1-Debian), built on Aug 26 2026 10:41:50 by "buildd" with gcc 12.2.0

END.
