#
# There is insufficient memory for the Java Runtime Environment to continue.
# Native memory allocation (mmap) failed to map 65536 bytes. Error detail: committing reserved memory.
# Possible reasons:
#   The system is out of physical RAM or swap space
#   This process is running with CompressedOops enabled, and the Java Heap may be blocking the growth of the native heap
# Possible solutions:
#   Reduce memory load on the system
#   Increase physical memory or swap space
#   Check if swap backing store is full
#   Decrease Java heap size (-Xmx/-Xms)
#   Decrease number of Java threads
#   Decrease Java thread stack sizes (-Xss)
#   Set larger code cache with -XX:ReservedCodeCacheSize=
#   JVM is running with Unscaled Compressed Oops mode in which the Java heap is
#     placed in the first 4GB address space. The Java Heap base address is the
#     maximum limit for the native heap growth. Please use -XX:HeapBaseMinAddress
#     to set the Java Heap base and to place the Java Heap above 4GB virtual address.
# This output file may be truncated or incomplete.
#
#  Out of Memory Error (os_linux.cpp:2834), pid=1286, tid=1316
#
# JRE version: OpenJDK Runtime Environment (17.0.20+8) (build 17.0.20+8-1-deb12u1-Debian)
# Java VM: OpenJDK 64-Bit Server VM (17.0.20+8-1-deb12u1-Debian, mixed mode, sharing, tiered, compressed oops, compressed class ptrs, parallel gc, linux-amd64)
# No core dump will be written. Core dumps have been disabled. To enable core dumping, try "ulimit -c unlimited" before starting Java again
#

---------------  S U M M A R Y ------------

Command Line: --add-opens=java.base/java.lang=ALL-UNNAMED --add-opens=java.base/java.lang.invoke=ALL-UNNAMED --add-opens=java.base/java.util=ALL-UNNAMED --add-opens=java.prefs/java.util.prefs=ALL-UNNAMED --add-exports=jdk.compiler/com.sun.tools.javac.api=ALL-UNNAMED --add-exports=jdk.compiler/com.sun.tools.javac.util=ALL-UNNAMED --add-opens=java.base/java.util=ALL-UNNAMED --add-opens=java.prefs/java.util.prefs=ALL-UNNAMED --add-opens=java.base/java.nio.charset=ALL-UNNAMED --add-opens=java.base/java.net=ALL-UNNAMED --add-opens=java.base/java.util.concurrent.atomic=ALL-UNNAMED --add-opens=java.xml/javax.xml.namespace=ALL-UNNAMED -XX:MaxMetaspaceSize=512m -XX:+UseParallelGC -Xmx2048m -Dfile.encoding=UTF-8 -Duser.country -Duser.language=en -Duser.variant -javaagent:/root/.gradle/wrapper/dists/gradle-8.14.3-bin/cv11ve7ro1n3o1j4so8xd9n66/gradle-8.14.3/lib/agents/gradle-instrumentation-agent-8.14.3.jar org.gradle.launcher.daemon.bootstrap.GradleDaemon 8.14.3

Host: Intel(R) Xeon(R) Processor @ 2.50GHz, 2 cores, 2G, Debian GNU/Linux 12 (bookworm)
Time: Sat Sep  5 14:02:46 2026 UTC elapsed time: 152.895029 seconds (0d 0h 2m 32s)

---------------  T H R E A D  ---------------

Current thread (0x00007fd69800cc00):  JavaThread "Daemon worker" [_thread_in_vm, id=1316, stack(0x00007fd7042fa000,0x00007fd7043fa000)]

Stack: [0x00007fd7042fa000,0x00007fd7043fa000],  sp=0x00007fd7043e4a90,  free space=938k
Native frames: (J=compiled Java code, j=interpreted, Vv=VM code, C=native code)
V  [libjvm.so+0xf21211]  VMError::report_and_die(int, char const*, char const*, __va_list_tag*, Thread*, unsigned char*, void*, void*, char const*, int, unsigned long)+0x171
V  [libjvm.so+0xf21d7d]  VMError::report_and_die(Thread*, char const*, int, unsigned long, VMErrorType, char const*, __va_list_tag*)+0x2d
V  [libjvm.so+0x60378c]  report_vm_out_of_memory(char const*, int, unsigned long, VMErrorType, char const*, ...)+0xdc
V  [libjvm.so+0xc29b20]  os::pd_commit_memory(char*, unsigned long, bool)+0xc0
V  [libjvm.so+0xc23e5d]  os::commit_memory(char*, unsigned long, bool)+0x1d
V  [libjvm.so+0xf18595]  metaspace::VirtualSpaceNode::commit_range(MetaWordImpl**, unsigned long)+0x135
V  [libjvm.so+0xba2d07]  metaspace::Metachunk::ensure_committed_locked(unsigned long)+0xb7
V  [libjvm.so+0x53c0d3]  metaspace::ChunkManager::get_chunk(signed char, signed char, unsigned long)+0x173
V  [libjvm.so+0xba6123]  metaspace::MetaspaceArena::allocate(unsigned long)+0x263
V  [libjvm.so+0xba5378]  Metaspace::allocate(ClassLoaderData*, unsigned long, MetaspaceObj::Type, JavaThread*)+0x48
V  [libjvm.so+0x577ca2]  ClassFileParser::parse_methods(ClassFileStream const*, bool, AccessFlags*, bool*, bool*, JavaThread*)+0xd2
V  [libjvm.so+0x57a670]  ClassFileParser::parse_stream(ClassFileStream const*, JavaThread*)+0x740
V  [libjvm.so+0x57b25a]  ClassFileParser::ClassFileParser(ClassFileStream*, Symbol*, ClassLoaderData*, ClassLoadInfo const*, ClassFileParser::Publicity, JavaThread*)+0x1aa
V  [libjvm.so+0xa60294]  KlassFactory::create_from_stream(ClassFileStream*, Symbol*, ClassLoaderData*, ClassLoadInfo const&, JavaThread*)+0x254
V  [libjvm.so+0xe556a0]  SystemDictionary::resolve_class_from_stream(ClassFileStream*, Symbol*, Handle, ClassLoadInfo const&, JavaThread*)+0x140
V  [libjvm.so+0x906c41]  jvm_define_class_common(char const*, _jobject*, signed char const*, int, _jobject*, char const*, JavaThread*)+0x241
V  [libjvm.so+0x906f24]  JVM_DefineClassWithSource+0xa4
C  [libjava.so+0xd543]  Java_java_lang_ClassLoader_defineClass1+0x133
J 690  java.lang.ClassLoader.defineClass1(Ljava/lang/ClassLoader;Ljava/lang/String;[BIILjava/security/ProtectionDomain;Ljava/lang/String;)Ljava/lang/Class; java.base@17.0.20 (0 bytes) @ 0x00007fd6f10105d5 [0x00007fd6f10104a0+0x0000000000000135]
J 23665 c1 java.lang.ClassLoader.defineClass(Ljava/lang/String;[BIILjava/security/ProtectionDomain;)Ljava/lang/Class; java.base@17.0.20 (43 bytes) @ 0x00007fd6eab344c4 [0x00007fd6eab34180+0x0000000000000344]
J 4926 c2 java.security.SecureClassLoader.defineClass(Ljava/lang/String;[BIILjava/security/CodeSource;)Ljava/lang/Class; java.base@17.0.20 (16 bytes) @ 0x00007fd6f1231cf8 [0x00007fd6f1231bc0+0x0000000000000138]
J 3527 c1 java.net.URLClassLoader.defineClass(Ljava/lang/String;Ljdk/internal/loader/Resource;)Ljava/lang/Class; java.base@17.0.20 (224 bytes) @ 0x00007fd6e9b9346c [0x00007fd6e9b91e20+0x000000000000164c]
J 23673 c1 java.net.URLClassLoader$1.run()Ljava/lang/Class; java.base@17.0.20 (81 bytes) @ 0x00007fd6e9f24d94 [0x00007fd6e9f241c0+0x0000000000000bd4]
J 2377 c2 java.net.URLClassLoader.findClass(Ljava/lang/String;)Ljava/lang/Class; java.base@17.0.20 (47 bytes) @ 0x00007fd6f10e3ea0 [0x00007fd6f10e3de0+0x00000000000000c0]
J 23671 c1 java.lang.ClassLoader.loadClass(Ljava/lang/String;Z)Ljava/lang/Class; java.base@17.0.20 (121 bytes) @ 0x00007fd6eb50f0bc [0x00007fd6eb50eb40+0x000000000000057c]
J 4911 c2 java.lang.ClassLoader.loadClass(Ljava/lang/String;)Ljava/lang/Class; java.base@17.0.20 (7 bytes) @ 0x00007fd6f1227be0 [0x00007fd6f1227ba0+0x0000000000000040]
v  ~StubRoutines::call_stub
V  [libjvm.so+0x828c62]  JavaCalls::call_helper(JavaValue*, methodHandle const&, JavaCallArguments*, JavaThread*)+0x302
V  [libjvm.so+0x82a4c2]  JavaCalls::call_virtual(JavaValue*, Handle, Klass*, Symbol*, Symbol*, Handle, JavaThread*)+0x1b2
V  [libjvm.so+0xe56f11]  SystemDictionary::load_instance_class_impl(Symbol*, Handle, JavaThread*)+0x1a1
V  [libjvm.so+0xe55798]  SystemDictionary::load_instance_class(unsigned int, Symbol*, Handle, JavaThread*)+0x28
V  [libjvm.so+0xe5617c]  SystemDictionary::resolve_instance_class_or_null(Symbol*, Handle, Handle, JavaThread*)+0x8bc
V  [libjvm.so+0xe57956]  SystemDictionary::resolve_or_fail(Symbol*, Handle, Handle, bool, JavaThread*)+0x66
V  [libjvm.so+0xef7229]  VerificationType::resolve_and_check_assignability(InstanceKlass*, Symbol*, Symbol*, bool, bool, bool, JavaThread*)+0x169
V  [libjvm.so+0xef7a89]  VerificationType::is_reference_assignable_from(VerificationType const&, ClassVerifier*, bool, JavaThread*) const+0x109
V  [libjvm.so+0xdd0a69]  StackMapFrame::is_assignable_to(VerificationType*, VerificationType*, int, JavaThread*) const+0x119
V  [libjvm.so+0xdd0c09]  StackMapFrame::is_assignable_to(StackMapFrame const*, ErrorContext*, JavaThread*) const+0xe9
V  [libjvm.so+0xdd277f]  StackMapTable::match_stackmap(StackMapFrame*, int, int, bool, bool, ErrorContext*, JavaThread*) const+0x18f
V  [libjvm.so+0xdd2902]  StackMapTable::check_jump_target(StackMapFrame*, int, int, JavaThread*) const+0xe2
V  [libjvm.so+0xf064d3]  ClassVerifier::verify_method(methodHandle const&, JavaThread*)+0x1203
V  [libjvm.so+0xf0be2b]  ClassVerifier::verify_class(JavaThread*)+0xeb
V  [libjvm.so+0xf0c1fc]  Verifier::verify(InstanceKlass*, bool, JavaThread*)+0x2ec
V  [libjvm.so+0x80574b]  InstanceKlass::link_class_impl(JavaThread*)+0x48b
V  [libjvm.so+0x80847b]  InstanceKlass::initialize_impl(JavaThread*)+0x3ab
V  [libjvm.so+0xa95d1c]  LinkResolver::resolve_field(fieldDescriptor&, LinkInfo const&, Bytecodes::Code, bool, JavaThread*)+0x17c
V  [libjvm.so+0xa9655d]  LinkResolver::resolve_field_access(fieldDescriptor&, constantPoolHandle const&, int, methodHandle const&, Bytecodes::Code, JavaThread*)+0xdd
V  [libjvm.so+0x823290]  InterpreterRuntime::resolve_get_put(JavaThread*, Bytecodes::Code)+0x170
V  [libjvm.so+0x823d8d]  InterpreterRuntime::resolve_from_cache(JavaThread*, Bytecodes::Code)+0x17d
j  org.jetbrains.kotlin.com.intellij.psi.impl.java.stubs.impl.PsiJavaFileStubImpl.<init>(Lorg/jetbrains/kotlin/com/intellij/psi/PsiJavaFile;Ljava/lang/String;Lorg/jetbrains/kotlin/com/intellij/pom/java/LanguageLevel;Z)V+27
j  org.jetbrains.kotlin.com.intellij.psi.impl.compiled.ClsFileImpl.buildFileStub(Lorg/jetbrains/kotlin/com/intellij/openapi/vfs/VirtualFile;[B)Lorg/jetbrains/kotlin/com/intellij/psi/impl/java/stubs/PsiJavaFileStub;+217
j  org.jetbrains.kotlin.com.intellij.psi.impl.compiled.ClsDecompilerImpl$MyClsStubBuilder.buildFileStub(Lorg/jetbrains/kotlin/com/intellij/util/indexing/FileContent;)Lorg/jetbrains/kotlin/com/intellij/psi/stubs/PsiFileStub;+20
j  org.jetbrains.kotlin.com.intellij.psi.impl.compiled.ClassFileStubBuilder.lambda$buildStubTree$3(Lorg/jetbrains/kotlin/com/intellij/util/indexing/FileContent;Lorg/jetbrains/kotlin/com/intellij/psi/compiled/ClassFileDecompilers$Full;)Lorg/jetbrains/kotlin/com/intellij/psi/stubs/PsiFileStub;+12
j  org.jetbrains.kotlin.com.intellij.psi.impl.compiled.ClassFileStubBuilder$$Lambda$3114+0x00007fd6c7463470.get()Ljava/lang/Object;+8
j  org.jetbrains.kotlin.com.intellij.openapi.vfs.VirtualFile.computeWithPreloadedContentHint([BLjava/util/function/Supplier;)Ljava/lang/Object;+19
j  org.jetbrains.kotlin.com.intellij.psi.impl.compiled.ClassFileStubBuilder.buildStubTree(Lorg/jetbrains/kotlin/com/intellij/util/indexing/FileContent;Lorg/jetbrains/kotlin/com/intellij/psi/compiled/ClassFileDecompilers$Full;)Lorg/jetbrains/kotlin/com/intellij/psi/stubs/Stub;+33
j  org.jetbrains.kotlin.com.intellij.psi.impl.compiled.ClassFileStubBuilder.buildStubTree(Lorg/jetbrains/kotlin/com/intellij/util/indexing/FileContent;Ljava/lang/Object;)Lorg/jetbrains/kotlin/com/intellij/psi/stubs/Stub;+6
j  org.jetbrains.kotlin.com.intellij.psi.stubs.BinaryFileStubBuilder$CompositeBinaryFileStubBuilder.buildStubTree(Lorg/jetbrains/kotlin/com/intellij/util/indexing/FileContent;)Lorg/jetbrains/kotlin/com/intellij/psi/stubs/Stub;+17
j  org.jetbrains.kotlin.com.intellij.psi.stubs.StubTreeBuilder.lambda$buildStubTree$0(Lorg/jetbrains/kotlin/com/intellij/psi/stubs/BinaryFileStubBuilder;Lorg/jetbrains/kotlin/com/intellij/util/indexing/FileContent;)Lorg/jetbrains/kotlin/com/intellij/psi/stubs/Stub;+2
j  org.jetbrains.kotlin.com.intellij.psi.stubs.StubTreeBuilder$$Lambda$3113+0x00007fd6c7463248.compute()Ljava/lang/Object;+8
j  org.jetbrains.kotlin.com.intellij.psi.stubs.StubTreeBuilder.handleStubBuilderException(Lorg/jetbrains/kotlin/com/intellij/util/indexing/FileContent;Lorg/jetbrains/kotlin/com/intellij/psi/stubs/StubBuilderType;Lorg/jetbrains/kotlin/com/intellij/openapi/util/ThrowableComputable;)Ljava/lang/Object;+25
j  org.jetbrains.kotlin.com.intellij.psi.stubs.StubTreeBuilder.buildStubTree(Lorg/jetbrains/kotlin/com/intellij/util/indexing/FileContent;Lorg/jetbrains/kotlin/com/intellij/psi/stubs/StubBuilderType;)Lorg/jetbrains/kotlin/com/intellij/psi/stubs/Stub;+83
j  org.jetbrains.kotlin.com.intellij.psi.stubs.StubTreeBuilder.buildStubTree(Lorg/jetbrains/kotlin/com/intellij/util/indexing/FileContent;)Lorg/jetbrains/kotlin/com/intellij/psi/stubs/Stub;+22
j  org.jetbrains.kotlin.com.intellij.psi.stubs.CoreStubTreeLoader.build(Lorg/jetbrains/kotlin/com/intellij/openapi/project/Project;Lorg/jetbrains/kotlin/com/intellij/openapi/vfs/VirtualFile;Lorg/jetbrains/kotlin/com/intellij/psi/PsiFile;)Lorg/jetbrains/kotlin/com/intellij/psi/stubs/ObjectStubTree;+17
j  org.jetbrains.kotlin.com.intellij.psi.stubs.CoreStubTreeLoader.readOrBuild(Lorg/jetbrains/kotlin/com/intellij/openapi/project/Project;Lorg/jetbrains/kotlin/com/intellij/openapi/vfs/VirtualFile;Lorg/jetbrains/kotlin/com/intellij/psi/PsiFile;)Lorg/jetbrains/kotlin/com/intellij/psi/stubs/ObjectStubTree;+30
j  org.jetbrains.kotlin.com.intellij.psi.impl.compiled.ClsFileImpl.getStubTree()Lorg/jetbrains/kotlin/com/intellij/psi/stubs/StubTree;+78
j  org.jetbrains.kotlin.com.intellij.psi.impl.compiled.ClsFileImpl.getStub()Lorg/jetbrains/kotlin/com/intellij/psi/stubs/PsiClassHolderFileStub;+1
j  org.jetbrains.kotlin.com.intellij.psi.impl.compiled.ClsFileImpl.getClasses()[Lorg/jetbrains/kotlin/com/intellij/psi/PsiClass;+1
j  org.jetbrains.kotlin.cli.jvm.compiler.KotlinCliJavaFileManagerImpl$Companion.findClassInPsiFile(Ljava/lang/String;Lorg/jetbrains/kotlin/com/intellij/psi/PsiClassOwner;)Lorg/jetbrains/kotlin/com/intellij/psi/PsiClass;+1
j  org.jetbrains.kotlin.cli.jvm.compiler.KotlinCliJavaFileManagerImpl$Companion.access$findClassInPsiFile(Lorg/jetbrains/kotlin/cli/jvm/compiler/KotlinCliJavaFileManagerImpl$Companion;Ljava/lang/String;Lorg/jetbrains/kotlin/com/intellij/psi/PsiClassOwner;)Lorg/jetbrains/kotlin/com/intellij/psi/PsiClass;+3
j  org.jetbrains.kotlin.cli.jvm.compiler.KotlinCliJavaFileManagerImpl.findPsiClassInVirtualFile(Lorg/jetbrains/kotlin/com/intellij/openapi/vfs/VirtualFile;Ljava/lang/String;)Lorg/jetbrains/kotlin/com/intellij/psi/PsiClass;+40
j  org.jetbrains.kotlin.cli.jvm.compiler.KotlinCliJavaFileManagerImpl.findClasses$lambda$14$lambda$13$lambda$12(Lorg/jetbrains/kotlin/cli/jvm/compiler/KotlinCliJavaFileManagerImpl;Ljava/lang/String;Ljava/util/ArrayList;Lorg/jetbrains/kotlin/com/intellij/psi/search/GlobalSearchScope;Lorg/jetbrains/kotlin/com/intellij/openapi/vfs/VirtualFile;Lorg/jetbrains/kotlin/cli/jvm/index/JavaRoot$RootType;)Z+69
j  org.jetbrains.kotlin.cli.jvm.compiler.KotlinCliJavaFileManagerImpl$$Lambda$3011+0x00007fd6c743aef0.invoke(Ljava/lang/Object;Ljava/lang/Object;)Ljava/lang/Object;+24
j  org.jetbrains.kotlin.cli.jvm.index.JvmDependenciesIndexImpl.traverseDirectoriesInPackage$lambda$6$lambda$5(Lkotlin/jvm/functions/Function2;Lorg/jetbrains/kotlin/com/intellij/openapi/vfs/VirtualFile;Lorg/jetbrains/kotlin/cli/jvm/index/JavaRoot$RootType;)Lkotlin/Unit;+17
j  org.jetbrains.kotlin.cli.jvm.index.JvmDependenciesIndexImpl$$Lambda$2954+0x00007fd6c740efb8.invoke(Ljava/lang/Object;Ljava/lang/Object;)Ljava/lang/Object;+12
J 23886 c1 org.jetbrains.kotlin.cli.jvm.index.JvmDependenciesIndexImpl.search(Lorg/jetbrains/kotlin/cli/jvm/index/JvmDependenciesIndexImpl$SearchRequest;Lkotlin/jvm/functions/Function2;)Ljava/lang/Object; (374 bytes) @ 0x00007fd6e96da8d4 [0x00007fd6e96d8a00+0x0000000000001ed4]
j  org.jetbrains.kotlin.cli.jvm.index.JvmDependenciesIndexImpl.traverseDirectoriesInPackage(Lorg/jetbrains/kotlin/name/FqName;Ljava/util/Set;Lkotlin/jvm/functions/Function2;)V+57
j  org.jetbrains.kotlin.cli.jvm.index.JvmDependenciesDynamicCompoundIndex.traverseDirectoriesInPackage(Lorg/jetbrains/kotlin/name/FqName;Ljava/util/Set;Lkotlin/jvm/functions/Function2;)V+91
j  org.jetbrains.kotlin.cli.jvm.index.JvmDependenciesIndex.traverseDirectoriesInPackage$default(Lorg/jetbrains/kotlin/cli/jvm/index/JvmDependenciesIndex;Lorg/jetbrains/kotlin/name/FqName;Ljava/util/Set;Lkotlin/jvm/functions/Function2;ILjava/lang/Object;)V+33
j  org.jetbrains.kotlin.cli.jvm.compiler.KotlinCliJavaFileManagerImpl.findClasses$lambda$14(Lorg/jetbrains/kotlin/cli/jvm/compiler/KotlinCliJavaFileManagerImpl;Ljava/lang/String;Lorg/jetbrains/kotlin/com/intellij/psi/search/GlobalSearchScope;)[Lorg/jetbrains/kotlin/com/intellij/psi/PsiClass;+176
j  org.jetbrains.kotlin.cli.jvm.compiler.KotlinCliJavaFileManagerImpl$$Lambda$3009+0x00007fd6c743aaa0.invoke()Ljava/lang/Object;+12
j  org.jetbrains.kotlin.util.PerformanceCounter.time(Lkotlin/jvm/functions/Function0;)Ljava/lang/Object;+25
j  org.jetbrains.kotlin.cli.jvm.compiler.KotlinCliJavaFileManagerImpl.findClasses(Ljava/lang/String;Lorg/jetbrains/kotlin/com/intellij/psi/search/GlobalSearchScope;)[Lorg/jetbrains/kotlin/com/intellij/psi/PsiClass;+26
j  org.jetbrains.kotlin.com.intellij.psi.impl.PsiElementFinderImpl.findClasses(Ljava/lang/String;Lorg/jetbrains/kotlin/com/intellij/psi/search/GlobalSearchScope;)[Lorg/jetbrains/kotlin/com/intellij/psi/PsiClass;+41
j  org.jetbrains.kotlin.com.intellij.psi.impl.JavaPsiFacadeImpl.findClassesWithoutJvmFacade(Ljava/lang/String;Lorg/jetbrains/kotlin/com/intellij/psi/search/GlobalSearchScope;)Ljava/util/List;+93
j  org.jetbrains.kotlin.com.intellij.psi.impl.JavaPsiFacadeImpl.findClassesWithJvmFacade(Ljava/lang/String;Lorg/jetbrains/kotlin/com/intellij/psi/search/GlobalSearchScope;)Ljava/util/List;+23
j  org.jetbrains.kotlin.com.intellij.psi.impl.JavaPsiFacadeImpl.findClasses(Ljava/lang/String;Lorg/jetbrains/kotlin/com/intellij/psi/search/GlobalSearchScope;)[Lorg/jetbrains/kotlin/com/intellij/psi/PsiClass;+21
j  org.jetbrains.kotlin.com.intellij.psi.impl.file.PsiPackageImpl$PackageAnnotationValueProvider.compute()Lorg/jetbrains/kotlin/com/intellij/psi/util/CachedValueProvider$Result;+135
j  org.jetbrains.kotlin.com.intellij.psi.impl.PsiCachedValueImpl.doCompute(Ljava/lang/Object;)Lorg/jetbrains/kotlin/com/intellij/psi/util/CachedValueProvider$Result;+4
j  org.jetbrains.kotlin.com.intellij.util.CachedValueBase.lambda$getValueWithLock$3(Ljava/lang/Object;)Lorg/jetbrains/kotlin/com/intellij/psi/util/CachedValueProvider$Result;+2
j  org.jetbrains.kotlin.com.intellij.util.CachedValueBase$$Lambda$2894+0x00007fd6c73f5968.compute()Ljava/lang/Object;+8
j  org.jetbrains.kotlin.com.intellij.util.CachedValueBase.computeData(Lorg/jetbrains/kotlin/com/intellij/openapi/util/Computable;)Lorg/jetbrains/kotlin/com/intellij/util/CachedValueBase$Data;+88
j  org.jetbrains.kotlin.com.intellij.util.CachedValueBase.lambda$getValueWithLock$4(Ljava/lang/Object;)Lorg/jetbrains/kotlin/com/intellij/util/CachedValueBase$Data;+8
j  org.jetbrains.kotlin.com.intellij.util.CachedValueBase$$Lambda$2892+0x00007fd6c73f50d0.compute()Ljava/lang/Object;+8
j  org.jetbrains.kotlin.com.intellij.openapi.util.RecursionGuard$$Lambda$2893+0x00007fd6c73f5320.compute()Ljava/lang/Object;+4
j  org.jetbrains.kotlin.com.intellij.openapi.util.RecursionManager$1.computePreventingRecursion(Ljava/lang/Object;ZLorg/jetbrains/kotlin/com/intellij/openapi/util/ThrowableComputable;)Ljava/lang/Object;+250
j  org.jetbrains.kotlin.com.intellij.openapi.util.RecursionGuard.doPreventingRecursion(Ljava/lang/Object;ZLorg/jetbrains/kotlin/com/intellij/openapi/util/Computable;)Ljava/lang/Object;+30
j  org.jetbrains.kotlin.com.intellij.openapi.util.RecursionManager.doPreventingRecursion(Ljava/lang/Object;ZLorg/jetbrains/kotlin/com/intellij/openapi/util/Computable;)Ljava/lang/Object;+21
j  org.jetbrains.kotlin.com.intellij.util.CachedValueBase.getValueWithLock(Ljava/lang/Object;)Ljava/lang/Object;+52
j  org.jetbrains.kotlin.com.intellij.psi.impl.PsiCachedValueImpl.getValue()Ljava/lang/Object;+2
j  org.jetbrains.kotlin.com.intellij.psi.impl.file.PsiPackageImpl.getAnnotationList()Lorg/jetbrains/kotlin/com/intellij/psi/PsiModifierList;+35
...<more frames>...

Java frames: (J=compiled Java code, j=interpreted, Vv=VM code)
J 690  java.lang.ClassLoader.defineClass1(Ljava/lang/ClassLoader;Ljava/lang/String;[BIILjava/security/ProtectionDomain;Ljava/lang/String;)Ljava/lang/Class; java.base@17.0.20 (0 bytes) @ 0x00007fd6f1010558 [0x00007fd6f10104a0+0x00000000000000b8]
J 23665 c1 java.lang.ClassLoader.defineClass(Ljava/lang/String;[BIILjava/security/ProtectionDomain;)Ljava/lang/Class; java.base@17.0.20 (43 bytes) @ 0x00007fd6eab344c4 [0x00007fd6eab34180+0x0000000000000344]
J 4926 c2 java.security.SecureClassLoader.defineClass(Ljava/lang/String;[BIILjava/security/CodeSource;)Ljava/lang/Class; java.base@17.0.20 (16 bytes) @ 0x00007fd6f1231cf8 [0x00007fd6f1231bc0+0x0000000000000138]
J 3527 c1 java.net.URLClassLoader.defineClass(Ljava/lang/String;Ljdk/internal/loader/Resource;)Ljava/lang/Class; java.base@17.0.20 (224 bytes) @ 0x00007fd6e9b9346c [0x00007fd6e9b91e20+0x000000000000164c]
J 23673 c1 java.net.URLClassLoader$1.run()Ljava/lang/Class; java.base@17.0.20 (81 bytes) @ 0x00007fd6e9f24d94 [0x00007fd6e9f241c0+0x0000000000000bd4]
J 2377 c2 java.net.URLClassLoader.findClass(Ljava/lang/String;)Ljava/lang/Class; java.base@17.0.20 (47 bytes) @ 0x00007fd6f10e3ea0 [0x00007fd6f10e3de0+0x00000000000000c0]
J 23671 c1 java.lang.ClassLoader.loadClass(Ljava/lang/String;Z)Ljava/lang/Class; java.base@17.0.20 (121 bytes) @ 0x00007fd6eb50f0bc [0x00007fd6eb50eb40+0x000000000000057c]
J 4911 c2 java.lang.ClassLoader.loadClass(Ljava/lang/String;)Ljava/lang/Class; java.base@17.0.20 (7 bytes) @ 0x00007fd6f1227be0 [0x00007fd6f1227ba0+0x0000000000000040]
v  ~StubRoutines::call_stub
j  org.jetbrains.kotlin.com.intellij.psi.impl.java.stubs.impl.PsiJavaFileStubImpl.<init>(Lorg/jetbrains/kotlin/com/intellij/psi/PsiJavaFile;Ljava/lang/String;Lorg/jetbrains/kotlin/com/intellij/pom/java/LanguageLevel;Z)V+27
j  org.jetbrains.kotlin.com.intellij.psi.impl.compiled.ClsFileImpl.buildFileStub(Lorg/jetbrains/kotlin/com/intellij/openapi/vfs/VirtualFile;[B)Lorg/jetbrains/kotlin/com/intellij/psi/impl/java/stubs/PsiJavaFileStub;+217
j  org.jetbrains.kotlin.com.intellij.psi.impl.compiled.ClsDecompilerImpl$MyClsStubBuilder.buildFileStub(Lorg/jetbrains/kotlin/com/intellij/util/indexing/FileContent;)Lorg/jetbrains/kotlin/com/intellij/psi/stubs/PsiFileStub;+20
j  org.jetbrains.kotlin.com.intellij.psi.impl.compiled.ClassFileStubBuilder.lambda$buildStubTree$3(Lorg/jetbrains/kotlin/com/intellij/util/indexing/FileContent;Lorg/jetbrains/kotlin/com/intellij/psi/compiled/ClassFileDecompilers$Full;)Lorg/jetbrains/kotlin/com/intellij/psi/stubs/PsiFileStub;+12
j  org.jetbrains.kotlin.com.intellij.psi.impl.compiled.ClassFileStubBuilder$$Lambda$3114+0x00007fd6c7463470.get()Ljava/lang/Object;+8
j  org.jetbrains.kotlin.com.intellij.openapi.vfs.VirtualFile.computeWithPreloadedContentHint([BLjava/util/function/Supplier;)Ljava/lang/Object;+19
j  org.jetbrains.kotlin.com.intellij.psi.impl.compiled.ClassFileStubBuilder.buildStubTree(Lorg/jetbrains/kotlin/com/intellij/util/indexing/FileContent;Lorg/jetbrains/kotlin/com/intellij/psi/compiled/ClassFileDecompilers$Full;)Lorg/jetbrains/kotlin/com/intellij/psi/stubs/Stub;+33
j  org.jetbrains.kotlin.com.intellij.psi.impl.compiled.ClassFileStubBuilder.buildStubTree(Lorg/jetbrains/kotlin/com/intellij/util/indexing/FileContent;Ljava/lang/Object;)Lorg/jetbrains/kotlin/com/intellij/psi/stubs/Stub;+6
j  org.jetbrains.kotlin.com.intellij.psi.stubs.BinaryFileStubBuilder$CompositeBinaryFileStubBuilder.buildStubTree(Lorg/jetbrains/kotlin/com/intellij/util/indexing/FileContent;)Lorg/jetbrains/kotlin/com/intellij/psi/stubs/Stub;+17
j  org.jetbrains.kotlin.com.intellij.psi.stubs.StubTreeBuilder.lambda$buildStubTree$0(Lorg/jetbrains/kotlin/com/intellij/psi/stubs/BinaryFileStubBuilder;Lorg/jetbrains/kotlin/com/intellij/util/indexing/FileContent;)Lorg/jetbrains/kotlin/com/intellij/psi/stubs/Stub;+2
j  org.jetbrains.kotlin.com.intellij.psi.stubs.StubTreeBuilder$$Lambda$3113+0x00007fd6c7463248.compute()Ljava/lang/Object;+8
j  org.jetbrains.kotlin.com.intellij.psi.stubs.StubTreeBuilder.handleStubBuilderException(Lorg/jetbrains/kotlin/com/intellij/util/indexing/FileContent;Lorg/jetbrains/kotlin/com/intellij/psi/stubs/StubBuilderType;Lorg/jetbrains/kotlin/com/intellij/openapi/util/ThrowableComputable;)Ljava/lang/Object;+25
j  org.jetbrains.kotlin.com.intellij.psi.stubs.StubTreeBuilder.buildStubTree(Lorg/jetbrains/kotlin/com/intellij/util/indexing/FileContent;Lorg/jetbrains/kotlin/com/intellij/psi/stubs/StubBuilderType;)Lorg/jetbrains/kotlin/com/intellij/psi/stubs/Stub;+83
j  org.jetbrains.kotlin.com.intellij.psi.stubs.StubTreeBuilder.buildStubTree(Lorg/jetbrains/kotlin/com/intellij/util/indexing/FileContent;)Lorg/jetbrains/kotlin/com/intellij/psi/stubs/Stub;+22
j  org.jetbrains.kotlin.com.intellij.psi.stubs.CoreStubTreeLoader.build(Lorg/jetbrains/kotlin/com/intellij/openapi/project/Project;Lorg/jetbrains/kotlin/com/intellij/openapi/vfs/VirtualFile;Lorg/jetbrains/kotlin/com/intellij/psi/PsiFile;)Lorg/jetbrains/kotlin/com/intellij/psi/stubs/ObjectStubTree;+17
j  org.jetbrains.kotlin.com.intellij.psi.stubs.CoreStubTreeLoader.readOrBuild(Lorg/jetbrains/kotlin/com/intellij/openapi/project/Project;Lorg/jetbrains/kotlin/com/intellij/openapi/vfs/VirtualFile;Lorg/jetbrains/kotlin/com/intellij/psi/PsiFile;)Lorg/jetbrains/kotlin/com/intellij/psi/stubs/ObjectStubTree;+30
j  org.jetbrains.kotlin.com.intellij.psi.impl.compiled.ClsFileImpl.getStubTree()Lorg/jetbrains/kotlin/com/intellij/psi/stubs/StubTree;+78
j  org.jetbrains.kotlin.com.intellij.psi.impl.compiled.ClsFileImpl.getStub()Lorg/jetbrains/kotlin/com/intellij/psi/stubs/PsiClassHolderFileStub;+1
j  org.jetbrains.kotlin.com.intellij.psi.impl.compiled.ClsFileImpl.getClasses()[Lorg/jetbrains/kotlin/com/intellij/psi/PsiClass;+1
j  org.jetbrains.kotlin.cli.jvm.compiler.KotlinCliJavaFileManagerImpl$Companion.findClassInPsiFile(Ljava/lang/String;Lorg/jetbrains/kotlin/com/intellij/psi/PsiClassOwner;)Lorg/jetbrains/kotlin/com/intellij/psi/PsiClass;+1
j  org.jetbrains.kotlin.cli.jvm.compiler.KotlinCliJavaFileManagerImpl$Companion.access$findClassInPsiFile(Lorg/jetbrains/kotlin/cli/jvm/compiler/KotlinCliJavaFileManagerImpl$Companion;Ljava/lang/String;Lorg/jetbrains/kotlin/com/intellij/psi/PsiClassOwner;)Lorg/jetbrains/kotlin/com/intellij/psi/PsiClass;+3
j  org.jetbrains.kotlin.cli.jvm.compiler.KotlinCliJavaFileManagerImpl.findPsiClassInVirtualFile(Lorg/jetbrains/kotlin/com/intellij/openapi/vfs/VirtualFile;Ljava/lang/String;)Lorg/jetbrains/kotlin/com/intellij/psi/PsiClass;+40
j  org.jetbrains.kotlin.cli.jvm.compiler.KotlinCliJavaFileManagerImpl.findClasses$lambda$14$lambda$13$lambda$12(Lorg/jetbrains/kotlin/cli/jvm/compiler/KotlinCliJavaFileManagerImpl;Ljava/lang/String;Ljava/util/ArrayList;Lorg/jetbrains/kotlin/com/intellij/psi/search/GlobalSearchScope;Lorg/jetbrains/kotlin/com/intellij/openapi/vfs/VirtualFile;Lorg/jetbrains/kotlin/cli/jvm/index/JavaRoot$RootType;)Z+69
j  org.jetbrains.kotlin.cli.jvm.compiler.KotlinCliJavaFileManagerImpl$$Lambda$3011+0x00007fd6c743aef0.invoke(Ljava/lang/Object;Ljava/lang/Object;)Ljava/lang/Object;+24
j  org.jetbrains.kotlin.cli.jvm.index.JvmDependenciesIndexImpl.traverseDirectoriesInPackage$lambda$6$lambda$5(Lkotlin/jvm/functions/Function2;Lorg/jetbrains/kotlin/com/intellij/openapi/vfs/VirtualFile;Lorg/jetbrains/kotlin/cli/jvm/index/JavaRoot$RootType;)Lkotlin/Unit;+17
j  org.jetbrains.kotlin.cli.jvm.index.JvmDependenciesIndexImpl$$Lambda$2954+0x00007fd6c740efb8.invoke(Ljava/lang/Object;Ljava/lang/Object;)Ljava/lang/Object;+12
J 23886 c1 org.jetbrains.kotlin.cli.jvm.index.JvmDependenciesIndexImpl.search(Lorg/jetbrains/kotlin/cli/jvm/index/JvmDependenciesIndexImpl$SearchRequest;Lkotlin/jvm/functions/Function2;)Ljava/lang/Object; (374 bytes) @ 0x00007fd6e96da8d4 [0x00007fd6e96d8a00+0x0000000000001ed4]
j  org.jetbrains.kotlin.cli.jvm.index.JvmDependenciesIndexImpl.traverseDirectoriesInPackage(Lorg/jetbrains/kotlin/name/FqName;Ljava/util/Set;Lkotlin/jvm/functions/Function2;)V+57
j  org.jetbrains.kotlin.cli.jvm.index.JvmDependenciesDynamicCompoundIndex.traverseDirectoriesInPackage(Lorg/jetbrains/kotlin/name/FqName;Ljava/util/Set;Lkotlin/jvm/functions/Function2;)V+91
j  org.jetbrains.kotlin.cli.jvm.index.JvmDependenciesIndex.traverseDirectoriesInPackage$default(Lorg/jetbrains/kotlin/cli/jvm/index/JvmDependenciesIndex;Lorg/jetbrains/kotlin/name/FqName;Ljava/util/Set;Lkotlin/jvm/functions/Function2;ILjava/lang/Object;)V+33
j  org.jetbrains.kotlin.cli.jvm.compiler.KotlinCliJavaFileManagerImpl.findClasses$lambda$14(Lorg/jetbrains/kotlin/cli/jvm/compiler/KotlinCliJavaFileManagerImpl;Ljava/lang/String;Lorg/jetbrains/kotlin/com/intellij/psi/search/GlobalSearchScope;)[Lorg/jetbrains/kotlin/com/intellij/psi/PsiClass;+176
j  org.jetbrains.kotlin.cli.jvm.compiler.KotlinCliJavaFileManagerImpl$$Lambda$3009+0x00007fd6c743aaa0.invoke()Ljava/lang/Object;+12
j  org.jetbrains.kotlin.util.PerformanceCounter.time(Lkotlin/jvm/functions/Function0;)Ljava/lang/Object;+25
j  org.jetbrains.kotlin.cli.jvm.compiler.KotlinCliJavaFileManagerImpl.findClasses(Ljava/lang/String;Lorg/jetbrains/kotlin/com/intellij/psi/search/GlobalSearchScope;)[Lorg/jetbrains/kotlin/com/intellij/psi/PsiClass;+26
j  org.jetbrains.kotlin.com.intellij.psi.impl.PsiElementFinderImpl.findClasses(Ljava/lang/String;Lorg/jetbrains/kotlin/com/intellij/psi/search/GlobalSearchScope;)[Lorg/jetbrains/kotlin/com/intellij/psi/PsiClass;+41
j  org.jetbrains.kotlin.com.intellij.psi.impl.JavaPsiFacadeImpl.findClassesWithoutJvmFacade(Ljava/lang/String;Lorg/jetbrains/kotlin/com/intellij/psi/search/GlobalSearchScope;)Ljava/util/List;+93
j  org.jetbrains.kotlin.com.intellij.psi.impl.JavaPsiFacadeImpl.findClassesWithJvmFacade(Ljava/lang/String;Lorg/jetbrains/kotlin/com/intellij/psi/search/GlobalSearchScope;)Ljava/util/List;+23
j  org.jetbrains.kotlin.com.intellij.psi.impl.JavaPsiFacadeImpl.findClasses(Ljava/lang/String;Lorg/jetbrains/kotlin/com/intellij/psi/search/GlobalSearchScope;)[Lorg/jetbrains/kotlin/com/intellij/psi/PsiClass;+21
j  org.jetbrains.kotlin.com.intellij.psi.impl.file.PsiPackageImpl$PackageAnnotationValueProvider.compute()Lorg/jetbrains/kotlin/com/intellij/psi/util/CachedValueProvider$Result;+135
j  org.jetbrains.kotlin.com.intellij.psi.impl.PsiCachedValueImpl.doCompute(Ljava/lang/Object;)Lorg/jetbrains/kotlin/com/intellij/psi/util/CachedValueProvider$Result;+4
j  org.jetbrains.kotlin.com.intellij.util.CachedValueBase.lambda$getValueWithLock$3(Ljava/lang/Object;)Lorg/jetbrains/kotlin/com/intellij/psi/util/CachedValueProvider$Result;+2
j  org.jetbrains.kotlin.com.intellij.util.CachedValueBase$$Lambda$2894+0x00007fd6c73f5968.compute()Ljava/lang/Object;+8
j  org.jetbrains.kotlin.com.intellij.util.CachedValueBase.computeData(Lorg/jetbrains/kotlin/com/intellij/openapi/util/Computable;)Lorg/jetbrains/kotlin/com/intellij/util/CachedValueBase$Data;+88
j  org.jetbrains.kotlin.com.intellij.util.CachedValueBase.lambda$getValueWithLock$4(Ljava/lang/Object;)Lorg/jetbrains/kotlin/com/intellij/util/CachedValueBase$Data;+8
j  org.jetbrains.kotlin.com.intellij.util.CachedValueBase$$Lambda$2892+0x00007fd6c73f50d0.compute()Ljava/lang/Object;+8
j  org.jetbrains.kotlin.com.intellij.openapi.util.RecursionGuard$$Lambda$2893+0x00007fd6c73f5320.compute()Ljava/lang/Object;+4
j  org.jetbrains.kotlin.com.intellij.openapi.util.RecursionManager$1.computePreventingRecursion(Ljava/lang/Object;ZLorg/jetbrains/kotlin/com/intellij/openapi/util/ThrowableComputable;)Ljava/lang/Object;+250
j  org.jetbrains.kotlin.com.intellij.openapi.util.RecursionGuard.doPreventingRecursion(Ljava/lang/Object;ZLorg/jetbrains/kotlin/com/intellij/openapi/util/Computable;)Ljava/lang/Object;+30
j  org.jetbrains.kotlin.com.intellij.openapi.util.RecursionManager.doPreventingRecursion(Ljava/lang/Object;ZLorg/jetbrains/kotlin/com/intellij/openapi/util/Computable;)Ljava/lang/Object;+21
j  org.jetbrains.kotlin.com.intellij.util.CachedValueBase.getValueWithLock(Ljava/lang/Object;)Ljava/lang/Object;+52
j  org.jetbrains.kotlin.com.intellij.psi.impl.PsiCachedValueImpl.getValue()Ljava/lang/Object;+2
j  org.jetbrains.kotlin.com.intellij.psi.impl.file.PsiPackageImpl.getAnnotationList()Lorg/jetbrains/kotlin/com/intellij/psi/PsiModifierList;+35
j  org.jetbrains.kotlin.load.java.structure.impl.JavaPackageImpl.getAnnotations()Ljava/util/Collection;+14
j  org.jetbrains.kotlin.load.java.lazy.LazyJavaAnnotations.iterator()Ljava/util/Iterator;+4
j  org.jetbrains.kotlin.load.java.AbstractAnnotationTypeQualifierResolver.extractAndMergeDefaultQualifiers(Lorg/jetbrains/kotlin/load/java/JavaTypeQualifiersByElementType;Ljava/lang/Iterable;)Lorg/jetbrains/kotlin/load/java/JavaTypeQualifiersByElementType;+53
j  org.jetbrains.kotlin.load.java.lazy.ContextKt.computeNewDefaultTypeQualifiers(Lorg/jetbrains/kotlin/load/java/lazy/LazyJavaResolverContext;Lorg/jetbrains/kotlin/descriptors/annotations/Annotations;)Lorg/jetbrains/kotlin/load/java/JavaTypeQualifiersByElementType;+27
j  org.jetbrains.kotlin.load.java.lazy.ContextKt.childForClassOrPackage$lambda$1(Lorg/jetbrains/kotlin/load/java/lazy/LazyJavaResolverContext;Lorg/jetbrains/kotlin/descriptors/ClassOrPackageFragmentDescriptor;)Lorg/jetbrains/kotlin/load/java/JavaTypeQualifiersByElementType;+7
j  org.jetbrains.kotlin.load.java.lazy.ContextKt$$Lambda$2957+0x00007fd6c7412e48.invoke()Ljava/lang/Object;+8
j  kotlin.UnsafeLazyImpl.getValue()Ljava/lang/Object;+19
j  org.jetbrains.kotlin.load.java.lazy.LazyJavaResolverContext.getDefaultTypeQualifiers()Lorg/jetbrains/kotlin/load/java/JavaTypeQualifiersByElementType;+6
j  org.jetbrains.kotlin.load.java.lazy.ContextKt.computeNewDefaultTypeQualifiers(Lorg/jetbrains/kotlin/load/java/lazy/LazyJavaResolverContext;Lorg/jetbrains/kotlin/descriptors/annotations/Annotations;)Lorg/jetbrains/kotlin/load/java/JavaTypeQualifiersByElementType;+20
j  org.jetbrains.kotlin.load.java.lazy.ContextKt.childForClassOrPackage$lambda$1(Lorg/jetbrains/kotlin/load/java/lazy/LazyJavaResolverContext;Lorg/jetbrains/kotlin/descriptors/ClassOrPackageFragmentDescriptor;)Lorg/jetbrains/kotlin/load/java/JavaTypeQualifiersByElementType;+7
j  org.jetbrains.kotlin.load.java.lazy.ContextKt$$Lambda$2957+0x00007fd6c7412e48.invoke()Ljava/lang/Object;+8
j  kotlin.UnsafeLazyImpl.getValue()Ljava/lang/Object;+19
j  org.jetbrains.kotlin.load.java.lazy.LazyJavaResolverContext.getDefaultTypeQualifiers()Lorg/jetbrains/kotlin/load/java/JavaTypeQualifiersByElementType;+6
j  org.jetbrains.kotlin.load.java.typeEnhancement.SignatureParts.getContainerDefaultTypeQualifiers()Lorg/jetbrains/kotlin/load/java/JavaTypeQualifiersByElementType;+4
j  org.jetbrains.kotlin.load.java.typeEnhancement.AbstractSignatureParts.toIndexed(Lorg/jetbrains/kotlin/types/model/KotlinTypeMarker;)Ljava/util/List;+16
j  org.jetbrains.kotlin.load.java.typeEnhancement.AbstractSignatureParts.computeIndexedQualifiers(Lorg/jetbrains/kotlin/types/model/KotlinTypeMarker;Ljava/lang/Iterable;Lorg/jetbrains/kotlin/load/java/typeEnhancement/TypeEnhancementInfo;Z)Lkotlin/jvm/functions/Function1;+15
j  org.jetbrains.kotlin.load.java.typeEnhancement.SignatureEnhancement.enhance(Lorg/jetbrains/kotlin/load/java/typeEnhancement/SignatureParts;Lorg/jetbrains/kotlin/types/KotlinType;Ljava/util/List;Lorg/jetbrains/kotlin/load/java/typeEnhancement/TypeEnhancementInfo;Z)Lorg/jetbrains/kotlin/types/KotlinType;+25
j  org.jetbrains.kotlin.load.java.typeEnhancement.SignatureEnhancement.enhance$default(Lorg/jetbrains/kotlin/load/java/typeEnhancement/SignatureEnhancement;Lorg/jetbrains/kotlin/load/java/typeEnhancement/SignatureParts;Lorg/jetbrains/kotlin/types/KotlinType;Ljava/util/List;Lorg/jetbrains/kotlin/load/java/typeEnhancement/TypeEnhancementInfo;ZILjava/lang/Object;)Lorg/jetbrains/kotlin/types/KotlinType;+29
j  org.jetbrains.kotlin.load.java.typeEnhancement.SignatureEnhancement.enhanceSuperType(Lorg/jetbrains/kotlin/types/KotlinType;Lorg/jetbrains/kotlin/load/java/lazy/LazyJavaResolverContext;)Lorg/jetbrains/kotlin/types/KotlinType;+38
j  org.jetbrains.kotlin.load.java.lazy.descriptors.LazyJavaClassDescriptor$LazyJavaClassTypeConstructor.computeSupertypes()Ljava/util/Collection;+126
j  org.jetbrains.kotlin.types.AbstractTypeConstructor.supertypes$lambda$0(Lorg/jetbrains/kotlin/types/AbstractTypeConstructor;)Lorg/jetbrains/kotlin/types/AbstractTypeConstructor$Supertypes;+5
j  org.jetbrains.kotlin.types.AbstractTypeConstructor$$Lambda$2792+0x00007fd6c7318410.invoke()Ljava/lang/Object;+4
j  org.jetbrains.kotlin.storage.LockBasedStorageManager$LockBasedLazyValue.invoke()Ljava/lang/Object;+156
j  org.jetbrains.kotlin.storage.LockBasedStorageManager$LockBasedLazyValueWithPostCompute.invoke()Ljava/lang/Object;+22
j  org.jetbrains.kotlin.storage.LockBasedStorageManager$LockBasedNotNullLazyValueWithPostCompute.invoke()Ljava/lang/Object;+1
j  org.jetbrains.kotlin.types.AbstractTypeConstructor.computeNeighbours(Lorg/jetbrains/kotlin/types/TypeConstructor;Z)Ljava/util/Collection;+27
j  org.jetbrains.kotlin.types.AbstractTypeConstructor.supertypes$lambda$7$lambda$2(Lorg/jetbrains/kotlin/types/AbstractTypeConstructor;Lorg/jetbrains/kotlin/types/TypeConstructor;)Ljava/lang/Iterable;+9
j  org.jetbrains.kotlin.types.AbstractTypeConstructor$$Lambda$2984+0x00007fd6c741e150.invoke(Ljava/lang/Object;)Ljava/lang/Object;+8
j  org.jetbrains.kotlin.resolve.SupertypeLoopCheckerImpl.findLoopsInSupertypesAndDisconnect$lambda$1(Lkotlin/jvm/functions/Function1;Lorg/jetbrains/kotlin/types/TypeConstructor;)Ljava/lang/Iterable;+6
j  org.jetbrains.kotlin.resolve.SupertypeLoopCheckerImpl$$Lambda$2986+0x00007fd6c741e7a0.getNeighbors(Ljava/lang/Object;)Ljava/lang/Iterable;+8
j  org.jetbrains.kotlin.utils.DFS.doDfs(Ljava/lang/Object;Lorg/jetbrains/kotlin/utils/DFS$Neighbors;Lorg/jetbrains/kotlin/utils/DFS$Visited;Lorg/jetbrains/kotlin/utils/DFS$NodeHandler;)V+60
j  org.jetbrains.kotlin.utils.DFS.doDfs(Ljava/lang/Object;Lorg/jetbrains/kotlin/utils/DFS$Neighbors;Lorg/jetbrains/kotlin/utils/DFS$Visited;Lorg/jetbrains/kotlin/utils/DFS$NodeHandler;)V+96
j  org.jetbrains.kotlin.utils.DFS.doDfs(Ljava/lang/Object;Lorg/jetbrains/kotlin/utils/DFS$Neighbors;Lorg/jetbrains/kotlin/utils/DFS$Visited;Lorg/jetbrains/kotlin/utils/DFS$NodeHandler;)V+96
j  org.jetbrains.kotlin.utils.DFS.dfs(Ljava/util/Collection;Lorg/jetbrains/kotlin/utils/DFS$Neighbors;Lorg/jetbrains/kotlin/utils/DFS$Visited;Lorg/jetbrains/kotlin/utils/DFS$NodeHandler;)Ljava/lang/Object;+64
j  org.jetbrains.kotlin.resolve.FindLoopsInSupertypes.isReachable(Lorg/jetbrains/kotlin/types/TypeConstructor;Lorg/jetbrains/kotlin/types/TypeConstructor;Lorg/jetbrains/kotlin/utils/DFS$Neighbors;)Z+38
j  org.jetbrains.kotlin.resolve.FindLoopsInSupertypes.access$isReachable(Lorg/jetbrains/kotlin/types/TypeConstructor;Lorg/jetbrains/kotlin/types/TypeConstructor;Lorg/jetbrains/kotlin/utils/DFS$Neighbors;)Z+3
j  org.jetbrains.kotlin.resolve.SupertypeLoopCheckerImpl.findLoopsInSupertypesAndDisconnect(Lorg/jetbrains/kotlin/types/TypeConstructor;Ljava/util/Collection;Lkotlin/jvm/functions/Function1;Lkotlin/jvm/functions/Function1;)Ljava/util/Collection;+80
j  org.jetbrains.kotlin.types.AbstractTypeConstructor.supertypes$lambda$7(Lorg/jetbrains/kotlin/types/AbstractTypeConstructor;Lorg/jetbrains/kotlin/types/AbstractTypeConstructor$Supertypes;)Lkotlin/Unit;+30
j  org.jetbrains.kotlin.types.AbstractTypeConstructor$$Lambda$2794+0x00007fd6c7318858.invoke(Ljava/lang/Object;)Ljava/lang/Object;+8
j  org.jetbrains.kotlin.storage.LockBasedStorageManager$5.doPostCompute(Ljava/lang/Object;)V+13
j  org.jetbrains.kotlin.storage.LockBasedStorageManager$LockBasedLazyValueWithPostCompute.postCompute(Ljava/lang/Object;)V+14
j  org.jetbrains.kotlin.storage.LockBasedStorageManager$LockBasedLazyValue.invoke()Ljava/lang/Object;+164
j  org.jetbrains.kotlin.storage.LockBasedStorageManager$LockBasedLazyValueWithPostCompute.invoke()Ljava/lang/Object;+22
j  org.jetbrains.kotlin.storage.LockBasedStorageManager$LockBasedNotNullLazyValueWithPostCompute.invoke()Ljava/lang/Object;+1
j  org.jetbrains.kotlin.types.AbstractTypeConstructor.getSupertypes()Ljava/util/List;+4
j  org.jetbrains.kotlin.types.AbstractTypeConstructor.getSupertypes()Ljava/util/Collection;+1
j  org.jetbrains.kotlin.resolve.descriptorUtil.DescriptorUtilsKt.getSuperClassNotAny(Lorg/jetbrains/kotlin/descriptors/ClassDescriptor;)Lorg/jetbrains/kotlin/descriptors/ClassDescriptor;+15
j  org.jetbrains.kotlin.resolve.descriptorUtil.DescriptorUtilsKt.getAllSuperclassesWithoutAny(Lorg/jetbrains/kotlin/descriptors/ClassDescriptor;)Lorg/jetbrains/kotlin/utils/SmartList;+7
j  org.jetbrains.kotlin.resolve.lazy.descriptors.ClassResolutionScopesSupport.inheritanceScopeWithoutMe$lambda$5(Lorg/jetbrains/kotlin/resolve/lazy/descriptors/ClassResolutionScopesSupport;)Lorg/jetbrains/kotlin/resolve/scopes/LexicalScope;+4
j  org.jetbrains.kotlin.resolve.lazy.descriptors.ClassResolutionScopesSupport$$Lambda$2919+0x00007fd6c74056a8.invoke()Ljava/lang/Object;+4
j  org.jetbrains.kotlin.storage.LockBasedStorageManager$LockBasedLazyValue.invoke()Ljava/lang/Object;+156
j  org.jetbrains.kotlin.storage.LockBasedStorageManager$LockBasedNotNullLazyValue.invoke()Ljava/lang/Object;+1
j  org.jetbrains.kotlin.resolve.lazy.descriptors.ClassResolutionScopesSupport.inheritanceScopeWithMe$lambda$6(Lorg/jetbrains/kotlin/resolve/lazy/descriptors/ClassResolutionScopesSupport;)Lorg/jetbrains/kotlin/resolve/scopes/LexicalScope;+5
j  org.jetbrains.kotlin.resolve.lazy.descriptors.ClassResolutionScopesSupport$$Lambda$2920+0x00007fd6c74058d0.invoke()Ljava/lang/Object;+4
j  org.jetbrains.kotlin.storage.LockBasedStorageManager$LockBasedLazyValue.invoke()Ljava/lang/Object;+156
j  org.jetbrains.kotlin.storage.LockBasedStorageManager$LockBasedNotNullLazyValue.invoke()Ljava/lang/Object;+1
j  org.jetbrains.kotlin.resolve.lazy.descriptors.ClassResolutionScopesSupport.scopeForMemberDeclarationResolution$lambda$8(Lorg/jetbrains/kotlin/resolve/lazy/descriptors/ClassResolutionScopesSupport;)Lorg/jetbrains/kotlin/resolve/scopes/LexicalScope;+5
j  org.jetbrains.kotlin.resolve.lazy.descriptors.ClassResolutionScopesSupport$$Lambda$2922+0x00007fd6c7405d20.invoke()Ljava/lang/Object;+4
j  org.jetbrains.kotlin.storage.LockBasedStorageManager$LockBasedLazyValue.invoke()Ljava/lang/Object;+156
j  org.jetbrains.kotlin.storage.LockBasedStorageManager$LockBasedNotNullLazyValue.invoke()Ljava/lang/Object;+1
j  org.jetbrains.kotlin.resolve.lazy.descriptors.LazyClassDescriptor.getScopeForMemberDeclarationResolution()Lorg/jetbrains/kotlin/resolve/scopes/LexicalScope;+7
j  org.jetbrains.kotlin.resolve.lazy.descriptors.LazyClassMemberScope.getScopeForMemberDeclarationResolution(Lorg/jetbrains/kotlin/psi/KtDeclaration;)Lorg/jetbrains/kotlin/resolve/scopes/LexicalScope;+14
j  org.jetbrains.kotlin.resolve.lazy.descriptors.AbstractLazyMemberScope.getDeclaredProperties(Lorg/jetbrains/kotlin/name/Name;)Ljava/util/Collection;+206
j  org.jetbrains.kotlin.resolve.lazy.descriptors.AbstractLazyMemberScope.declaredPropertyDescriptors$lambda$6(Lorg/jetbrains/kotlin/resolve/lazy/descriptors/AbstractLazyMemberScope;Lorg/jetbrains/kotlin/name/Name;)Ljava/util/Collection;+9
j  org.jetbrains.kotlin.resolve.lazy.descriptors.AbstractLazyMemberScope$$Lambda$2907+0x00007fd6c73fcdf8.invoke(Ljava/lang/Object;)Ljava/lang/Object;+8
j  org.jetbrains.kotlin.storage.LockBasedStorageManager$MapBasedMemoizedFunction.invoke(Ljava/lang/Object;)Ljava/lang/Object;+182
j  org.jetbrains.kotlin.storage.LockBasedStorageManager$MapBasedMemoizedFunctionToNotNull.invoke(Ljava/lang/Object;)Ljava/lang/Object;+2
j  org.jetbrains.kotlin.resolve.lazy.descriptors.AbstractLazyMemberScope.doGetProperties(Lorg/jetbrains/kotlin/name/Name;)Ljava/util/Collection;+9
j  org.jetbrains.kotlin.resolve.lazy.descriptors.AbstractLazyMemberScope.propertyDescriptors$lambda$2(Lorg/jetbrains/kotlin/resolve/lazy/descriptors/AbstractLazyMemberScope;Lorg/jetbrains/kotlin/name/Name;)Ljava/util/Collection;+9
j  org.jetbrains.kotlin.resolve.lazy.descriptors.AbstractLazyMemberScope$$Lambda$2903+0x00007fd6c73fc2e8.invoke(Ljava/lang/Object;)Ljava/lang/Object;+8
j  org.jetbrains.kotlin.storage.LockBasedStorageManager$MapBasedMemoizedFunction.invoke(Ljava/lang/Object;)Ljava/lang/Object;+182
j  org.jetbrains.kotlin.storage.LockBasedStorageManager$MapBasedMemoizedFunctionToNotNull.invoke(Ljava/lang/Object;)Ljava/lang/Object;+2
j  org.jetbrains.kotlin.resolve.lazy.descriptors.AbstractLazyMemberScope.getContributedVariables(Lorg/jetbrains/kotlin/name/Name;Lorg/jetbrains/kotlin/incremental/components/LookupLocation;)Ljava/util/Collection;+25
j  org.jetbrains.kotlin.resolve.lazy.descriptors.LazyClassMemberScope.getContributedVariables(Lorg/jetbrains/kotlin/name/Name;Lorg/jetbrains/kotlin/incremental/components/LookupLocation;)Ljava/util/Collection;+17
j  org.jetbrains.kotlin.resolve.lazy.LazyDeclarationResolver$resolveToDescriptor$1.visitProperty(Lorg/jetbrains/kotlin/psi/KtProperty;Ljava/lang/Void;)Lorg/jetbrains/kotlin/descriptors/DeclarationDescriptor;+47
j  org.jetbrains.kotlin.resolve.lazy.LazyDeclarationResolver$resolveToDescriptor$1.visitProperty(Lorg/jetbrains/kotlin/psi/KtProperty;Ljava/lang/Object;)Ljava/lang/Object;+6
j  org.jetbrains.kotlin.psi.KtProperty.accept(Lorg/jetbrains/kotlin/psi/KtVisitor;Ljava/lang/Object;)Ljava/lang/Object;+11
j  org.jetbrains.kotlin.resolve.lazy.LazyDeclarationResolver.resolveToDescriptor(Lorg/jetbrains/kotlin/psi/KtDeclaration;Z)Lorg/jetbrains/kotlin/descriptors/DeclarationDescriptor;+14
j  org.jetbrains.kotlin.resolve.lazy.LazyDeclarationResolver.resolveToDescriptor(Lorg/jetbrains/kotlin/psi/KtDeclaration;)Lorg/jetbrains/kotlin/descriptors/DeclarationDescriptor;+9
j  org.jetbrains.kotlin.resolve.LazyTopDownAnalyzer.createPropertyDescriptors(Lorg/jetbrains/kotlin/resolve/TopDownAnalysisContext;Lorg/jetbrains/kotlin/com/google/common/collect/Multimap;Ljava/util/List;)V+39
j  org.jetbrains.kotlin.resolve.LazyTopDownAnalyzer.analyzeDeclarations(Lorg/jetbrains/kotlin/resolve/TopDownAnalysisMode;Ljava/util/Collection;Lorg/jetbrains/kotlin/resolve/calls/smartcasts/DataFlowInfo;Lorg/jetbrains/kotlin/types/expressions/ExpressionTypingContext;)Lorg/jetbrains/kotlin/resolve/TopDownAnalysisContext;+199
j  org.jetbrains.kotlin.resolve.LazyTopDownAnalyzer.analyzeDeclarations$default(Lorg/jetbrains/kotlin/resolve/LazyTopDownAnalyzer;Lorg/jetbrains/kotlin/resolve/TopDownAnalysisMode;Ljava/util/Collection;Lorg/jetbrains/kotlin/resolve/calls/smartcasts/DataFlowInfo;Lorg/jetbrains/kotlin/types/expressions/ExpressionTypingContext;ILjava/lang/Object;)Lorg/jetbrains/kotlin/resolve/TopDownAnalysisContext;+31
j  org.jetbrains.kotlin.cli.jvm.compiler.TopDownAnalyzerFacadeForJVM.analyzeFilesWithJavaIntegration(Lorg/jetbrains/kotlin/com/intellij/openapi/project/Project;Ljava/util/Collection;Lorg/jetbrains/kotlin/resolve/BindingTrace;Lorg/jetbrains/kotlin/config/CompilerConfiguration;Lkotlin/jvm/functions/Function1;Lkotlin/jvm/functions/Function2;Lorg/jetbrains/kotlin/com/intellij/psi/search/GlobalSearchScope;Ljava/util/List;Ljava/util/List;Ljava/util/List;Lorg/jetbrains/kotlin/resolve/TargetEnvironment;)Lorg/jetbrains/kotlin/analyzer/AnalysisResult;+267
j  org.jetbrains.kotlin.cli.jvm.compiler.TopDownAnalyzerFacadeForJVM.analyzeFilesWithJavaIntegration$default(Lorg/jetbrains/kotlin/com/intellij/openapi/project/Project;Ljava/util/Collection;Lorg/jetbrains/kotlin/resolve/BindingTrace;Lorg/jetbrains/kotlin/config/CompilerConfiguration;Lkotlin/jvm/functions/Function1;Lkotlin/jvm/functions/Function2;Lorg/jetbrains/kotlin/com/intellij/psi/search/GlobalSearchScope;Ljava/util/List;Ljava/util/List;Ljava/util/List;Lorg/jetbrains/kotlin/resolve/TargetEnvironment;ILjava/lang/Object;)Lorg/jetbrains/kotlin/analyzer/AnalysisResult;+111
j  org.jetbrains.kotlin.scripting.compiler.plugin.impl.ScriptJvmCompilerImplsKt.analyze$lambda$12(Lorg/jetbrains/kotlin/cli/jvm/compiler/KotlinCoreEnvironment;Ljava/util/Collection;)Lorg/jetbrains/kotlin/analyzer/AnalysisResult;+43
j  org.jetbrains.kotlin.scripting.compiler.plugin.impl.ScriptJvmCompilerImplsKt$$Lambda$2763+0x00007fd6c72f3738.invoke()Ljava/lang/Object;+8
j  org.jetbrains.kotlin.cli.common.messages.AnalyzerWithCompilerReport.analyzeAndReport(Ljava/util/Collection;Lkotlin/jvm/functions/Function0;)V+16
j  org.jetbrains.kotlin.scripting.compiler.plugin.impl.ScriptJvmCompilerImplsKt.analyze(Ljava/util/Collection;Lorg/jetbrains/kotlin/cli/jvm/compiler/KotlinCoreEnvironment;)Lorg/jetbrains/kotlin/analyzer/AnalysisResult;+56
j  org.jetbrains.kotlin.scripting.compiler.plugin.impl.ScriptJvmCompilerImplsKt.doCompile(Lorg/jetbrains/kotlin/scripting/compiler/plugin/impl/SharedScriptCompilationContext;Lkotlin/script/experimental/api/SourceCode;Ljava/util/List;Ljava/util/List;Lorg/jetbrains/kotlin/scripting/compiler/plugin/impl/ScriptDiagnosticsMessageCollector;Lkotlin/jvm/functions/Function1;)Lkotlin/script/experimental/api/ResultWithDiagnostics;+29
j  org.jetbrains.kotlin.scripting.compiler.plugin.impl.ScriptJvmCompilerImplsKt.compileImpl(Lkotlin/script/experimental/api/SourceCode;Lorg/jetbrains/kotlin/scripting/compiler/plugin/impl/SharedScriptCompilationContext;Lkotlin/script/experimental/api/ScriptCompilationConfiguration;Lorg/jetbrains/kotlin/scripting/compiler/plugin/impl/ScriptDiagnosticsMessageCollector;)Lkotlin/script/experimental/api/ResultWithDiagnostics;+328
j  org.jetbrains.kotlin.scripting.compiler.plugin.impl.ScriptJvmCompilerImplsKt.access$compileImpl(Lkotlin/script/experimental/api/SourceCode;Lorg/jetbrains/kotlin/scripting/compiler/plugin/impl/SharedScriptCompilationContext;Lkotlin/script/experimental/api/ScriptCompilationConfiguration;Lorg/jetbrains/kotlin/scripting/compiler/plugin/impl/ScriptDiagnosticsMessageCollector;)Lkotlin/script/experimental/api/ResultWithDiagnostics;+4
j  org.jetbrains.kotlin.scripting.compiler.plugin.impl.ScriptJvmCompilerFromEnvironment.compile$lambda$2$lambda$1(Lkotlin/script/experimental/api/ScriptCompilationConfiguration;Lkotlin/script/experimental/api/SourceCode;Lorg/jetbrains/kotlin/scripting/compiler/plugin/impl/ScriptJvmCompilerFromEnvironment;Lorg/jetbrains/kotlin/scripting/compiler/plugin/impl/ScriptDiagnosticsMessageCollector;)Lkotlin/script/experimental/api/ResultWithDiagnostics;+125
j  org.jetbrains.kotlin.scripting.compiler.plugin.impl.ScriptJvmCompilerFromEnvironment$$Lambda$2725+0x00007fd6c729b430.invoke()Ljava/lang/Object;+16
j  org.jetbrains.kotlin.scripting.compiler.plugin.impl.ScriptJvmCompilerImplsKt.withScriptCompilationCache(Lkotlin/script/experimental/api/SourceCode;Lkotlin/script/experimental/api/ScriptCompilationConfiguration;Lorg/jetbrains/kotlin/scripting/compiler/plugin/impl/ScriptDiagnosticsMessageCollector;Lkotlin/jvm/functions/Function0;)Lkotlin/script/experimental/api/ResultWithDiagnostics;+97
j  org.jetbrains.kotlin.scripting.compiler.plugin.impl.ScriptJvmCompilerImplsKt.access$withScriptCompilationCache(Lkotlin/script/experimental/api/SourceCode;Lkotlin/script/experimental/api/ScriptCompilationConfiguration;Lorg/jetbrains/kotlin/scripting/compiler/plugin/impl/ScriptDiagnosticsMessageCollector;Lkotlin/jvm/functions/Function0;)Lkotlin/script/experimental/api/ResultWithDiagnostics;+4
j  org.jetbrains.kotlin.scripting.compiler.plugin.impl.ScriptJvmCompilerFromEnvironment.compile(Lkotlin/script/experimental/api/SourceCode;Lkotlin/script/experimental/api/ScriptCompilationConfiguration;)Lkotlin/script/experimental/api/ResultWithDiagnostics;+50
j  kotlin.script.experimental.jvmhost.JvmScriptCompiler.invoke$suspendImpl(Lkotlin/script/experimental/jvmhost/JvmScriptCompiler;Lkotlin/script/experimental/api/SourceCode;Lkotlin/script/experimental/api/ScriptCompilationConfiguration;Lkotlin/coroutines/Continuation;)Ljava/lang/Object;+15
j  kotlin.script.experimental.jvmhost.JvmScriptCompiler.invoke(Lkotlin/script/experimental/api/SourceCode;Lkotlin/script/experimental/api/ScriptCompilationConfiguration;Lkotlin/coroutines/Continuation;)Ljava/lang/Object;+4
j  kotlin.script.experimental.host.BasicScriptingHost$eval$1.invokeSuspend(Ljava/lang/Object;)Ljava/lang/Object;+64
j  kotlin.script.experimental.host.BasicScriptingHost$eval$1.invoke(Lkotlin/coroutines/Continuation;)Ljava/lang/Object;+11
j  kotlin.script.experimental.host.BasicScriptingHost$eval$1.invoke(Ljava/lang/Object;)Ljava/lang/Object;+5
j  kotlin.script.experimental.host.BasicScriptingHost$runInCoroutineContext$1.invokeSuspend(Ljava/lang/Object;)Ljava/lang/Object;+46
J 7535 c1 kotlin.coroutines.jvm.internal.BaseContinuationImpl.resumeWith(Ljava/lang/Object;)V (128 bytes) @ 0x00007fd6ea041eec [0x00007fd6ea041ac0+0x000000000000042c]
j  kotlin.coroutines.ContinuationKt.startCoroutine(Lkotlin/jvm/functions/Function1;Lkotlin/coroutines/Continuation;)V+30
j  kotlin.script.experimental.impl.RunSuspendKt.internalScriptingRunSuspend(Lkotlin/jvm/functions/Function1;)Ljava/lang/Object;+19
j  kotlin.script.experimental.host.BasicScriptingHost.runInCoroutineContext(Lkotlin/jvm/functions/Function1;)Ljava/lang/Object;+18
j  kotlin.script.experimental.host.BasicScriptingHost.eval(Lkotlin/script/experimental/api/SourceCode;Lkotlin/script/experimental/api/ScriptCompilationConfiguration;Lkotlin/script/experimental/api/ScriptEvaluationConfiguration;)Lkotlin/script/experimental/api/ResultWithDiagnostics;+28
j  org.gradle.kotlin.dsl.support.KotlinCompilerKt.compileKotlinScriptModuleTo(Ljava/io/File;Lorg/gradle/kotlin/dsl/support/KotlinCompilerOptions;Ljava/lang/String;Ljava/util/Collection;Lorg/jetbrains/kotlin/scripting/definitions/ScriptDefinition;Ljava/lang/Iterable;Lorg/gradle/kotlin/dsl/support/LoggingMessageCollector;)V+938
j  org.gradle.kotlin.dsl.support.KotlinCompilerKt.compileKotlinScriptToDirectory(Ljava/io/File;Lorg/gradle/kotlin/dsl/support/KotlinCompilerOptions;Ljava/io/File;Lorg/jetbrains/kotlin/scripting/definitions/ScriptDefinition;Ljava/util/List;Lorg/slf4j/Logger;Lkotlin/jvm/functions/Function1;)Ljava/lang/String;+78
j  org.gradle.kotlin.dsl.execution.ResidualProgramCompiler$compileScript$1.invoke()Ljava/lang/String;+62
j  org.gradle.kotlin.dsl.execution.ResidualProgramCompiler$compileScript$1.invoke()Ljava/lang/Object;+1
j  org.gradle.kotlin.dsl.provider.StandardKotlinScriptEvaluator$InterpreterHost$runCompileBuildOperation$1.call(Lorg/gradle/internal/operations/BuildOperationContext;)Ljava/lang/String;+10
j  org.gradle.kotlin.dsl.provider.StandardKotlinScriptEvaluator$InterpreterHost$runCompileBuildOperation$1.call(Lorg/gradle/internal/operations/BuildOperationContext;)Ljava/lang/Object;+2
J 6558 c1 org.gradle.internal.operations.DefaultBuildOperationRunner$CallableBuildOperationWorker.execute(Lorg/gradle/internal/operations/BuildOperation;Lorg/gradle/internal/operations/BuildOperationContext;)V (10 bytes) @ 0x00007fd6e9ab1d4c [0x00007fd6e9ab1ae0+0x000000000000026c]
J 8861 c1 org.gradle.internal.operations.DefaultBuildOperationRunner$2.execute(Lorg/gradle/internal/operations/BuildOperationDescriptor;Lorg/gradle/internal/operations/BuildOperationState;Lorg/gradle/internal/operations/BuildOperationState;Lorg/gradle/internal/operations/DefaultBuildOperationRunner$ReadableBuildOperationContext;Lorg/gradle/internal/operations/DefaultBuildOperationRunner$BuildOperationExecutionListener;)Lorg/gradle/internal/operations/BuildOperation; (110 bytes) @ 0x00007fd6ea2df034 [0x00007fd6ea2dee40+0x00000000000001f4]
J 7475 c1 org.gradle.internal.operations.DefaultBuildOperationRunner$2.execute(Lorg/gradle/internal/operations/BuildOperationDescriptor;Lorg/gradle/internal/operations/BuildOperationState;Lorg/gradle/internal/operations/BuildOperationState;Lorg/gradle/internal/operations/DefaultBuildOperationRunner$ReadableBuildOperationContext;Lorg/gradle/internal/operations/DefaultBuildOperationRunner$BuildOperationExecutionListener;)Ljava/lang/Object; (12 bytes) @ 0x00007fd6ea022734 [0x00007fd6ea0226c0+0x0000000000000074]
J 10303 c1 org.gradle.internal.operations.DefaultBuildOperationRunner.execute(Lorg/gradle/internal/operations/BuildOperationDescriptor$Builder;Lorg/gradle/internal/operations/BuildOperationState;Lorg/gradle/internal/operations/DefaultBuildOperationRunner$BuildOperationExecution;)Ljava/lang/Object; (147 bytes) @ 0x00007fd6ea58c57c [0x00007fd6ea58bac0+0x0000000000000abc]
J 7383 c1 org.gradle.internal.operations.DefaultBuildOperationRunner.execute(Lorg/gradle/internal/operations/BuildOperation;Lorg/gradle/internal/operations/BuildOperationWorker;Lorg/gradle/internal/operations/BuildOperationState;)V (23 bytes) @ 0x00007fd6e9bb4a44 [0x00007fd6e9bb47e0+0x0000000000000264]
J 6555 c1 org.gradle.internal.operations.DefaultBuildOperationRunner.call(Lorg/gradle/internal/operations/CallableBuildOperation;)Ljava/lang/Object; (24 bytes) @ 0x00007fd6e9e6ee7c [0x00007fd6e9e6e9a0+0x00000000000004dc]
j  org.gradle.kotlin.dsl.provider.StandardKotlinScriptEvaluator$InterpreterHost.runCompileBuildOperation(Ljava/lang/String;Ljava/lang/String;Lkotlin/jvm/functions/Function0;)Ljava/lang/String;+38
j  org.gradle.kotlin.dsl.execution.Interpreter$ProgramHost$compileSecondStageOf$cacheDir$1$1$1$1$1.invoke(Ljava/lang/String;Ljava/lang/String;Lkotlin/jvm/functions/Function0;)Ljava/lang/String;+28
j  org.gradle.kotlin.dsl.execution.Interpreter$ProgramHost$compileSecondStageOf$cacheDir$1$1$1$1$1.invoke(Ljava/lang/Object;Ljava/lang/Object;Ljava/lang/Object;)Ljava/lang/Object;+13
j  org.gradle.kotlin.dsl.execution.ResidualProgramCompiler.compileScript-C5AE47M(Ljava/io/File;Ljava/lang/String;Lorg/jetbrains/kotlin/scripting/definitions/ScriptDefinition;Ljava/lang/String;Lorg/gradle/internal/classpath/ClassPath;)Ljava/lang/String;+23
j  org.gradle.kotlin.dsl.execution.ResidualProgramCompiler.compileScript-C5AE47M$default(Lorg/gradle/kotlin/dsl/execution/ResidualProgramCompiler;Ljava/io/File;Ljava/lang/String;Lorg/jetbrains/kotlin/scripting/definitions/ScriptDefinition;Ljava/lang/String;Lorg/gradle/internal/classpath/ClassPath;ILjava/lang/Object;)Ljava/lang/String;+22
j  org.gradle.kotlin.dsl.execution.ResidualProgramCompiler.emitStage2ProgramFor(Ljava/io/File;Ljava/lang/String;)V+30
j  org.gradle.kotlin.dsl.execution.Interpreter$ProgramHost$compileSecondStageOf$cacheDir$1.invoke(Ljava/io/File;)V+234
j  org.gradle.kotlin.dsl.execution.Interpreter$ProgramHost$compileSecondStageOf$cacheDir$1.invoke(Ljava/lang/Object;)Ljava/lang/Object;+5
j  org.gradle.kotlin.dsl.provider.StandardKotlinScriptEvaluator$KotlinScriptCompilationAndInstrumentation.compile(Ljava/io/File;)Ljava/io/File;+32
j  org.gradle.internal.scripts.BuildScriptCompilationAndInstrumentation.execute(Lorg/gradle/internal/execution/UnitOfWork$ExecutionRequest;)Lorg/gradle/internal/execution/UnitOfWork$WorkOutput;+9
j  org.gradle.internal.execution.steps.ExecuteStep.executeInternal(Lorg/gradle/internal/execution/UnitOfWork;Lorg/gradle/internal/execution/steps/InputChangesContext;)Lorg/gradle/internal/execution/steps/Result;+16
j  org.gradle.internal.execution.steps.ExecuteStep.access$000(Lorg/gradle/internal/execution/UnitOfWork;Lorg/gradle/internal/execution/steps/InputChangesContext;)Lorg/gradle/internal/execution/steps/Result;+2
j  org.gradle.internal.execution.steps.ExecuteStep$1.call(Lorg/gradle/internal/operations/BuildOperationContext;)Lorg/gradle/internal/execution/steps/Result;+8
j  org.gradle.internal.execution.steps.ExecuteStep$1.call(Lorg/gradle/internal/operations/BuildOperationContext;)Ljava/lang/Object;+2
J 6558 c1 org.gradle.internal.operations.DefaultBuildOperationRunner$CallableBuildOperationWorker.execute(Lorg/gradle/internal/operations/BuildOperation;Lorg/gradle/internal/operations/BuildOperationContext;)V (10 bytes) @ 0x00007fd6e9ab1d4c [0x00007fd6e9ab1ae0+0x000000000000026c]
J 8861 c1 org.gradle.internal.operations.DefaultBuildOperationRunner$2.execute(Lorg/gradle/internal/operations/BuildOperationDescriptor;Lorg/gradle/internal/operations/BuildOperationState;Lorg/gradle/internal/operations/BuildOperationState;Lorg/gradle/internal/operations/DefaultBuildOperationRunner$ReadableBuildOperationContext;Lorg/gradle/internal/operations/DefaultBuildOperationRunner$BuildOperationExecutionListener;)Lorg/gradle/internal/operations/BuildOperation; (110 bytes) @ 0x00007fd6ea2df034 [0x00007fd6ea2dee40+0x00000000000001f4]
J 7475 c1 org.gradle.internal.operations.DefaultBuildOperationRunner$2.execute(Lorg/gradle/internal/operations/BuildOperationDescriptor;Lorg/gradle/internal/operations/BuildOperationState;Lorg/gradle/internal/operations/BuildOperationState;Lorg/gradle/internal/operations/DefaultBuildOperationRunner$ReadableBuildOperationContext;Lorg/gradle/internal/operations/DefaultBuildOperationRunner$BuildOperationExecutionListener;)Ljava/lang/Object; (12 bytes) @ 0x00007fd6ea022734 [0x00007fd6ea0226c0+0x0000000000000074]
J 10303 c1 org.gradle.internal.operations.DefaultBuildOperationRunner.execute(Lorg/gradle/internal/operations/BuildOperationDescriptor$Builder;Lorg/gradle/internal/operations/BuildOperationState;Lorg/gradle/internal/operations/DefaultBuildOperationRunner$BuildOperationExecution;)Ljava/lang/Object; (147 bytes) @ 0x00007fd6ea58c57c [0x00007fd6ea58bac0+0x0000000000000abc]
J 7383 c1 org.gradle.internal.operations.DefaultBuildOperationRunner.execute(Lorg/gradle/internal/operations/BuildOperation;Lorg/gradle/internal/operations/BuildOperationWorker;Lorg/gradle/internal/operations/BuildOperationState;)V (23 bytes) @ 0x00007fd6e9bb4a44 [0x00007fd6e9bb47e0+0x0000000000000264]
J 6555 c1 org.gradle.internal.operations.DefaultBuildOperationRunner.call(Lorg/gradle/internal/operations/CallableBuildOperation;)Ljava/lang/Object; (24 bytes) @ 0x00007fd6e9e6ee7c [0x00007fd6e9e6e9a0+0x00000000000004dc]
j  org.gradle.internal.execution.steps.ExecuteStep.execute(Lorg/gradle/internal/execution/UnitOfWork;Lorg/gradle/internal/execution/steps/ChangingOutputsContext;)Lorg/gradle/internal/execution/steps/Result;+28
j  org.gradle.internal.execution.steps.ExecuteStep.execute(Lorg/gradle/internal/execution/UnitOfWork;Lorg/gradle/internal/execution/steps/Context;)Lorg/gradle/internal/execution/steps/Result;+6
j  org.gradle.internal.execution.steps.CancelExecutionStep.execute(Lorg/gradle/internal/execution/UnitOfWork;Lorg/gradle/internal/execution/steps/Context;)Lorg/gradle/internal/execution/steps/Result;+35
j  org.gradle.internal.execution.steps.TimeoutStep.executeWithoutTimeout(Lorg/gradle/internal/execution/UnitOfWork;Lorg/gradle/internal/execution/steps/Context;)Lorg/gradle/internal/execution/steps/Result;+6
j  org.gradle.internal.execution.steps.TimeoutStep.execute(Lorg/gradle/internal/execution/UnitOfWork;Lorg/gradle/internal/execution/steps/Context;)Lorg/gradle/internal/execution/steps/Result;+92
j  org.gradle.internal.execution.steps.PreCreateOutputParentsStep.execute(Lorg/gradle/internal/execution/UnitOfWork;Lorg/gradle/internal/execution/steps/ChangingOutputsContext;)Lorg/gradle/internal/execution/steps/Result;+24
j  org.gradle.internal.execution.steps.PreCreateOutputParentsStep.execute(Lorg/gradle/internal/execution/UnitOfWork;Lorg/gradle/internal/execution/steps/Context;)Lorg/gradle/internal/execution/steps/Result;+6
j  org.gradle.internal.execution.steps.BroadcastChangingOutputsStep.execute(Lorg/gradle/internal/execution/UnitOfWork;Lorg/gradle/internal/execution/steps/InputChangesContext;)Lorg/gradle/internal/execution/steps/Result;+53
j  org.gradle.internal.execution.steps.BroadcastChangingOutputsStep.execute(Lorg/gradle/internal/execution/UnitOfWork;Lorg/gradle/internal/execution/steps/Context;)Lorg/gradle/internal/execution/steps/Result;+6
j  org.gradle.internal.execution.steps.NoInputChangesStep.execute(Lorg/gradle/internal/execution/UnitOfWork;Lorg/gradle/internal/execution/steps/ValidationFinishedContext;)Lorg/gradle/internal/execution/steps/Result;+23
j  org.gradle.internal.execution.steps.NoInputChangesStep.execute(Lorg/gradle/internal/execution/UnitOfWork;Lorg/gradle/internal/execution/steps/Context;)Lorg/gradle/internal/execution/steps/Result;+6
j  org.gradle.internal.execution.steps.CaptureOutputsAfterExecutionStep.execute(Lorg/gradle/internal/execution/UnitOfWork;Lorg/gradle/internal/execution/steps/WorkspaceContext;)Lorg/gradle/internal/execution/steps/AfterExecutionResult;+6
j  org.gradle.internal.execution.steps.CaptureOutputsAfterExecutionStep.execute(Lorg/gradle/internal/execution/UnitOfWork;Lorg/gradle/internal/execution/steps/Context;)Lorg/gradle/internal/execution/steps/Result;+6
j  org.gradle.internal.execution.steps.BuildCacheStep.executeWithoutCache(Lorg/gradle/internal/execution/UnitOfWork;Lorg/gradle/internal/execution/steps/WorkspaceContext;)Lorg/gradle/internal/execution/steps/AfterExecutionResult;+6
j  org.gradle.internal.execution.steps.BuildCacheStep.lambda$execute$1(Lorg/gradle/internal/execution/UnitOfWork;Lorg/gradle/internal/execution/steps/WorkspaceContext;Lorg/gradle/internal/execution/caching/CachingState$Disabled;)Lorg/gradle/internal/execution/steps/AfterExecutionResult;+3
j  org.gradle.internal.execution.steps.BuildCacheStep$$Lambda$1859+0x00007fd6c6b79408.apply(Ljava/lang/Object;)Ljava/lang/Object;+16
j  org.gradle.internal.Either$Right.fold(Ljava/util/function/Function;Ljava/util/function/Function;)Ljava/lang/Object;+5
j  org.gradle.internal.execution.caching.CachingState.fold(Ljava/util/function/Function;Ljava/util/function/Function;)Ljava/lang/Object;+6
j  org.gradle.internal.execution.steps.BuildCacheStep.execute(Lorg/gradle/internal/execution/UnitOfWork;Lorg/gradle/internal/execution/steps/WorkspaceContext;)Lorg/gradle/internal/execution/steps/AfterExecutionResult;+25
j  org.gradle.internal.execution.steps.BuildCacheStep.execute(Lorg/gradle/internal/execution/UnitOfWork;Lorg/gradle/internal/execution/steps/Context;)Lorg/gradle/internal/execution/steps/Result;+6
j  org.gradle.internal.execution.steps.NeverUpToDateStep.execute(Lorg/gradle/internal/execution/UnitOfWork;Lorg/gradle/internal/execution/steps/NonIncrementalCachingContext;)Lorg/gradle/internal/execution/steps/UpToDateResult;+6
j  org.gradle.internal.execution.steps.NeverUpToDateStep.execute(Lorg/gradle/internal/execution/UnitOfWork;Lorg/gradle/internal/execution/steps/Context;)Lorg/gradle/internal/execution/steps/Result;+6
j  org.gradle.internal.execution.steps.legacy.MarkSnapshottingInputsFinishedStep.execute(Lorg/gradle/internal/execution/UnitOfWork;Lorg/gradle/internal/execution/steps/CachingContext;)Lorg/gradle/internal/execution/steps/Result;+18
j  org.gradle.internal.execution.steps.legacy.MarkSnapshottingInputsFinishedStep.execute(Lorg/gradle/internal/execution/UnitOfWork;Lorg/gradle/internal/execution/steps/Context;)Lorg/gradle/internal/execution/steps/Result;+6
j  org.gradle.internal.execution.steps.ResolveNonIncrementalCachingStateStep.executeDelegate(Lorg/gradle/internal/execution/UnitOfWork;Lorg/gradle/internal/execution/steps/ValidationFinishedContext;Lorg/gradle/internal/execution/caching/CachingState;)Lorg/gradle/internal/execution/steps/UpToDateResult;+14
j  org.gradle.internal.execution.steps.AbstractResolveCachingStateStep.execute(Lorg/gradle/internal/execution/UnitOfWork;Lorg/gradle/internal/execution/steps/ValidationFinishedContext;)Lorg/gradle/internal/execution/steps/CachingResult;+51
j  org.gradle.internal.execution.steps.AbstractResolveCachingStateStep.execute(Lorg/gradle/internal/execution/UnitOfWork;Lorg/gradle/internal/execution/steps/Context;)Lorg/gradle/internal/execution/steps/Result;+6
j  org.gradle.internal.execution.steps.ValidateStep.execute(Lorg/gradle/internal/execution/UnitOfWork;Lorg/gradle/internal/execution/steps/BeforeExecutionContext;)Lorg/gradle/internal/execution/steps/Result;+255
j  org.gradle.internal.execution.steps.ValidateStep.execute(Lorg/gradle/internal/execution/UnitOfWork;Lorg/gradle/internal/execution/steps/Context;)Lorg/gradle/internal/execution/steps/Result;+6
j  org.gradle.internal.execution.steps.AbstractCaptureStateBeforeExecutionStep.execute(Lorg/gradle/internal/execution/UnitOfWork;Lorg/gradle/internal/execution/steps/PreviousExecutionContext;)Lorg/gradle/internal/execution/steps/CachingResult;+32
j  org.gradle.internal.execution.steps.AbstractCaptureStateBeforeExecutionStep.execute(Lorg/gradle/internal/execution/UnitOfWork;Lorg/gradle/internal/execution/steps/Context;)Lorg/gradle/internal/execution/steps/Result;+6
j  org.gradle.internal.execution.steps.legacy.MarkSnapshottingInputsStartedStep.execute(Lorg/gradle/internal/execution/UnitOfWork;Lorg/gradle/internal/execution/steps/Context;)Lorg/gradle/internal/execution/steps/Result;+12
j  org.gradle.internal.execution.steps.AssignImmutableWorkspaceStep.lambda$executeInTemporaryWorkspace$3(Lorg/gradle/internal/execution/steps/IdentityContext;Lorg/gradle/internal/execution/UnitOfWork;Lorg/gradle/internal/execution/workspace/ImmutableWorkspaceProvider$ImmutableWorkspace;Ljava/io/File;)Lorg/gradle/internal/execution/steps/WorkspaceResult;+50
j  org.gradle.internal.execution.steps.AssignImmutableWorkspaceStep$$Lambda$2093+0x00007fd6c6d12f00.executeInTemporaryWorkspace(Ljava/io/File;)Ljava/lang/Object;+17
j  org.gradle.internal.execution.workspace.impl.CacheBasedImmutableWorkspaceProvider$1.withTemporaryWorkspace(Lorg/gradle/internal/execution/workspace/ImmutableWorkspaceProvider$ImmutableWorkspace$TemporaryWorkspaceAction;)Ljava/lang/Object;+47
j  org.gradle.internal.execution.steps.AssignImmutableWorkspaceStep.executeInTemporaryWorkspace(Lorg/gradle/internal/execution/UnitOfWork;Lorg/gradle/internal/execution/steps/IdentityContext;Lorg/gradle/internal/execution/workspace/ImmutableWorkspaceProvider$ImmutableWorkspace;)Lorg/gradle/internal/execution/steps/WorkspaceResult;+10
j  org.gradle.internal.execution.steps.AssignImmutableWorkspaceStep.lambda$execute$0(Lorg/gradle/internal/execution/UnitOfWork;Lorg/gradle/internal/execution/steps/IdentityContext;Lorg/gradle/internal/execution/workspace/ImmutableWorkspaceProvider$ImmutableWorkspace;)Lorg/gradle/internal/execution/steps/WorkspaceResult;+4
j  org.gradle.internal.execution.steps.AssignImmutableWorkspaceStep$$Lambda$477+0x00007fd6c648ab10.get()Ljava/lang/Object;+16
J 6430 c1 java.util.Optional.orElseGet(Ljava/util/function/Supplier;)Ljava/lang/Object; java.base@17.0.20 (21 bytes) @ 0x00007fd6e9bc3414 [0x00007fd6e9bc32c0+0x0000000000000154]
j  org.gradle.internal.execution.steps.AssignImmutableWorkspaceStep.execute(Lorg/gradle/internal/execution/UnitOfWork;Lorg/gradle/internal/execution/steps/IdentityContext;)Lorg/gradle/internal/execution/steps/WorkspaceResult;+48
J 15052 c1 org.gradle.internal.execution.steps.AssignImmutableWorkspaceStep.execute(Lorg/gradle/internal/execution/UnitOfWork;Lorg/gradle/internal/execution/steps/Context;)Lorg/gradle/internal/execution/steps/Result; (10 bytes) @ 0x00007fd6e9a43b4c [0x00007fd6e9a43ac0+0x000000000000008c]
J 19373 c1 org.gradle.internal.execution.steps.ChoosePipelineStep.execute(Lorg/gradle/internal/execution/UnitOfWork;Lorg/gradle/internal/execution/steps/IdentityContext;)Lorg/gradle/internal/execution/steps/Result; (71 bytes) @ 0x00007fd6e9ca0204 [0x00007fd6e9c9ff40+0x00000000000002c4]
J 19372 c1 org.gradle.internal.execution.steps.ChoosePipelineStep.execute(Lorg/gradle/internal/execution/UnitOfWork;Lorg/gradle/internal/execution/steps/Context;)Lorg/gradle/internal/execution/steps/Result; (10 bytes) @ 0x00007fd6eab3e0cc [0x00007fd6eab3e040+0x000000000000008c]
j  org.gradle.internal.execution.steps.ExecuteWorkBuildOperationFiringStep.lambda$execute$2(Lorg/gradle/internal/execution/UnitOfWork;Lorg/gradle/internal/execution/steps/IdentityContext;)Lorg/gradle/internal/execution/steps/CachingResult;+6
j  org.gradle.internal.execution.steps.ExecuteWorkBuildOperationFiringStep$$Lambda$430+0x00007fd6c642f8b0.get()Ljava/lang/Object;+12
J 19369 c1 org.gradle.internal.execution.steps.ExecuteWorkBuildOperationFiringStep.execute(Lorg/gradle/internal/execution/UnitOfWork;Lorg/gradle/internal/execution/steps/Context;)Lorg/gradle/internal/execution/steps/Result; (10 bytes) @ 0x00007fd6e98f4f64 [0x00007fd6e98f4ca0+0x00000000000002c4]
J 19368 c1 org.gradle.internal.execution.steps.IdentityCacheStep.execute(Lorg/gradle/internal/execution/UnitOfWork;Lorg/gradle/internal/execution/steps/IdentityContext;)Lorg/gradle/internal/execution/steps/WorkspaceResult; (15 bytes) @ 0x00007fd6eab16c24 [0x00007fd6eab16bc0+0x0000000000000064]
j  org.gradle.internal.execution.steps.IdentityCacheStep.execute(Lorg/gradle/internal/execution/UnitOfWork;Lorg/gradle/internal/execution/steps/Context;)Lorg/gradle/internal/execution/steps/Result;+6
j  org.gradle.internal.execution.steps.IdentifyStep.execute(Lorg/gradle/internal/execution/UnitOfWork;Lorg/gradle/internal/execution/steps/ExecutionRequestContext;)Lorg/gradle/internal/execution/steps/Result;+11
j  org.gradle.internal.execution.steps.IdentifyStep.execute(Lorg/gradle/internal/execution/UnitOfWork;Lorg/gradle/internal/execution/steps/Context;)Lorg/gradle/internal/execution/steps/Result;+6
j  org.gradle.internal.execution.impl.DefaultExecutionEngine$1.execute()Lorg/gradle/internal/execution/ExecutionEngine$Result;+15
j  org.gradle.kotlin.dsl.provider.StandardKotlinScriptEvaluator$InterpreterHost.cachedDirFor(Lorg/gradle/kotlin/dsl/support/KotlinScriptHost;Lorg/gradle/kotlin/dsl/execution/ProgramId;Lorg/gradle/internal/classpath/ClassPath;Lorg/gradle/internal/classpath/ClassPath;Lkotlin/jvm/functions/Function1;)Ljava/io/File;+131
j  org.gradle.kotlin.dsl.execution.Interpreter$ProgramHost.compileSecondStageOf(Lorg/gradle/kotlin/dsl/execution/ExecutableProgram$StagedProgram;Lorg/gradle/kotlin/dsl/support/KotlinScriptHost;Lorg/gradle/kotlin/dsl/execution/ProgramId;Lorg/gradle/kotlin/dsl/execution/ProgramKind;Lorg/gradle/kotlin/dsl/execution/ProgramTarget;Lorg/gradle/internal/classpath/ClassPath;)Lorg/gradle/kotlin/dsl/execution/CompiledScript;+146
j  Program.loadSecondStageFor(Lorg/gradle/kotlin/dsl/execution/ExecutableProgram$Host;Lorg/gradle/kotlin/dsl/support/KotlinScriptHost;Lorg/gradle/kotlin/dsl/execution/ProgramId;Lorg/gradle/internal/classpath/ClassPath;)Lorg/gradle/kotlin/dsl/execution/CompiledScript;+12
j  org.gradle.kotlin.dsl.execution.Interpreter$ProgramHost.evaluateSecondStageOf(Lorg/gradle/kotlin/dsl/execution/ExecutableProgram$StagedProgram;Lorg/gradle/kotlin/dsl/support/KotlinScriptHost;Ljava/lang/String;Lorg/gradle/internal/hash/HashCode;Lorg/gradle/internal/classpath/ClassPath;)V+173
j  Program.execute(Lorg/gradle/kotlin/dsl/execution/ExecutableProgram$Host;Lorg/gradle/kotlin/dsl/support/KotlinScriptHost;)V+190
j  org.gradle.kotlin.dsl.execution.Interpreter$ProgramHost.eval(Lorg/gradle/kotlin/dsl/execution/CompiledScript;Lorg/gradle/kotlin/dsl/support/KotlinScriptHost;)V+88
j  org.gradle.kotlin.dsl.execution.Interpreter.eval(Ljava/lang/Object;Lorg/gradle/groovy/scripts/ScriptSource;Lorg/gradle/internal/hash/HashCode;Lorg/gradle/api/initialization/dsl/ScriptHandler;Lorg/gradle/api/internal/initialization/ClassLoaderScope;Lorg/gradle/api/internal/initialization/ClassLoaderScope;ZLjava/util/EnumSet;)V+213
j  org.gradle.kotlin.dsl.provider.StandardKotlinScriptEvaluator.evaluate(Ljava/lang/Object;Lorg/gradle/groovy/scripts/ScriptSource;Lorg/gradle/api/initialization/dsl/ScriptHandler;Lorg/gradle/api/internal/initialization/ClassLoaderScope;Lorg/gradle/api/internal/initialization/ClassLoaderScope;ZLjava/util/EnumSet;)V+163
j  org.gradle.kotlin.dsl.provider.KotlinScriptPluginFactory$create$1.invoke(Ljava/lang/Object;)V+72
j  org.gradle.kotlin.dsl.provider.KotlinScriptPluginFactory$create$1.invoke(Ljava/lang/Object;)Ljava/lang/Object;+2
j  org.gradle.kotlin.dsl.provider.KotlinScriptPlugin.apply(Ljava/lang/Object;)V+22
j  org.gradle.configuration.BuildOperationScriptPlugin$1.run(Lorg/gradle/internal/operations/BuildOperationContext;)V+11
J 7726 c1 org.gradle.internal.operations.DefaultBuildOperationRunner$1.execute(Lorg/gradle/internal/operations/BuildOperation;Lorg/gradle/internal/operations/BuildOperationContext;)V (10 bytes) @ 0x00007fd6ea092f44 [0x00007fd6ea092ce0+0x0000000000000264]
J 8861 c1 org.gradle.internal.operations.DefaultBuildOperationRunner$2.execute(Lorg/gradle/internal/operations/BuildOperationDescriptor;Lorg/gradle/internal/operations/BuildOperationState;Lorg/gradle/internal/operations/BuildOperationState;Lorg/gradle/internal/operations/DefaultBuildOperationRunner$ReadableBuildOperationContext;Lorg/gradle/internal/operations/DefaultBuildOperationRunner$BuildOperationExecutionListener;)Lorg/gradle/internal/operations/BuildOperation; (110 bytes) @ 0x00007fd6ea2df034 [0x00007fd6ea2dee40+0x00000000000001f4]
J 7475 c1 org.gradle.internal.operations.DefaultBuildOperationRunner$2.execute(Lorg/gradle/internal/operations/BuildOperationDescriptor;Lorg/gradle/internal/operations/BuildOperationState;Lorg/gradle/internal/operations/BuildOperationState;Lorg/gradle/internal/operations/DefaultBuildOperationRunner$ReadableBuildOperationContext;Lorg/gradle/internal/operations/DefaultBuildOperationRunner$BuildOperationExecutionListener;)Ljava/lang/Object; (12 bytes) @ 0x00007fd6ea022734 [0x00007fd6ea0226c0+0x0000000000000074]
J 10303 c1 org.gradle.internal.operations.DefaultBuildOperationRunner.execute(Lorg/gradle/internal/operations/BuildOperationDescriptor$Builder;Lorg/gradle/internal/operations/BuildOperationState;Lorg/gradle/internal/operations/DefaultBuildOperationRunner$BuildOperationExecution;)Ljava/lang/Object; (147 bytes) @ 0x00007fd6ea58c57c [0x00007fd6ea58bac0+0x0000000000000abc]
J 7383 c1 org.gradle.internal.operations.DefaultBuildOperationRunner.execute(Lorg/gradle/internal/operations/BuildOperation;Lorg/gradle/internal/operations/BuildOperationWorker;Lorg/gradle/internal/operations/BuildOperationState;)V (23 bytes) @ 0x00007fd6e9bb4a44 [0x00007fd6e9bb47e0+0x0000000000000264]
J 7725 c1 org.gradle.internal.operations.DefaultBuildOperationRunner.run(Lorg/gradle/internal/operations/RunnableBuildOperation;)V (13 bytes) @ 0x00007fd6ea0927d4 [0x00007fd6ea092400+0x00000000000003d4]
j  org.gradle.configuration.BuildOperationScriptPlugin.lambda$apply$0(Ljava/lang/Object;Lorg/gradle/internal/code/UserCodeApplicationId;)V+14
j  org.gradle.configuration.BuildOperationScriptPlugin$$Lambda$416+0x00007fd6c6423d28.execute(Ljava/lang/Object;)V+12
j  org.gradle.internal.code.DefaultUserCodeApplicationContext.apply(Lorg/gradle/internal/code/UserCodeSource;Lorg/gradle/api/Action;)V+37
j  org.gradle.configuration.BuildOperationScriptPlugin.apply(Ljava/lang/Object;)V+71
j  org.gradle.configuration.project.BuildScriptProcessor$$Lambda$1082+0x00007fd6c67a9cd0.accept(Ljava/lang/Object;)V+8
j  org.gradle.api.internal.project.DefaultProjectStateRegistry$ProjectStateImpl.lambda$applyToMutableState$1(Ljava/util/function/Consumer;Lorg/gradle/api/internal/project/ProjectInternal;)Ljava/lang/Object;+2
j  org.gradle.api.internal.project.DefaultProjectStateRegistry$ProjectStateImpl$$Lambda$1053+0x00007fd6c676bd70.apply(Ljava/lang/Object;)Ljava/lang/Object;+8
j  org.gradle.api.internal.project.DefaultProjectStateRegistry$ProjectStateImpl.fromMutableState(Ljava/util/function/Function;)Ljava/lang/Object;+97
j  org.gradle.api.internal.project.DefaultProjectStateRegistry$ProjectStateImpl.applyToMutableState(Ljava/util/function/Consumer;)V+7
j  org.gradle.configuration.project.BuildScriptProcessor.execute(Lorg/gradle/api/internal/project/ProjectInternal;)V+88
j  org.gradle.configuration.project.BuildScriptProcessor.execute(Ljava/lang/Object;)V+5
j  org.gradle.configuration.project.ConfigureActionsProjectEvaluator.evaluate(Lorg/gradle/api/internal/project/ProjectInternal;Lorg/gradle/api/internal/project/ProjectStateInternal;)V+33
j  org.gradle.configuration.project.LifecycleProjectEvaluator$EvaluateProject.lambda$run$0(Lorg/gradle/internal/operations/BuildOperationContext;Lorg/gradle/api/internal/project/ProjectInternal;)V+67
j  org.gradle.configuration.project.LifecycleProjectEvaluator$EvaluateProject$$Lambda$1052+0x00007fd6c676bb38.accept(Ljava/lang/Object;)V+12
j  org.gradle.api.internal.project.DefaultProjectStateRegistry$ProjectStateImpl.lambda$applyToMutableState$1(Ljava/util/function/Consumer;Lorg/gradle/api/internal/project/ProjectInternal;)Ljava/lang/Object;+2
j  org.gradle.api.internal.project.DefaultProjectStateRegistry$ProjectStateImpl$$Lambda$1053+0x00007fd6c676bd70.apply(Ljava/lang/Object;)Ljava/lang/Object;+8
j  org.gradle.api.internal.project.DefaultProjectStateRegistry$ProjectStateImpl.lambda$fromMutableState$2(Ljava/util/function/Function;)Ljava/lang/Object;+5
j  org.gradle.api.internal.project.DefaultProjectStateRegistry$ProjectStateImpl$$Lambda$1054+0x00007fd6c676bfb8.create()Ljava/lang/Object;+8
j  org.gradle.internal.work.DefaultWorkerLeaseService.withReplacedLocks(Ljava/util/Collection;Lorg/gradle/internal/resources/ResourceLock;Lorg/gradle/internal/Factory;)Ljava/lang/Object;+40
j  org.gradle.api.internal.project.DefaultProjectStateRegistry$ProjectStateImpl.fromMutableState(Ljava/util/function/Function;)Ljava/lang/Object;+133
j  org.gradle.api.internal.project.DefaultProjectStateRegistry$ProjectStateImpl.applyToMutableState(Ljava/util/function/Consumer;)V+7
j  org.gradle.configuration.project.LifecycleProjectEvaluator$EvaluateProject.run(Lorg/gradle/internal/operations/BuildOperationContext;)V+16
J 7726 c1 org.gradle.internal.operations.DefaultBuildOperationRunner$1.execute(Lorg/gradle/internal/operations/BuildOperation;Lorg/gradle/internal/operations/BuildOperationContext;)V (10 bytes) @ 0x00007fd6ea092f44 [0x00007fd6ea092ce0+0x0000000000000264]
J 8861 c1 org.gradle.internal.operations.DefaultBuildOperationRunner$2.execute(Lorg/gradle/internal/operations/BuildOperationDescriptor;Lorg/gradle/internal/operations/BuildOperationState;Lorg/gradle/internal/operations/BuildOperationState;Lorg/gradle/internal/operations/DefaultBuildOperationRunner$ReadableBuildOperationContext;Lorg/gradle/internal/operations/DefaultBuildOperationRunner$BuildOperationExecutionListener;)Lorg/gradle/internal/operations/BuildOperation; (110 bytes) @ 0x00007fd6ea2df034 [0x00007fd6ea2dee40+0x00000000000001f4]
J 7475 c1 org.gradle.internal.operations.DefaultBuildOperationRunner$2.execute(Lorg/gradle/internal/operations/BuildOperationDescriptor;Lorg/gradle/internal/operations/BuildOperationState;Lorg/gradle/internal/operations/BuildOperationState;Lorg/gradle/internal/operations/DefaultBuildOperationRunner$ReadableBuildOperationContext;Lorg/gradle/internal/operations/DefaultBuildOperationRunner$BuildOperationExecutionListener;)Ljava/lang/Object; (12 bytes) @ 0x00007fd6ea022734 [0x00007fd6ea0226c0+0x0000000000000074]
J 10303 c1 org.gradle.internal.operations.DefaultBuildOperationRunner.execute(Lorg/gradle/internal/operations/BuildOperationDescriptor$Builder;Lorg/gradle/internal/operations/BuildOperationState;Lorg/gradle/internal/operations/DefaultBuildOperationRunner$BuildOperationExecution;)Ljava/lang/Object; (147 bytes) @ 0x00007fd6ea58c57c [0x00007fd6ea58bac0+0x0000000000000abc]
J 7383 c1 org.gradle.internal.operations.DefaultBuildOperationRunner.execute(Lorg/gradle/internal/operations/BuildOperation;Lorg/gradle/internal/operations/BuildOperationWorker;Lorg/gradle/internal/operations/BuildOperationState;)V (23 bytes) @ 0x00007fd6e9bb4a44 [0x00007fd6e9bb47e0+0x0000000000000264]
J 7725 c1 org.gradle.internal.operations.DefaultBuildOperationRunner.run(Lorg/gradle/internal/operations/RunnableBuildOperation;)V (13 bytes) @ 0x00007fd6ea0927d4 [0x00007fd6ea092400+0x00000000000003d4]
j  org.gradle.configuration.project.LifecycleProjectEvaluator.evaluate(Lorg/gradle/api/internal/project/ProjectInternal;Lorg/gradle/api/internal/project/ProjectStateInternal;)V+42
j  org.gradle.api.internal.project.DefaultProject.evaluateUnchecked()Lorg/gradle/api/internal/project/ProjectInternal;+20
j  org.gradle.api.internal.project.ProjectLifecycleController.lambda$ensureSelfConfigured$2()V+4
j  org.gradle.api.internal.project.ProjectLifecycleController$$Lambda$1050+0x00007fd6c676a0c8.run()V+4
j  org.gradle.internal.model.StateTransitionController.lambda$doTransition$14(Ljava/lang/Runnable;)Lorg/gradle/internal/build/ExecutionResult;+1
j  org.gradle.internal.model.StateTransitionController$$Lambda$295+0x00007fd6c634b420.get()Ljava/lang/Object;+4
j  org.gradle.internal.model.StateTransitionController.doTransition(Lorg/gradle/internal/model/StateTransitionController$State;Lorg/gradle/internal/model/StateTransitionController$State;Ljava/util/function/Supplier;)Lorg/gradle/internal/build/ExecutionResult;+24
j  org.gradle.internal.model.StateTransitionController.doTransition(Lorg/gradle/internal/model/StateTransitionController$State;Lorg/gradle/internal/model/StateTransitionController$State;Ljava/lang/Runnable;)V+9
j  org.gradle.internal.model.StateTransitionController.lambda$maybeTransitionIfNotCurrentlyTransitioning$10(Lorg/gradle/internal/model/StateTransitionController$State;Lorg/gradle/internal/model/StateTransitionController$State;Ljava/lang/Runnable;)V+16
j  org.gradle.internal.model.StateTransitionController$$Lambda$1051+0x00007fd6c676a2f0.run()V+16
j  org.gradle.internal.work.DefaultSynchronizer.withLock(Ljava/lang/Runnable;)V+6
j  org.gradle.internal.model.StateTransitionController.maybeTransitionIfNotCurrentlyTransitioning(Lorg/gradle/internal/model/StateTransitionController$State;Lorg/gradle/internal/model/StateTransitionController$State;Ljava/lang/Runnable;)V+13
j  org.gradle.api.internal.project.ProjectLifecycleController.ensureSelfConfigured()V+16
j  org.gradle.api.internal.project.DefaultProjectStateRegistry$ProjectStateImpl.ensureConfigured()V+19
j  org.gradle.execution.TaskPathProjectEvaluator.configure(Lorg/gradle/api/internal/project/ProjectInternal;)V+6
j  org.gradle.execution.TaskPathProjectEvaluator.configureHierarchy(Lorg/gradle/api/internal/project/ProjectInternal;)V+2
j  org.gradle.configuration.DefaultProjectsPreparer.prepareProjects(Lorg/gradle/api/internal/GradleInternal;)V+52
j  org.gradle.configuration.BuildTreePreparingProjectsPreparer.prepareProjects(Lorg/gradle/api/internal/GradleInternal;)V+114
j  org.gradle.configuration.BuildOperationFiringProjectsPreparer$ConfigureBuild.run(Lorg/gradle/internal/operations/BuildOperationContext;)V+11
J 7726 c1 org.gradle.internal.operations.DefaultBuildOperationRunner$1.execute(Lorg/gradle/internal/operations/BuildOperation;Lorg/gradle/internal/operations/BuildOperationContext;)V (10 bytes) @ 0x00007fd6ea092f44 [0x00007fd6ea092ce0+0x0000000000000264]
J 8861 c1 org.gradle.internal.operations.DefaultBuildOperationRunner$2.execute(Lorg/gradle/internal/operations/BuildOperationDescriptor;Lorg/gradle/internal/operations/BuildOperationState;Lorg/gradle/internal/operations/BuildOperationState;Lorg/gradle/internal/operations/DefaultBuildOperationRunner$ReadableBuildOperationContext;Lorg/gradle/internal/operations/DefaultBuildOperationRunner$BuildOperationExecutionListener;)Lorg/gradle/internal/operations/BuildOperation; (110 bytes) @ 0x00007fd6ea2df034 [0x00007fd6ea2dee40+0x00000000000001f4]
J 7475 c1 org.gradle.internal.operations.DefaultBuildOperationRunner$2.execute(Lorg/gradle/internal/operations/BuildOperationDescriptor;Lorg/gradle/internal/operations/BuildOperationState;Lorg/gradle/internal/operations/BuildOperationState;Lorg/gradle/internal/operations/DefaultBuildOperationRunner$ReadableBuildOperationContext;Lorg/gradle/internal/operations/DefaultBuildOperationRunner$BuildOperationExecutionListener;)Ljava/lang/Object; (12 bytes) @ 0x00007fd6ea022734 [0x00007fd6ea0226c0+0x0000000000000074]
J 10303 c1 org.gradle.internal.operations.DefaultBuildOperationRunner.execute(Lorg/gradle/internal/operations/BuildOperationDescriptor$Builder;Lorg/gradle/internal/operations/BuildOperationState;Lorg/gradle/internal/operations/DefaultBuildOperationRunner$BuildOperationExecution;)Ljava/lang/Object; (147 bytes) @ 0x00007fd6ea58c57c [0x00007fd6ea58bac0+0x0000000000000abc]
J 7383 c1 org.gradle.internal.operations.DefaultBuildOperationRunner.execute(Lorg/gradle/internal/operations/BuildOperation;Lorg/gradle/internal/operations/BuildOperationWorker;Lorg/gradle/internal/operations/BuildOperationState;)V (23 bytes) @ 0x00007fd6e9bb4a44 [0x00007fd6e9bb47e0+0x0000000000000264]
J 7725 c1 org.gradle.internal.operations.DefaultBuildOperationRunner.run(Lorg/gradle/internal/operations/RunnableBuildOperation;)V (13 bytes) @ 0x00007fd6ea0927d4 [0x00007fd6ea092400+0x00000000000003d4]
j  org.gradle.configuration.BuildOperationFiringProjectsPreparer.prepareProjects(Lorg/gradle/api/internal/GradleInternal;)V+13
j  org.gradle.initialization.VintageBuildModelController.lambda$prepareProjects$2()V+8
j  org.gradle.initialization.VintageBuildModelController$$Lambda$1006+0x00007fd6c6714228.run()V+4
j  org.gradle.internal.model.StateTransitionController.lambda$doTransition$14(Ljava/lang/Runnable;)Lorg/gradle/internal/build/ExecutionResult;+1
j  org.gradle.internal.model.StateTransitionController$$Lambda$295+0x00007fd6c634b420.get()Ljava/lang/Object;+4
j  org.gradle.internal.model.StateTransitionController.doTransition(Lorg/gradle/internal/model/StateTransitionController$State;Lorg/gradle/internal/model/StateTransitionController$State;Ljava/util/function/Supplier;)Lorg/gradle/internal/build/ExecutionResult;+24
j  org.gradle.internal.model.StateTransitionController.doTransition(Lorg/gradle/internal/model/StateTransitionController$State;Lorg/gradle/internal/model/StateTransitionController$State;Ljava/lang/Runnable;)V+9
j  org.gradle.internal.model.StateTransitionController.lambda$transitionIfNotPreviously$11(Lorg/gradle/internal/model/StateTransitionController$State;Lorg/gradle/internal/model/StateTransitionController$State;Ljava/lang/Runnable;)V+16
j  org.gradle.internal.model.StateTransitionController$$Lambda$297+0x00007fd6c634b870.run()V+16
j  org.gradle.internal.work.DefaultSynchronizer.withLock(Ljava/lang/Runnable;)V+6
j  org.gradle.internal.model.StateTransitionController.transitionIfNotPreviously(Lorg/gradle/internal/model/StateTransitionController$State;Lorg/gradle/internal/model/StateTransitionController$State;Ljava/lang/Runnable;)V+13
j  org.gradle.initialization.VintageBuildModelController.prepareProjects()V+16
j  org.gradle.initialization.VintageBuildModelController.getConfiguredModel()Lorg/gradle/api/internal/GradleInternal;+5
j  org.gradle.internal.build.DefaultBuildLifecycleController$$Lambda$1005+0x00007fd6c6714000.get()Ljava/lang/Object;+4
j  org.gradle.internal.model.StateTransitionController.lambda$notInState$3(Lorg/gradle/internal/model/StateTransitionController$State;Ljava/util/function/Supplier;)Ljava/lang/Object;+11
j  org.gradle.internal.model.StateTransitionController$$Lambda$667+0x00007fd6c656b648.create()Ljava/lang/Object;+12
j  org.gradle.internal.work.DefaultSynchronizer.withLock(Lorg/gradle/internal/Factory;)Ljava/lang/Object;+6
j  org.gradle.internal.model.StateTransitionController.notInState(Lorg/gradle/internal/model/StateTransitionController$State;Ljava/util/function/Supplier;)Ljava/lang/Object;+12
j  org.gradle.internal.build.DefaultBuildLifecycleController.configureProjects()V+21
j  org.gradle.internal.build.AbstractBuildState.ensureProjectsConfigured()V+4
j  org.gradle.composite.internal.AbstractCompositeParticipantBuildState.ensureChildBuildConfigured()V+1
j  org.gradle.composite.internal.AbstractCompositeParticipantBuildState.getAvailableModules()Ljava/util/Set;+8
j  org.gradle.composite.internal.IncludedBuildDependencySubstitutionsBuilder.build(Lorg/gradle/internal/build/IncludedBuildState;)V+45
j  org.gradle.composite.internal.IncludedBuildDependencySubstitutionsBuilder.registerSubstitutionsFor(Lorg/gradle/internal/build/CompositeBuildParticipantBuildState;)V+12
j  org.gradle.internal.buildtree.BuildInclusionCoordinator.lambda$registerSubstitutionsFor$1(Lorg/gradle/internal/build/CompositeBuildParticipantBuildState;)V+5
j  org.gradle.internal.buildtree.BuildInclusionCoordinator$$Lambda$2563+0x00007fd6c703c000.run()V+8
j  org.gradle.internal.buildtree.BuildInclusionCoordinator$BuildSynchronizer.lambda$withLock$0(Ljava/lang/Runnable;)V+14
j  org.gradle.internal.buildtree.BuildInclusionCoordinator$BuildSynchronizer$$Lambda$1004+0x00007fd6c6709d78.run()V+8
j  org.gradle.internal.work.DefaultSynchronizer.withLock(Ljava/lang/Runnable;)V+6
j  org.gradle.internal.buildtree.BuildInclusionCoordinator$BuildSynchronizer.withLock(Ljava/lang/Runnable;)V+11
j  org.gradle.internal.buildtree.BuildInclusionCoordinator.withLockForBuild(Lorg/gradle/internal/build/BuildState;Ljava/lang/Runnable;)V+20
j  org.gradle.internal.buildtree.BuildInclusionCoordinator.registerSubstitutionsFor(Lorg/gradle/internal/build/CompositeBuildParticipantBuildState;)V+9
j  org.gradle.internal.buildtree.BuildInclusionCoordinator.registerGlobalLibrarySubstitutions()V+31
j  org.gradle.internal.buildtree.BuildInclusionCoordinator.registerSubstitutionsAvailableFor(Lorg/gradle/internal/build/BuildState;)V+8
j  org.gradle.configuration.BuildTreePreparingProjectsPreparer.prepareProjects(Lorg/gradle/api/internal/GradleInternal;)V+99
j  org.gradle.configuration.BuildOperationFiringProjectsPreparer$ConfigureBuild.run(Lorg/gradle/internal/operations/BuildOperationContext;)V+11
J 7726 c1 org.gradle.internal.operations.DefaultBuildOperationRunner$1.execute(Lorg/gradle/internal/operations/BuildOperation;Lorg/gradle/internal/operations/BuildOperationContext;)V (10 bytes) @ 0x00007fd6ea092f44 [0x00007fd6ea092ce0+0x0000000000000264]
J 8861 c1 org.gradle.internal.operations.DefaultBuildOperationRunner$2.execute(Lorg/gradle/internal/operations/BuildOperationDescriptor;Lorg/gradle/internal/operations/BuildOperationState;Lorg/gradle/internal/operations/BuildOperationState;Lorg/gradle/internal/operations/DefaultBuildOperationRunner$ReadableBuildOperationContext;Lorg/gradle/internal/operations/DefaultBuildOperationRunner$BuildOperationExecutionListener;)Lorg/gradle/internal/operations/BuildOperation; (110 bytes) @ 0x00007fd6ea2df034 [0x00007fd6ea2dee40+0x00000000000001f4]
J 7475 c1 org.gradle.internal.operations.DefaultBuildOperationRunner$2.execute(Lorg/gradle/internal/operations/BuildOperationDescriptor;Lorg/gradle/internal/operations/BuildOperationState;Lorg/gradle/internal/operations/BuildOperationState;Lorg/gradle/internal/operations/DefaultBuildOperationRunner$ReadableBuildOperationContext;Lorg/gradle/internal/operations/DefaultBuildOperationRunner$BuildOperationExecutionListener;)Ljava/lang/Object; (12 bytes) @ 0x00007fd6ea022734 [0x00007fd6ea0226c0+0x0000000000000074]
J 10303 c1 org.gradle.internal.operations.DefaultBuildOperationRunner.execute(Lorg/gradle/internal/operations/BuildOperationDescriptor$Builder;Lorg/gradle/internal/operations/BuildOperationState;Lorg/gradle/internal/operations/DefaultBuildOperationRunner$BuildOperationExecution;)Ljava/lang/Object; (147 bytes) @ 0x00007fd6ea58c57c [0x00007fd6ea58bac0+0x0000000000000abc]
J 7383 c1 org.gradle.internal.operations.DefaultBuildOperationRunner.execute(Lorg/gradle/internal/operations/BuildOperation;Lorg/gradle/internal/operations/BuildOperationWorker;Lorg/gradle/internal/operations/BuildOperationState;)V (23 bytes) @ 0x00007fd6e9bb4a44 [0x00007fd6e9bb47e0+0x0000000000000264]
J 7725 c1 org.gradle.internal.operations.DefaultBuildOperationRunner.run(Lorg/gradle/internal/operations/RunnableBuildOperation;)V (13 bytes) @ 0x00007fd6ea0927d4 [0x00007fd6ea092400+0x00000000000003d4]
j  org.gradle.configuration.BuildOperationFiringProjectsPreparer.prepareProjects(Lorg/gradle/api/internal/GradleInternal;)V+13
j  org.gradle.initialization.VintageBuildModelController.lambda$prepareProjects$2()V+8
j  org.gradle.initialization.VintageBuildModelController$$Lambda$1006+0x00007fd6c6714228.run()V+4
j  org.gradle.internal.model.StateTransitionController.lambda$doTransition$14(Ljava/lang/Runnable;)Lorg/gradle/internal/build/ExecutionResult;+1
j  org.gradle.internal.model.StateTransitionController$$Lambda$295+0x00007fd6c634b420.get()Ljava/lang/Object;+4
j  org.gradle.internal.model.StateTransitionController.doTransition(Lorg/gradle/internal/model/StateTransitionController$State;Lorg/gradle/internal/model/StateTransitionController$State;Ljava/util/function/Supplier;)Lorg/gradle/internal/build/ExecutionResult;+24
j  org.gradle.internal.model.StateTransitionController.doTransition(Lorg/gradle/internal/model/StateTransitionController$State;Lorg/gradle/internal/model/StateTransitionController$State;Ljava/lang/Runnable;)V+9
j  org.gradle.internal.model.StateTransitionController.lambda$transitionIfNotPreviously$11(Lorg/gradle/internal/model/StateTransitionController$State;Lorg/gradle/internal/model/StateTransitionController$State;Ljava/lang/Runnable;)V+16
j  org.gradle.internal.model.StateTransitionController$$Lambda$297+0x00007fd6c634b870.run()V+16
j  org.gradle.internal.work.DefaultSynchronizer.withLock(Ljava/lang/Runnable;)V+6
j  org.gradle.internal.model.StateTransitionController.transitionIfNotPreviously(Lorg/gradle/internal/model/StateTransitionController$State;Lorg/gradle/internal/model/StateTransitionController$State;Ljava/lang/Runnable;)V+13
j  org.gradle.initialization.VintageBuildModelController.prepareProjects()V+16
j  org.gradle.initialization.VintageBuildModelController.prepareToScheduleTasks()V+5
j  org.gradle.internal.build.DefaultBuildLifecycleController.lambda$prepareToScheduleTasks$6()V+9
j  org.gradle.internal.build.DefaultBuildLifecycleController$$Lambda$293+0x00007fd6c634afd0.run()V+4
j  org.gradle.internal.model.StateTransitionController.lambda$doTransition$14(Ljava/lang/Runnable;)Lorg/gradle/internal/build/ExecutionResult;+1
j  org.gradle.internal.model.StateTransitionController$$Lambda$295+0x00007fd6c634b420.get()Ljava/lang/Object;+4
j  org.gradle.internal.model.StateTransitionController.doTransition(Lorg/gradle/internal/model/StateTransitionController$State;Lorg/gradle/internal/model/StateTransitionController$State;Ljava/util/function/Supplier;)Lorg/gradle/internal/build/ExecutionResult;+24
j  org.gradle.internal.model.StateTransitionController.doTransition(Lorg/gradle/internal/model/StateTransitionController$State;Lorg/gradle/internal/model/StateTransitionController$State;Ljava/lang/Runnable;)V+9
j  org.gradle.internal.model.StateTransitionController.lambda$maybeTransition$9(Lorg/gradle/internal/model/StateTransitionController$State;Lorg/gradle/internal/model/StateTransitionController$State;Ljava/lang/Runnable;)V+16
j  org.gradle.internal.model.StateTransitionController$$Lambda$294+0x00007fd6c634b1f8.run()V+16
j  org.gradle.internal.work.DefaultSynchronizer.withLock(Ljava/lang/Runnable;)V+6
j  org.gradle.internal.model.StateTransitionController.maybeTransition(Lorg/gradle/internal/model/StateTransitionController$State;Lorg/gradle/internal/model/StateTransitionController$State;Ljava/lang/Runnable;)V+13
j  org.gradle.internal.build.DefaultBuildLifecycleController.prepareToScheduleTasks()V+16
j  org.gradle.internal.buildtree.DefaultBuildTreeWorkPreparer.scheduleRequestedTasks(Lorg/gradle/internal/buildtree/BuildTreeWorkGraph;Lorg/gradle/execution/EntryTaskSelector;)Lorg/gradle/internal/buildtree/BuildTreeWorkGraph$FinalizedGraph;+4
j  org.gradle.internal.cc.impl.VintageBuildTreeWorkController$scheduleAndRunRequestedTasks$1.apply(Lorg/gradle/internal/buildtree/BuildTreeWorkGraph;)Lorg/gradle/internal/build/ExecutionResult;+18
j  org.gradle.internal.cc.impl.VintageBuildTreeWorkController$scheduleAndRunRequestedTasks$1.apply(Ljava/lang/Object;)Ljava/lang/Object;+5
j  org.gradle.composite.internal.DefaultIncludedBuildTaskGraph.withNewWorkGraph(Ljava/util/function/Function;)Ljava/lang/Object;+30
j  org.gradle.internal.cc.impl.VintageBuildTreeWorkController.scheduleAndRunRequestedTasks(Lorg/gradle/execution/EntryTaskSelector;)Lorg/gradle/internal/build/ExecutionResult;+16
j  org.gradle.internal.buildtree.DefaultBuildTreeLifecycleController.lambda$scheduleAndRunTasks$1(Lorg/gradle/execution/EntryTaskSelector;)Lorg/gradle/internal/build/ExecutionResult;+5
j  org.gradle.internal.buildtree.DefaultBuildTreeLifecycleController$$Lambda$288+0x00007fd6c634a130.get()Ljava/lang/Object;+8
j  org.gradle.internal.buildtree.DefaultBuildTreeLifecycleController.lambda$runBuild$4(Ljava/util/function/Supplier;)Ljava/lang/Object;+1
j  org.gradle.internal.buildtree.DefaultBuildTreeLifecycleController$$Lambda$289+0x00007fd6c634a358.get()Ljava/lang/Object;+8
j  org.gradle.internal.model.StateTransitionController.lambda$transition$6(Ljava/util/function/Supplier;)Lorg/gradle/internal/build/ExecutionResult;+1
j  org.gradle.internal.model.StateTransitionController$$Lambda$291+0x00007fd6c634a7a8.get()Ljava/lang/Object;+4
j  org.gradle.internal.model.StateTransitionController.doTransition(Lorg/gradle/internal/model/StateTransitionController$State;Lorg/gradle/internal/model/StateTransitionController$State;Ljava/util/function/Supplier;)Lorg/gradle/internal/build/ExecutionResult;+24
j  org.gradle.internal.model.StateTransitionController.lambda$transition$7(Lorg/gradle/internal/model/StateTransitionController$State;Lorg/gradle/internal/model/StateTransitionController$State;Ljava/util/function/Supplier;)Ljava/lang/Object;+9
j  org.gradle.internal.model.StateTransitionController$$Lambda$290+0x00007fd6c634a580.create()Ljava/lang/Object;+16
j  org.gradle.internal.work.DefaultSynchronizer.withLock(Lorg/gradle/internal/Factory;)Ljava/lang/Object;+6
j  org.gradle.internal.model.StateTransitionController.transition(Lorg/gradle/internal/model/StateTransitionController$State;Lorg/gradle/internal/model/StateTransitionController$State;Ljava/util/function/Supplier;)Ljava/lang/Object;+13
j  org.gradle.internal.buildtree.DefaultBuildTreeLifecycleController.runBuild(Ljava/util/function/Supplier;)Ljava/lang/Object;+17
j  org.gradle.internal.buildtree.DefaultBuildTreeLifecycleController.scheduleAndRunTasks(Lorg/gradle/execution/EntryTaskSelector;)V+8
j  org.gradle.internal.buildtree.DefaultBuildTreeLifecycleController.scheduleAndRunTasks()V+2
j  org.gradle.tooling.internal.provider.ExecuteBuildActionRunner.run(Lorg/gradle/internal/invocation/BuildAction;Lorg/gradle/internal/buildtree/BuildTreeLifecycleController;)Lorg/gradle/internal/buildtree/BuildActionRunner$Result;+12
j  org.gradle.launcher.exec.ChainingBuildActionRunner.run(Lorg/gradle/internal/invocation/BuildAction;Lorg/gradle/internal/buildtree/BuildTreeLifecycleController;)Lorg/gradle/internal/buildtree/BuildActionRunner$Result;+34
j  org.gradle.internal.buildtree.ProblemReportingBuildActionRunner.run(Lorg/gradle/internal/invocation/BuildAction;Lorg/gradle/internal/buildtree/BuildTreeLifecycleController;)Lorg/gradle/internal/buildtree/BuildActionRunner$Result;+12
j  org.gradle.launcher.exec.BuildOutcomeReportingBuildActionRunner.run(Lorg/gradle/internal/invocation/BuildAction;Lorg/gradle/internal/buildtree/BuildTreeLifecycleController;)Lorg/gradle/internal/buildtree/BuildActionRunner$Result;+69
j  org.gradle.tooling.internal.provider.FileSystemWatchingBuildActionRunner.run(Lorg/gradle/internal/invocation/BuildAction;Lorg/gradle/internal/buildtree/BuildTreeLifecycleController;)Lorg/gradle/internal/buildtree/BuildActionRunner$Result;+317
j  org.gradle.launcher.exec.BuildCompletionNotifyingBuildActionRunner.run(Lorg/gradle/internal/invocation/BuildAction;Lorg/gradle/internal/buildtree/BuildTreeLifecycleController;)Lorg/gradle/internal/buildtree/BuildActionRunner$Result;+6
j  org.gradle.launcher.exec.RootBuildLifecycleBuildActionExecutor.lambda$execute$0(Lorg/gradle/internal/invocation/BuildAction;Lorg/gradle/internal/buildtree/BuildTreeLifecycleController;)Lorg/gradle/internal/buildtree/BuildActionRunner$Result;+6
j  org.gradle.launcher.exec.RootBuildLifecycleBuildActionExecutor$$Lambda$281+0x00007fd6c633b998.apply(Ljava/lang/Object;)Ljava/lang/Object;+12
j  org.gradle.composite.internal.DefaultRootBuildState.run(Ljava/util/function/Function;)Ljava/lang/Object;+87
j  org.gradle.launcher.exec.RootBuildLifecycleBuildActionExecutor.execute(Lorg/gradle/internal/invocation/BuildAction;Lorg/gradle/internal/buildtree/BuildTreeContext;)Lorg/gradle/internal/buildtree/BuildActionRunner$Result;+75
j  org.gradle.internal.buildtree.InitDeprecationLoggingActionExecutor.execute(Lorg/gradle/internal/invocation/BuildAction;Lorg/gradle/internal/buildtree/BuildTreeContext;)Lorg/gradle/internal/buildtree/BuildActionRunner$Result;+83
j  org.gradle.internal.buildtree.InitProblems.execute(Lorg/gradle/internal/invocation/BuildAction;Lorg/gradle/internal/buildtree/BuildTreeContext;)Lorg/gradle/internal/buildtree/BuildActionRunner$Result;+13
j  org.gradle.internal.buildtree.DefaultBuildTreeContext.execute(Lorg/gradle/internal/invocation/BuildAction;)Lorg/gradle/internal/buildtree/BuildActionRunner$Result;+64
j  org.gradle.launcher.exec.BuildTreeLifecycleBuildActionExecutor.lambda$execute$0(Lorg/gradle/internal/invocation/BuildAction;Lorg/gradle/internal/buildtree/BuildTreeContext;)Lorg/gradle/internal/buildtree/BuildActionRunner$Result;+2
j  org.gradle.launcher.exec.BuildTreeLifecycleBuildActionExecutor$$Lambda$211+0x00007fd6c6276a80.apply(Ljava/lang/Object;)Ljava/lang/Object;+8
j  org.gradle.internal.buildtree.BuildTreeState.run(Ljava/util/function/Function;)Ljava/lang/Object;+47
j  org.gradle.launcher.exec.BuildTreeLifecycleBuildActionExecutor.execute(Lorg/gradle/internal/invocation/BuildAction;Lorg/gradle/internal/session/BuildSessionContext;)Lorg/gradle/internal/buildtree/BuildActionRunner$Result;+74
j  org.gradle.launcher.exec.RunAsBuildOperationBuildActionExecutor$2.call(Lorg/gradle/internal/operations/BuildOperationContext;)Lorg/gradle/internal/buildtree/BuildActionRunner$Result;+25
j  org.gradle.launcher.exec.RunAsBuildOperationBuildActionExecutor$2.call(Lorg/gradle/internal/operations/BuildOperationContext;)Ljava/lang/Object;+2
j  org.gradle.internal.operations.DefaultBuildOperationRunner$CallableBuildOperationWorker.execute(Lorg/gradle/internal/operations/CallableBuildOperation;Lorg/gradle/internal/operations/BuildOperationContext;)V+3
j  org.gradle.internal.operations.DefaultBuildOperationRunner$CallableBuildOperationWorker.execute(Lorg/gradle/internal/operations/BuildOperation;Lorg/gradle/internal/operations/BuildOperationContext;)V+6
j  org.gradle.internal.operations.DefaultBuildOperationRunner$2.execute(Lorg/gradle/internal/operations/BuildOperationDescriptor;Lorg/gradle/internal/operations/BuildOperationState;Lorg/gradle/internal/operations/BuildOperationState;Lorg/gradle/internal/operations/DefaultBuildOperationRunner$ReadableBuildOperationContext;Lorg/gradle/internal/operations/DefaultBuildOperationRunner$BuildOperationExecutionListener;)Lorg/gradle/internal/operations/BuildOperation;+22
j  org.gradle.internal.operations.DefaultBuildOperationRunner$2.execute(Lorg/gradle/internal/operations/BuildOperationDescriptor;Lorg/gradle/internal/operations/BuildOperationState;Lorg/gradle/internal/operations/BuildOperationState;Lorg/gradle/internal/operations/DefaultBuildOperationRunner$ReadableBuildOperationContext;Lorg/gradle/internal/operations/DefaultBuildOperationRunner$BuildOperationExecutionListener;)Ljava/lang/Object;+8
j  org.gradle.internal.operations.DefaultBuildOperationRunner.execute(Lorg/gradle/internal/operations/BuildOperationDescriptor$Builder;Lorg/gradle/internal/operations/BuildOperationState;Lorg/gradle/internal/operations/DefaultBuildOperationRunner$BuildOperationExecution;)Ljava/lang/Object;+141
j  org.gradle.internal.operations.DefaultBuildOperationRunner.execute(Lorg/gradle/internal/operations/BuildOperation;Lorg/gradle/internal/operations/BuildOperationWorker;Lorg/gradle/internal/operations/BuildOperationState;)V+18
j  org.gradle.internal.operations.DefaultBuildOperationRunner.call(Lorg/gradle/internal/operations/CallableBuildOperation;)Ljava/lang/Object;+16
j  org.gradle.launcher.exec.RunAsBuildOperationBuildActionExecutor.execute(Lorg/gradle/internal/invocation/BuildAction;Lorg/gradle/internal/session/BuildSessionContext;)Lorg/gradle/internal/buildtree/BuildActionRunner$Result;+23
j  org.gradle.launcher.exec.RunAsWorkerThreadBuildActionExecutor.lambda$execute$0(Lorg/gradle/internal/invocation/BuildAction;Lorg/gradle/internal/session/BuildSessionContext;)Lorg/gradle/internal/buildtree/BuildActionRunner$Result;+6
j  org.gradle.launcher.exec.RunAsWorkerThreadBuildActionExecutor$$Lambda$205+0x00007fd6c6246400.create()Ljava/lang/Object;+12
j  org.gradle.internal.work.DefaultWorkerLeaseService.withLocks(Ljava/util/Collection;Lorg/gradle/internal/Factory;)Ljava/lang/Object;+28
j  org.gradle.internal.work.DefaultWorkerLeaseService.runAsWorkerThread(Lorg/gradle/internal/Factory;)Ljava/lang/Object;+33
j  org.gradle.launcher.exec.RunAsWorkerThreadBuildActionExecutor.execute(Lorg/gradle/internal/invocation/BuildAction;Lorg/gradle/internal/session/BuildSessionContext;)Lorg/gradle/internal/buildtree/BuildActionRunner$Result;+12
j  org.gradle.tooling.internal.provider.continuous.ContinuousBuildActionExecutor.execute(Lorg/gradle/internal/invocation/BuildAction;Lorg/gradle/internal/session/BuildSessionContext;)Lorg/gradle/internal/buildtree/BuildActionRunner$Result;+58
j  org.gradle.tooling.internal.provider.SubscribableBuildActionExecutor.execute(Lorg/gradle/internal/invocation/BuildAction;Lorg/gradle/internal/session/BuildSessionContext;)Lorg/gradle/internal/buildtree/BuildActionRunner$Result;+30
j  org.gradle.internal.session.DefaultBuildSessionContext.execute(Lorg/gradle/internal/invocation/BuildAction;)Lorg/gradle/internal/buildtree/BuildActionRunner$Result;+64
j  org.gradle.internal.buildprocess.execution.BuildSessionLifecycleBuildActionExecutor$ActionImpl.apply(Lorg/gradle/internal/session/BuildSessionContext;)Lorg/gradle/launcher/exec/BuildActionResult;+6
j  org.gradle.internal.buildprocess.execution.BuildSessionLifecycleBuildActionExecutor$ActionImpl.apply(Ljava/lang/Object;)Ljava/lang/Object;+5
j  org.gradle.internal.session.BuildSessionState.run(Ljava/util/function/Function;)Ljava/lang/Object;+5
j  org.gradle.internal.buildprocess.execution.BuildSessionLifecycleBuildActionExecutor.execute(Lorg/gradle/internal/invocation/BuildAction;Lorg/gradle/launcher/exec/BuildActionParameters;Lorg/gradle/initialization/BuildRequestContext;)Lorg/gradle/launcher/exec/BuildActionResult;+95
j  org.gradle.internal.buildprocess.execution.BuildSessionLifecycleBuildActionExecutor.execute(Lorg/gradle/internal/invocation/BuildAction;Ljava/lang/Object;Ljava/lang/Object;)Lorg/gradle/launcher/exec/BuildActionResult;+10
j  org.gradle.internal.buildprocess.execution.StartParamsValidatingActionExecutor.execute(Lorg/gradle/internal/invocation/BuildAction;Lorg/gradle/launcher/exec/BuildActionParameters;Lorg/gradle/initialization/BuildRequestContext;)Lorg/gradle/launcher/exec/BuildActionResult;+203
j  org.gradle.internal.buildprocess.execution.StartParamsValidatingActionExecutor.execute(Lorg/gradle/internal/invocation/BuildAction;Ljava/lang/Object;Ljava/lang/Object;)Lorg/gradle/launcher/exec/BuildActionResult;+10
j  org.gradle.internal.buildprocess.execution.SessionFailureReportingActionExecutor.execute(Lorg/gradle/internal/invocation/BuildAction;Lorg/gradle/launcher/exec/BuildActionParameters;Lorg/gradle/initialization/BuildRequestContext;)Lorg/gradle/launcher/exec/BuildActionResult;+7
j  org.gradle.internal.buildprocess.execution.SessionFailureReportingActionExecutor.execute(Lorg/gradle/internal/invocation/BuildAction;Ljava/lang/Object;Ljava/lang/Object;)Lorg/gradle/launcher/exec/BuildActionResult;+10
j  org.gradle.internal.buildprocess.execution.SetupLoggingActionExecutor.execute(Lorg/gradle/internal/invocation/BuildAction;Lorg/gradle/launcher/exec/BuildActionParameters;Lorg/gradle/initialization/BuildRequestContext;)Lorg/gradle/launcher/exec/BuildActionResult;+50
j  org.gradle.internal.buildprocess.execution.SetupLoggingActionExecutor.execute(Lorg/gradle/internal/invocation/BuildAction;Ljava/lang/Object;Ljava/lang/Object;)Lorg/gradle/launcher/exec/BuildActionResult;+10
j  org.gradle.launcher.daemon.server.exec.ExecuteBuild.doBuild(Lorg/gradle/launcher/daemon/server/api/DaemonCommandExecution;Lorg/gradle/launcher/daemon/protocol/Build;)V+147
j  org.gradle.launcher.daemon.server.exec.BuildCommandOnly.execute(Lorg/gradle/launcher/daemon/server/api/DaemonCommandExecution;)V+49
j  org.gradle.launcher.daemon.server.api.DaemonCommandExecution.proceed()Z+23
j  org.gradle.launcher.daemon.server.exec.WatchForDisconnection.execute(Lorg/gradle/launcher/daemon/server/api/DaemonCommandExecution;)V+19
j  org.gradle.launcher.daemon.server.api.DaemonCommandExecution.proceed()Z+23
j  org.gradle.launcher.daemon.server.exec.ResetDeprecationLogger.execute(Lorg/gradle/launcher/daemon/server/api/DaemonCommandExecution;)V+7
j  org.gradle.launcher.daemon.server.api.DaemonCommandExecution.proceed()Z+23
j  org.gradle.launcher.daemon.server.exec.RequestStopIfSingleUsedDaemon.execute(Lorg/gradle/launcher/daemon/server/api/DaemonCommandExecution;)V+33
j  org.gradle.launcher.daemon.server.api.DaemonCommandExecution.proceed()Z+23
j  org.gradle.launcher.daemon.server.exec.ForwardClientInput.lambda$execute$0(Lorg/gradle/launcher/daemon/server/api/DaemonCommandExecution;Lorg/gradle/internal/daemon/clientinput/StdinHandler;)Ljava/lang/Object;+11
j  org.gradle.launcher.daemon.server.exec.ForwardClientInput$$Lambda$110+0x00007fd6c6131aa0.apply(Ljava/lang/Object;)Ljava/lang/Object;+8
j  org.gradle.internal.daemon.clientinput.ClientInputForwarder.forwardInput(Ljava/util/function/Function;)Ljava/lang/Object;+46
j  org.gradle.launcher.daemon.server.exec.ForwardClientInput.execute(Lorg/gradle/launcher/daemon/server/api/DaemonCommandExecution;)V+10
j  org.gradle.launcher.daemon.server.api.DaemonCommandExecution.proceed()Z+23
j  org.gradle.launcher.daemon.server.exec.LogAndCheckHealth.execute(Lorg/gradle/launcher/daemon/server/api/DaemonCommandExecution;)V+8
j  org.gradle.launcher.daemon.server.api.DaemonCommandExecution.proceed()Z+23
j  org.gradle.launcher.daemon.server.exec.LogToClient.doBuild(Lorg/gradle/launcher/daemon/server/api/DaemonCommandExecution;Lorg/gradle/launcher/daemon/protocol/Build;)V+87
j  org.gradle.launcher.daemon.server.exec.BuildCommandOnly.execute(Lorg/gradle/launcher/daemon/server/api/DaemonCommandExecution;)V+49
j  org.gradle.launcher.daemon.server.api.DaemonCommandExecution.proceed()Z+23
j  org.gradle.launcher.daemon.server.exec.EstablishBuildEnvironment.doBuild(Lorg/gradle/launcher/daemon/server/api/DaemonCommandExecution;Lorg/gradle/launcher/daemon/protocol/Build;)V+356
j  org.gradle.launcher.daemon.server.exec.BuildCommandOnly.execute(Lorg/gradle/launcher/daemon/server/api/DaemonCommandExecution;)V+49
j  org.gradle.launcher.daemon.server.api.DaemonCommandExecution.proceed()Z+23
j  org.gradle.launcher.daemon.server.exec.StartBuildOrRespondWithBusy$1.run()V+44
j  org.gradle.launcher.daemon.server.DaemonStateCoordinator.lambda$runCommand$0(Ljava/lang/Runnable;)V+1
j  org.gradle.launcher.daemon.server.DaemonStateCoordinator$$Lambda$109+0x00007fd6c61308c8.run()V+8
j  org.gradle.internal.concurrent.ExecutorPolicy$CatchAndRecordFailures.onExecute(Ljava/lang/Runnable;)V+1
j  org.gradle.internal.concurrent.AbstractManagedExecutor$1.run()V+25
j  java.util.concurrent.ThreadPoolExecutor.runWorker(Ljava/util/concurrent/ThreadPoolExecutor$Worker;)V+92 java.base@17.0.20
j  java.util.concurrent.ThreadPoolExecutor$Worker.run()V+5 java.base@17.0.20
j  java.lang.Thread.run()V+11 java.base@17.0.20
v  ~StubRoutines::call_stub

Compiled method (n/a) 153120  690     n 0       java.lang.ClassLoader::defineClass1 (native)
 total in heap  [0x00007fd6f1010310,0x00007fd6f1010718] = 1032
 relocation     [0x00007fd6f1010470,0x00007fd6f10104a0] = 48
 main code      [0x00007fd6f10104a0,0x00007fd6f1010718] = 632

[Constant Pool (empty)]

[MachCode]
[Entry Point]
  # {method} {0x00007fd6c5011198} 'defineClass1' '(Ljava/lang/ClassLoader;Ljava/lang/String;[BIILjava/security/ProtectionDomain;Ljava/lang/String;)Ljava/lang/Class;' in 'java/lang/ClassLoader'
  # parm0:    rsi:rsi   = 'java/lang/ClassLoader'
  # parm1:    rdx:rdx   = 'java/lang/String'
  # parm2:    rcx:rcx   = '[B'
  # parm3:    r8        = int
  # parm4:    r9        = int
  # parm5:    rdi:rdi   = 'java/security/ProtectionDomain'
  # parm6:    [sp+0x70]   = 'java/lang/String'  (sp of caller)
  0x00007fd6f10104a0: 448b 5608 | 49bb 0000 | 00c5 d67f | 0000 4d03 | d349 3bc2 | 0f84 0600 

  0x00007fd6f10104b8: ;   {runtime_call ic_miss_stub}
  0x00007fd6f10104b8: 0000 e9c1 | 9ca8 ff90 
[Verified Entry Point]
  0x00007fd6f10104c0: 8984 2400 | c0fe ff55 | 488b ec48 | 83ec 6048 | 817d 1000 | 0000 0048 | 8d45 1048 | 0f44 4510 
  0x00007fd6f10104e0: 4889 4424 | 1048 897c | 2440 4883 | ff00 488d | 4424 4048 | 0f44 4424 | 4048 8944 | 2408 4c89 
  0x00007fd6f1010500: 0c24 4d8b | c848 894c | 2428 4883 | f900 4c8d | 4424 284c | 0f44 4424 | 2848 8954 | 2420 4883 
  0x00007fd6f1010520: fa00 488d | 4c24 2048 | 0f44 4c24 | 2048 8974 | 2418 4883 | fe00 488d | 5424 1848 | 0f44 5424 
  0x00007fd6f1010540: ;   {oop(a 'java/lang/Class'{0x000000008112bd18} = 'java/lang/ClassLoader')}
  0x00007fd6f1010540: 1849 be18 | bd12 8100 | 0000 004c | 8974 2448 | 4c8d 7424 | 4849 8bf6 

  0x00007fd6f1010558: ;   {internal_word}
  0x00007fd6f1010558: c5f8 7749 | ba58 0501 | f1d6 7f00 | 004d 8997 | 9802 0000 | 4989 a790 

  0x00007fd6f1010570: ;   {external_word}
  0x00007fd6f1010570: 0200 0080 | 3dab fcaa | 1700 0f84 | 3e00 0000 | 5652 5141 

  0x00007fd6f1010584: ;   {metadata({method} {0x00007fd6c5011198} 'defineClass1' '(Ljava/lang/ClassLoader;Ljava/lang/String;[BIILjava/security/ProtectionDomain;Ljava/lang/String;)Ljava/lang/Class;' in 'java/lang/ClassLoader')}
  0x00007fd6f1010584: 5041 5148 | be98 1101 | c5d6 7f00 | 0049 8bff | f7c4 0f00 | 0000 0f84 | 1200 0000 | 4883 ec08 
  0x00007fd6f10105a4: ;   {runtime_call SharedRuntime::dtrace_method_entry(JavaThread*, Method*)}
  0x00007fd6f10105a4: e8f7 d346 | 1748 83c4 | 08e9 0500 

  0x00007fd6f10105b0: ;   {runtime_call SharedRuntime::dtrace_method_entry(JavaThread*, Method*)}
  0x00007fd6f10105b0: 0000 e8e9 | d346 1741 | 5941 5859 | 5a5e 498d | bfb0 0200 | 0041 c787 | 3803 0000 | 0400 0000 
  0x00007fd6f10105d0: ;   {runtime_call Java_java_lang_ClassLoader_defineClass1}
  0x00007fd6f10105d0: e83b 0e34 | 16c5 f877 | 41c7 8738 | 0300 0005 | 0000 00f0 | 8344 24c0 | 0049 3baf | 4003 0000 
  0x00007fd6f10105f0: 0f87 1100 | 0000 4181 | bf28 0300 | 0000 0000 | 000f 8424 | 0000 00c5 | f877 4889 | 45f8 498b 
  0x00007fd6f1010610: ff4c 8be4 | 4883 ec00 | 4883 e4f0 

  0x00007fd6f101061c: ;   {runtime_call JavaThread::check_special_condition_for_native_trans(JavaThread*)}
  0x00007fd6f101061c: e8ef e262 | 1749 8be4 | 4d33 e448 | 8b45 f841 | c787 3803 | 0000 0800 | 0000 4181 | bfa8 0300 
  0x00007fd6f101063c: 0002 0000 | 000f 84a6 

  0x00007fd6f1010644: ;   {external_word}
  0x00007fd6f1010644: 0000 0080 | 3dd7 fbaa | 1700 0f84 | 3800 0000 | 4889 45f8 

  0x00007fd6f1010658: ;   {metadata({method} {0x00007fd6c5011198} 'defineClass1' '(Ljava/lang/ClassLoader;Ljava/lang/String;[BIILjava/security/ProtectionDomain;Ljava/lang/String;)Ljava/lang/Class;' in 'java/lang/ClassLoader')}
  0x00007fd6f1010658: 48be 9811 | 01c5 d67f | 0000 498b | fff7 c40f | 0000 000f | 8412 0000 | 0048 83ec 

  0x00007fd6f1010674: ;   {runtime_call SharedRuntime::dtrace_method_exit(JavaThread*, Method*)}
  0x00007fd6f1010674: 08e8 d6d3 | 4617 4883 | c408 e905 

  0x00007fd6f1010680: ;   {runtime_call SharedRuntime::dtrace_method_exit(JavaThread*, Method*)}
  0x00007fd6f1010680: 0000 00e8 | c8d3 4617 | 488b 45f8 | 49c7 8790 | 0200 0000 | 0000 0049 | c787 9802 | 0000 0000 
  0x00007fd6f10106a0: 0000 c5f8 | 7748 85c0 | 0f84 1900 | 0000 48f7 | c001 0000 | 000f 8409 | 0000 0048 | 8b40 ffe9 
  0x00007fd6f10106c0: 0300 0000 | 488b 0049 | 8b8f d800 | 0000 c781 | 0001 0000 | 0000 0000 | c949 817f | 0800 0000 
  0x00007fd6f10106e0: 000f 8501 | 0000 00c3 

  0x00007fd6f10106e8: ;   {runtime_call StubRoutines (1)}
  0x00007fd6f10106e8: e913 95a3 | ffc5 f877 | 4889 45f8 | 4c8b e448 | 83ec 0048 

  0x00007fd6f10106fc: ;   {runtime_call SharedRuntime::reguard_yellow_pages()}
  0x00007fd6f10106fc: 83e4 f0e8 | fce1 4617 | 498b e44d | 33e4 488b | 45f8 e934 | ffff fff4 | f4f4 f4f4 
[/MachCode]


Compiled method (c1) 153123 23665       3       java.lang.ClassLoader::defineClass (43 bytes)
 total in heap  [0x00007fd6eab33f90,0x00007fd6eab348a0] = 2320
 relocation     [0x00007fd6eab340f0,0x00007fd6eab34180] = 144
 main code      [0x00007fd6eab34180,0x00007fd6eab34600] = 1152
 stub code      [0x00007fd6eab34600,0x00007fd6eab34670] = 112
 metadata       [0x00007fd6eab34670,0x00007fd6eab346a0] = 48
 scopes data    [0x00007fd6eab346a0,0x00007fd6eab34790] = 240
 scopes pcs     [0x00007fd6eab34790,0x00007fd6eab34870] = 224
 dependencies   [0x00007fd6eab34870,0x00007fd6eab34878] = 8
 nul chk table  [0x00007fd6eab34878,0x00007fd6eab348a0] = 40

[Constant Pool (empty)]

[MachCode]
[Entry Point]
  # {method} {0x00007fd6c5010f30} 'defineClass' '(Ljava/lang/String;[BIILjava/security/ProtectionDomain;)Ljava/lang/Class;' in 'java/lang/ClassLoader'
  # this:     rsi:rsi   = 'java/lang/ClassLoader'
  # parm0:    rdx:rdx   = 'java/lang/String'
  # parm1:    rcx:rcx   = '[B'
  # parm2:    r8        = int
  # parm3:    r9        = int
  # parm4:    rdi:rdi   = 'java/security/ProtectionDomain'
  #           [sp+0xc0]  (sp of caller)
  0x00007fd6eab34180: 448b 5608 | 49bb 0000 | 00c5 d67f | 0000 4d03 | d34c 3bd0 

  0x00007fd6eab34194: ;   {runtime_call ic_miss_stub}
  0x00007fd6eab34194: 0f85 e65f | f605 660f | 1f44 0000 
[Verified Entry Point]
  0x00007fd6eab341a0: 8984 2400 | c0fe ff55 | 4881 ecb0 | 0000 0048 | 8974 2478 

  0x00007fd6eab341b4: ;   {metadata(method data for {method} {0x00007fd6c5010f30} 'defineClass' '(Ljava/lang/String;[BIILjava/security/ProtectionDomain;)Ljava/lang/Class;' in 'java/lang/ClassLoader')}
  0x00007fd6eab341b4: 48bb a8a3 | 13c1 d67f | 0000 8b83 | f400 0000 | 83c0 0289 | 83f4 0000 | 0081 e0fe | 0700 0083 
  0x00007fd6eab341d4: f800 0f84 | 3e03 0000 | 4489 8c24 | 9400 0000 | 4489 8424 | 9000 0000 | 4889 8c24 | 8800 0000 
  0x00007fd6eab341f4: ;   {metadata(method data for {method} {0x00007fd6c5010f30} 'defineClass' '(Ljava/lang/String;[BIILjava/security/ProtectionDomain;)Ljava/lang/Class;' in 'java/lang/ClassLoader')}
  0x00007fd6eab341f4: 488b de48 | b8a8 a313 | c1d6 7f00 | 0048 8380 | 3801 0000 | 0148 8bda | 488b d348 | 8bcf 488b 
  0x00007fd6eab34214: fe48 8bf7 | 4889 9c24 | 8000 0000 | 0f1f 8000 

  0x00007fd6eab34224: ;   {optimized virtual_call}
  0x00007fd6eab34224: 0000 00e8 

  0x00007fd6eab34228: ; ImmutableOopMap {[120]=Oop [136]=Oop [128]=Oop }
                      ;*invokevirtual preDefineClass {reexecute=0 rethrow=0 return_oop=0}
                      ; - java.lang.ClassLoader::defineClass@4 (line 1015)
  0x00007fd6eab34228: f4ec a600 | 4889 8424 | 9800 0000 | 488b 7424 

  0x00007fd6eab34238: ;   {metadata(method data for {method} {0x00007fd6c5010f30} 'defineClass' '(Ljava/lang/String;[BIILjava/security/ProtectionDomain;)Ljava/lang/Class;' in 'java/lang/ClassLoader')}
  0x00007fd6eab34238: 7848 baa8 | a313 c1d6 | 7f00 0048 | 8382 7001 

  0x00007fd6eab34248: ;   {metadata(method data for {method} {0x00007fd6c5011140} 'defineClassSourceLocation' '(Ljava/security/ProtectionDomain;)Ljava/lang/String;' in 'java/lang/ClassLoader')}
  0x00007fd6eab34248: 0000 0148 | ba88 c013 | c1d6 7f00 | 008b b2f4 | 0000 0083 | c602 89b2 | f400 0000 | 81e6 feff 
  0x00007fd6eab34268: 1f00 83fe | 000f 84c8 | 0200 0048 | 3b00 488b 

  0x00007fd6eab34278: ;   {metadata(method data for {method} {0x00007fd6c5011140} 'defineClassSourceLocation' '(Ljava/security/ProtectionDomain;)Ljava/lang/String;' in 'java/lang/ClassLoader')}
  0x00007fd6eab34278: d048 be88 | c013 c1d6 | 7f00 0048 | 8386 3801 | 0000 018b | 5010 4883 

  0x00007fd6eab34290: ;   {metadata(method data for {method} {0x00007fd6c5011140} 'defineClassSourceLocation' '(Ljava/security/ProtectionDomain;)Ljava/lang/String;' in 'java/lang/ClassLoader')}
  0x00007fd6eab34290: fa00 48be | 88c0 13c1 | d67f 0000 | 48c7 c780 | 0100 000f | 8507 0000 | 0048 c7c7 | 7001 0000 
  0x00007fd6eab342b0: 488b 1c3e | 488d 5b01 | 4889 1c3e | 0f85 0f00 

  0x00007fd6eab342c0: ;   {oop(NULL)}
  0x00007fd6eab342c0: 0000 48bb | 0000 0000 | 0000 0000 | e99e 0100 | 0048 3b02 

  0x00007fd6eab342d4: ;   {metadata(method data for {method} {0x00007fd6c5011140} 'defineClassSourceLocation' '(Ljava/security/ProtectionDomain;)Ljava/lang/String;' in 'java/lang/ClassLoader')}
  0x00007fd6eab342d4: 488b f248 | bf88 c013 | c1d6 7f00 | 0048 8387 | 9001 0000 | 018b 720c | 4883 fe00 

  0x00007fd6eab342f0: ;   {metadata(method data for {method} {0x00007fd6c5011140} 'defineClassSourceLocation' '(Ljava/security/ProtectionDomain;)Ljava/lang/String;' in 'java/lang/ClassLoader')}
  0x00007fd6eab342f0: 48bf 88c0 | 13c1 d67f | 0000 48c7 | c3d8 0100 | 000f 8507 | 0000 0048 | c7c3 c801 | 0000 488b 
  0x00007fd6eab34310: 0c1f 488d | 4901 4889 | 0c1f 0f85 | 0f00 0000 

  0x00007fd6eab34320: ;   {oop(NULL)}
  0x00007fd6eab34320: 48bb 0000 | 0000 0000 | 0000 e940 

  0x00007fd6eab3432c: ;   {metadata(method data for {method} {0x00007fd6c5011140} 'defineClassSourceLocation' '(Ljava/security/ProtectionDomain;)Ljava/lang/String;' in 'java/lang/ClassLoader')}
  0x00007fd6eab3432c: 0100 0048 | bf88 c013 | c1d6 7f00 | 0048 8387 | e801 0000 | 0148 3b06 

  0x00007fd6eab34344: ;   {metadata(method data for {method} {0x00007fd6c5011140} 'defineClassSourceLocation' '(Ljava/security/ProtectionDomain;)Ljava/lang/String;' in 'java/lang/ClassLoader')}
  0x00007fd6eab34344: 488b d648 | bf88 c013 | c1d6 7f00 | 0048 8387 | 2002 0000 

  0x00007fd6eab34358: ;   {metadata(method data for {method} {0x00007fd6c5067ff0} 'toString' '()Ljava/lang/String;' in 'java/net/URL')}
  0x00007fd6eab34358: 0148 ba28 | c313 c1d6 | 7f00 008b | baf4 0000 | 0083 c702 | 89ba f400 | 0000 81e7 | feff 1f00 
  0x00007fd6eab34378: 83ff 000f | 84ea 0100 | 0048 8bd6 

  0x00007fd6eab34384: ;   {metadata(method data for {method} {0x00007fd6c5067ff0} 'toString' '()Ljava/lang/String;' in 'java/net/URL')}
  0x00007fd6eab34384: 48bf 28c3 | 13c1 d67f | 0000 4883 | 8738 0100 

  0x00007fd6eab34394: ;   {metadata(method data for {method} {0x00007fd6c5068888} 'toExternalForm' '()Ljava/lang/String;' in 'java/net/URL')}
  0x00007fd6eab34394: 0001 48ba | d8c4 13c1 | d67f 0000 | 8bba f400 | 0000 83c7 | 0289 baf4 | 0000 0081 | e7fe ff1f 
  0x00007fd6eab343b4: 0083 ff00 | 0f84 ce01 | 0000 8b7e | 3848 3b07 

  0x00007fd6eab343c4: ;   {metadata(method data for {method} {0x00007fd6c5068888} 'toExternalForm' '()Ljava/lang/String;' in 'java/net/URL')}
  0x00007fd6eab343c4: 488b d748 | bbd8 c413 | c1d6 7f00 | 008b 5208 | 49ba 0000 | 00c5 d67f | 0000 4903 | d248 3b93 
  0x00007fd6eab343e4: 4801 0000 | 750d 4883 | 8350 0100 | 0001 e966 | 0000 0048 | 3b93 5801 | 0000 750d | 4883 8360 
  0x00007fd6eab34404: 0100 0001 | e950 0000 | 0048 81bb | 4801 0000 | 0000 0000 | 7517 4889 | 9348 0100 | 0048 c783 
  0x00007fd6eab34424: 5001 0000 | 0100 0000 | e92c 0000 | 0048 81bb | 5801 0000 | 0000 0000 | 7517 4889 | 9358 0100 
  0x00007fd6eab34444: 0048 c783 | 6001 0000 | 0100 0000 | e908 0000 | 0048 8383 | 3801 0000 | 0148 8bd6 | 488b f70f 
  0x00007fd6eab34464: ;   {optimized virtual_call}
  0x00007fd6eab34464: 1f40 00e8 

  0x00007fd6eab34468: ; ImmutableOopMap {[120]=Oop [136]=Oop [128]=Oop [152]=Oop }
                      ;*invokevirtual toExternalForm {reexecute=0 rethrow=0 return_oop=0}
                      ; - java.net.URL::toExternalForm@5 (line 1039)
                      ; - java.net.URL::toString@1 (line 1025)
                      ; - java.lang.ClassLoader::defineClassSourceLocation@22 (line 917)
                      ; - java.lang.ClassLoader::defineClass@12 (line 1016)
  0x00007fd6eab34468: 54cb e406 | 488b d848 | 8b84 2498 | 0000 0044 | 8b8c 2494 | 0000 0044 | 8b84 2490 | 0000 0048 
  0x00007fd6eab34488: 8b8c 2488 | 0000 0048 | 8b94 2480 | 0000 0048 | 8b74 2478 

  0x00007fd6eab3449c: ;   {metadata(method data for {method} {0x00007fd6c5010f30} 'defineClass' '(Ljava/lang/String;[BIILjava/security/ProtectionDomain;)Ljava/lang/Class;' in 'java/lang/ClassLoader')}
  0x00007fd6eab3449c: 48bf a8a3 | 13c1 d67f | 0000 4883 | 87a8 0100 | 0001 4c8b | de49 8bf3 | 488b f848 | 891c 240f 
  0x00007fd6eab344bc: ;   {static_call}
  0x00007fd6eab344bc: 1f40 00e8 

  0x00007fd6eab344c0: ; ImmutableOopMap {[120]=Oop [152]=Oop }
                      ;*invokestatic defineClass1 {reexecute=0 rethrow=0 return_oop=0}
                      ; - java.lang.ClassLoader::defineClass@27 (line 1017)
  0x00007fd6eab344c0: fcbf 4d06 | 488b 7424 

  0x00007fd6eab344c8: ;   {metadata(method data for {method} {0x00007fd6c5010f30} 'defineClass' '(Ljava/lang/String;[BIILjava/security/ProtectionDomain;)Ljava/lang/Class;' in 'java/lang/ClassLoader')}
  0x00007fd6eab344c8: 7848 baa8 | a313 c1d6 | 7f00 0048 | 8382 b801 | 0000 0148 | 8bd0 488b | 8c24 9800 | 0000 488b 
  0x00007fd6eab344e8: 7424 7848 | 8984 24a0 | 0000 000f 

  0x00007fd6eab344f4: ;   {optimized virtual_call}
  0x00007fd6eab344f4: 1f40 00e8 

  0x00007fd6eab344f8: ; ImmutableOopMap {[160]=Oop }
                      ;*invokevirtual postDefineClass {reexecute=0 rethrow=0 return_oop=0}
                      ; - java.lang.ClassLoader::defineClass@37 (line 1018)
  0x00007fd6eab344f8: a4b8 c5fe | 488b 8424 | a000 0000 | 4881 c4b0 | 0000 005d 

  0x00007fd6eab3450c: ;   {poll_return}
  0x00007fd6eab3450c: 493b a740 | 0300 000f | 8799 0000 

  0x00007fd6eab34518: ;   {metadata({method} {0x00007fd6c5010f30} 'defineClass' '(Ljava/lang/String;[BIILjava/security/ProtectionDomain;)Ljava/lang/Class;' in 'java/lang/ClassLoader')}
  0x00007fd6eab34518: 00c3 49ba | 300f 01c5 | d67f 0000 | 4c89 5424 | 0848 c704 | 24ff ffff 

  0x00007fd6eab34530: ;   {runtime_call counter_overflow Runtime1 stub}
  0x00007fd6eab34530: ffe8 4a2a 

  0x00007fd6eab34534: ; ImmutableOopMap {rsi=Oop [120]=Oop rdx=Oop rcx=Oop rdi=Oop }
                      ;*synchronization entry
                      ; - java.lang.ClassLoader::defineClass@-1 (line 1015)
  0x00007fd6eab34534: 0106 e9a1 

  0x00007fd6eab34538: ;   {metadata({method} {0x00007fd6c5011140} 'defineClassSourceLocation' '(Ljava/security/ProtectionDomain;)Ljava/lang/String;' in 'java/lang/ClassLoader')}
  0x00007fd6eab34538: fcff ff49 | ba40 1101 | c5d6 7f00 | 004c 8954 | 2408 48c7 | 0424 ffff 

  0x00007fd6eab34550: ;   {runtime_call counter_overflow Runtime1 stub}
  0x00007fd6eab34550: ffff e829 

  0x00007fd6eab34554: ; ImmutableOopMap {[120]=Oop [136]=Oop [128]=Oop rax=Oop [152]=Oop }
                      ;*synchronization entry
                      ; - java.lang.ClassLoader::defineClassSourceLocation@-1 (line 914)
                      ; - java.lang.ClassLoader::defineClass@12 (line 1016)
  0x00007fd6eab34554: 2a01 06e9 | 17fd ffff 

  0x00007fd6eab3455c: ;   {runtime_call throw_null_pointer_exception Runtime1 stub}
  0x00007fd6eab3455c: e8bf cb00 

  0x00007fd6eab34560: ; ImmutableOopMap {[120]=Oop [136]=Oop [128]=Oop rax=Oop [152]=Oop }
                      ;*invokevirtual getCodeSource {reexecute=0 rethrow=0 return_oop=0}
                      ; - java.lang.ClassLoader::defineClassSourceLocation@1 (line 914)
                      ; - java.lang.ClassLoader::defineClass@12 (line 1016)
                      ;   {runtime_call throw_null_pointer_exception Runtime1 stub}
  0x00007fd6eab34560: 06e8 bacb 

  0x00007fd6eab34564: ; ImmutableOopMap {[120]=Oop [136]=Oop [128]=Oop rax=Oop [152]=Oop rdx=Oop }
                      ;*invokevirtual getLocation {reexecute=0 rethrow=0 return_oop=0}
                      ; - java.lang.ClassLoader::defineClassSourceLocation@12 (line 916)
                      ; - java.lang.ClassLoader::defineClass@12 (line 1016)
                      ;   {runtime_call throw_null_pointer_exception Runtime1 stub}
  0x00007fd6eab34564: 0006 e8b5 

  0x00007fd6eab34568: ; ImmutableOopMap {[120]=Oop [136]=Oop [128]=Oop [152]=Oop rsi=Oop }
                      ;*invokevirtual toString {reexecute=0 rethrow=0 return_oop=0}
                      ; - java.lang.ClassLoader::defineClassSourceLocation@22 (line 917)
                      ; - java.lang.ClassLoader::defineClass@12 (line 1016)
                      ;   {metadata({method} {0x00007fd6c5067ff0} 'toString' '()Ljava/lang/String;' in 'java/net/URL')}
  0x00007fd6eab34568: cb00 0649 | baf0 7f06 | c5d6 7f00 | 004c 8954 | 2408 48c7 | 0424 ffff 

  0x00007fd6eab34580: ;   {runtime_call counter_overflow Runtime1 stub}
  0x00007fd6eab34580: ffff e8f9 

  0x00007fd6eab34584: ; ImmutableOopMap {[120]=Oop [136]=Oop [128]=Oop [152]=Oop rsi=Oop }
                      ;*synchronization entry
                      ; - java.net.URL::toString@-1 (line 1025)
                      ; - java.lang.ClassLoader::defineClassSourceLocation@22 (line 917)
                      ; - java.lang.ClassLoader::defineClass@12 (line 1016)
  0x00007fd6eab34584: 2901 06e9 | f5fd ffff 

  0x00007fd6eab3458c: ;   {metadata({method} {0x00007fd6c5068888} 'toExternalForm' '()Ljava/lang/String;' in 'java/net/URL')}
  0x00007fd6eab3458c: 49ba 8888 | 06c5 d67f | 0000 4c89 | 5424 0848 | c704 24ff 

  0x00007fd6eab345a0: ;   {runtime_call counter_overflow Runtime1 stub}
  0x00007fd6eab345a0: ffff ffe8 

  0x00007fd6eab345a4: ; ImmutableOopMap {[120]=Oop [136]=Oop [128]=Oop [152]=Oop rsi=Oop }
                      ;*synchronization entry
                      ; - java.net.URL::toExternalForm@-1 (line 1039)
                      ; - java.net.URL::toString@1 (line 1025)
                      ; - java.lang.ClassLoader::defineClassSourceLocation@22 (line 917)
                      ; - java.lang.ClassLoader::defineClass@12 (line 1016)
  0x00007fd6eab345a4: d829 0106 | e911 feff 

  0x00007fd6eab345ac: ;   {runtime_call throw_null_pointer_exception Runtime1 stub}
  0x00007fd6eab345ac: ffe8 6ecb 

  0x00007fd6eab345b0: ; ImmutableOopMap {[120]=Oop [136]=Oop [128]=Oop [152]=Oop rsi=Oop rdi=Oop }
                      ;*invokevirtual toExternalForm {reexecute=0 rethrow=0 return_oop=0}
                      ; - java.net.URL::toExternalForm@5 (line 1039)
                      ; - java.net.URL::toString@1 (line 1025)
                      ; - java.lang.ClassLoader::defineClassSourceLocation@22 (line 917)
                      ; - java.lang.ClassLoader::defineClass@12 (line 1016)
                      ;   {internal_word}
  0x00007fd6eab345b0: 0006 49ba | 0c45 b3ea | d67f 0000 | 4d89 9758 

  0x00007fd6eab345c0: ;   {runtime_call SafepointBlob}
  0x00007fd6eab345c0: 0300 00e9 | 38d0 f605 | 9090 498b | 87d0 0300 | 0049 c787 | d003 0000 | 0000 0000 | 49c7 87d8 
  0x00007fd6eab345e0: 0300 0000 | 0000 0048 | 81c4 b000 

  0x00007fd6eab345ec: ;   {runtime_call unwind_exception Runtime1 stub}
  0x00007fd6eab345ec: 0000 5de9 | 0cb2 f705 | f4f4 f4f4 | f4f4 f4f4 | f4f4 f4f4 
[Stub Code]
  0x00007fd6eab34600: ;   {no_reloc}
  0x00007fd6eab34600: 0f1f 4400 

  0x00007fd6eab34604: ;   {static_stub}
  0x00007fd6eab34604: 0048 bbe8 | 1001 c5d6 

  0x00007fd6eab3460c: ;   {runtime_call I2C/C2I adapters}
  0x00007fd6eab3460c: 7f00 00e9 | cdde f605 

  0x00007fd6eab34614: ;   {static_stub}
  0x00007fd6eab34614: 9048 bb00 | 0000 0000 

  0x00007fd6eab3461c: ;   {runtime_call}
  0x00007fd6eab3461c: 0000 00e9 | fbff ffff 

  0x00007fd6eab34624: ;   {static_stub}
  0x00007fd6eab34624: 9048 bb00 | 0000 0000 

  0x00007fd6eab3462c: ;   {runtime_call}
  0x00007fd6eab3462c: 0000 00e9 | fbff ffff 

  0x00007fd6eab34634: ;   {static_stub}
  0x00007fd6eab34634: 9048 bb00 | 0000 0000 

  0x00007fd6eab3463c: ;   {runtime_call}
  0x00007fd6eab3463c: 0000 00e9 | fbff ffff 
[Exception Handler]
  0x00007fd6eab34644: ;   {runtime_call handle_exception_from_callee Runtime1 stub}
  0x00007fd6eab34644: e8b7 ec00 

  0x00007fd6eab34648: ;   {external_word}
  0x00007fd6eab34648: 0648 bf4a | 4675 08d7 | 7f00 0048 

  0x00007fd6eab34654: ;   {runtime_call MacroAssembler::debug64(char*, long, long*)}
  0x00007fd6eab34654: 83e4 f0e8 | 24cc 761d 

  0x00007fd6eab3465c: ;   {section_word}
  0x00007fd6eab3465c: f449 ba5d | 46b3 ead6 | 7f00 0041 

  0x00007fd6eab34668: ;   {runtime_call DeoptimizationBlob}
  0x00007fd6eab34668: 52e9 32e4 | f605 f4f4 
[/MachCode]


Compiled method (c2) 153188 4926       4       java.security.SecureClassLoader::defineClass (16 bytes)
 total in heap  [0x00007fd6f1231a10,0x00007fd6f1232100] = 1776
 relocation     [0x00007fd6f1231b70,0x00007fd6f1231bc0] = 80
 main code      [0x00007fd6f1231bc0,0x00007fd6f1231e60] = 672
 stub code      [0x00007fd6f1231e60,0x00007fd6f1231e98] = 56
 metadata       [0x00007fd6f1231e98,0x00007fd6f1231ec8] = 48
 scopes data    [0x00007fd6f1231ec8,0x00007fd6f1231fd0] = 264
 scopes pcs     [0x00007fd6f1231fd0,0x00007fd6f1232080] = 176
 dependencies   [0x00007fd6f1232080,0x00007fd6f1232088] = 8
 handler table  [0x00007fd6f1232088,0x00007fd6f12320e8] = 96
 nul chk table  [0x00007fd6f12320e8,0x00007fd6f1232100] = 24

[Constant Pool (empty)]

[MachCode]
[Entry Point]
  # {method} {0x00007fd6c54393e8} 'defineClass' '(Ljava/lang/String;[BIILjava/security/CodeSource;)Ljava/lang/Class;' in 'java/security/SecureClassLoader'
  # this:     rsi:rsi   = 'java/security/SecureClassLoader'
  # parm0:    rdx:rdx   = 'java/lang/String'
  # parm1:    rcx:rcx   = '[B'
  # parm2:    r8        = int
  # parm3:    r9        = int
  # parm4:    rdi:rdi   = 'java/security/CodeSource'
  #           [sp+0x60]  (sp of caller)
  0x00007fd6f1231bc0: 448b 5608 | 49bb 0000 | 00c5 d67f | 0000 4d03 | d349 3bc2 

  0x00007fd6f1231bd4: ;   {runtime_call ic_miss_stub}
  0x00007fd6f1231bd4: 0f85 a685 | 86ff 6690 | 0f1f 4000 
[Verified Entry Point]
  0x00007fd6f1231be0: 8984 2400 | c0fe ff55 | 4883 ec50 | 4489 4c24 | 2444 8944 | 2420 4889 | 4c24 1048 | 8954 2408 
  0x00007fd6f1231c00: 4889 7424 | 1848 897c | 2438 4885 | ff0f 848d | 0100 0049 | 8b97 0801 | 0000 4c8b | d249 83c2 
  0x00007fd6f1231c20: 104d 3b97 | 1801 0000 | 0f83 dd00 | 0000 4d89 | 9708 0100 | 0041 0f0d | 8a00 0100 | 0048 c702 
  0x00007fd6f1231c40: 0100 0000 

  0x00007fd6f1231c44: ;   {metadata('java/security/SecureClassLoader$CodeSourceKey')}
  0x00007fd6f1231c44: c742 0800 | ca14 004c | 8b54 2438 | 4d8b da44 | 895a 0c49 | 8b8f 0801 | 0000 4c8b | 5424 1841 
  0x00007fd6f1231c64: 8b6a 504c | 8bd1 4983 | c218 4d3b | 9718 0100 | 000f 83ad | 0000 004d | 8997 0801 | 0000 410f 
  0x00007fd6f1231c84: 0d8a 0001 | 0000 48c7 | 0101 0000 

  0x00007fd6f1231c90: ;   {metadata('java/security/SecureClassLoader$1')}
  0x00007fd6f1231c90: 00c7 4108 | 18cc 1400 | 4489 6114 | 4489 590c | 4c8b 5424 | 1844 8951 | 1044 8b55 

  0x00007fd6f1231cac: ;   {metadata('java/util/concurrent/ConcurrentHashMap')}
  0x00007fd6f1231cac: 0841 81fa | 60e6 0000 | 0f85 a400 | 0000 488b 

  0x00007fd6f1231cbc: ;   {optimized virtual_call}
  0x00007fd6f1231cbc: f566 90e8 

  0x00007fd6f1231cc0: ; ImmutableOopMap {[8]=Oop [16]=Oop [24]=Oop }
                      ;*invokeinterface computeIfAbsent {reexecute=0 rethrow=0 return_oop=1}
                      ; - java.security.SecureClassLoader::getProtectionDomain@29 (line 222)
                      ; - java.security.SecureClassLoader::defineClass@9 (line 150)
  0x00007fd6f1231cc0: 3c3d 6800 

  0x00007fd6f1231cc4: ; implicit exception: dispatches to 0x00007fd6f1231e04
  0x00007fd6f1231cc4: 448b 5808 

  0x00007fd6f1231cc8: ;   {metadata('java/security/ProtectionDomain')}
  0x00007fd6f1231cc8: 4181 fbb8 | ee00 000f | 85f3 0000 | 0048 8bf8 | 488b 7424 | 1848 8b54 | 2408 488b | 4c24 1044 
  0x00007fd6f1231ce8: 8b44 2420 | 448b 4c24 

  0x00007fd6f1231cf0: ;   {optimized virtual_call}
  0x00007fd6f1231cf0: 2466 90e8 

  0x00007fd6f1231cf4: ; ImmutableOopMap {}
                      ;*invokevirtual defineClass {reexecute=0 rethrow=0 return_oop=1}
                      ; - java.security.SecureClassLoader::defineClass@12 (line 150)
  0x00007fd6f1231cf4: a824 90f9 | 4883 c450 

  0x00007fd6f1231cfc: ;   {poll_return}
  0x00007fd6f1231cfc: 5d49 3ba7 | 4003 0000 | 0f87 3401 

  0x00007fd6f1231d08: ;   {metadata('java/security/SecureClassLoader$CodeSourceKey')}
  0x00007fd6f1231d08: 0000 c348 | be00 ca14 | c5d6 7f00 | 0048 8b6c 

  0x00007fd6f1231d18: ;   {runtime_call _new_instance_Java}
  0x00007fd6f1231d18: 2418 90e8 

  0x00007fd6f1231d1c: ; ImmutableOopMap {rbp=Oop [8]=Oop [16]=Oop [24]=Oop [56]=Oop }
                      ;*new {reexecute=0 rethrow=0 return_oop=1}
                      ; - java.security.SecureClassLoader::getProtectionDomain@6 (line 221)
                      ; - java.security.SecureClassLoader::defineClass@9 (line 150)
  0x00007fd6f1231d1c: e0c8 87ff | 488b d0e9 | 23ff ffff | 4489 5c24 | 3048 8954 

  0x00007fd6f1231d30: ;   {metadata('java/security/SecureClassLoader$1')}
  0x00007fd6f1231d30: 2428 48be | 18cc 14c5 | d67f 0000 | 48ff 7424 | 3848 8f04 

  0x00007fd6f1231d44: ;   {runtime_call _new_instance_Java}
  0x00007fd6f1231d44: 2466 90e8 

  0x00007fd6f1231d48: ; ImmutableOopMap {rbp=NarrowOop [0]=Oop [8]=Oop [16]=Oop [24]=Oop [40]=Oop [48]=NarrowOop }
                      ;*new {reexecute=0 rethrow=0 return_oop=1}
                      ; - java.security.SecureClassLoader::getProtectionDomain@20 (line 222)
                      ; - java.security.SecureClassLoader::defineClass@9 (line 150)
  0x00007fd6f1231d48: b4c8 87ff | 488b 5424 | 2844 8b5c | 2430 488b | c8e9 3eff | ffff bede | ffff ff48 | ff74 2418 
  0x00007fd6f1231d68: 488f 0424 | 4889 4424 | f88b 4424 | 2089 4424 | 1848 8b44 | 24f8 4889 | 4424 f88b | 4424 2489 
  0x00007fd6f1231d88: 4424 1c48 | 8b44 24f8 | 4889 5424 | 2048 894c 

  0x00007fd6f1231d98: ;   {runtime_call UncommonTrapBlob}
  0x00007fd6f1231d98: 2428 90e8 

  0x00007fd6f1231d9c: ; ImmutableOopMap {rbp=NarrowOop [0]=Oop [8]=Oop [16]=Oop [32]=Oop [40]=Oop }
                      ;*invokeinterface computeIfAbsent {reexecute=0 rethrow=0 return_oop=0}
                      ; - java.security.SecureClassLoader::getProtectionDomain@29 (line 222)
                      ; - java.security.SecureClassLoader::defineClass@9 (line 150)
  0x00007fd6f1231d9c: e009 87ff | be45 ffff | ff48 8b6c | 2418 4889 | 1424 4889 | 4c24 0844 | 8944 2410 | 4489 4c24 
  0x00007fd6f1231dbc: 1448 897c 

  0x00007fd6f1231dc0: ;   {runtime_call UncommonTrapBlob}
  0x00007fd6f1231dc0: 2428 90e8 

  0x00007fd6f1231dc4: ; ImmutableOopMap {rbp=Oop [0]=Oop [8]=Oop [40]=Oop [56]=Oop }
                      ;*ifnonnull {reexecute=1 rethrow=0 return_oop=0}
                      ; - (reexecute) java.security.SecureClassLoader::getProtectionDomain@1 (line 213)
                      ; - java.security.SecureClassLoader::defineClass@9 (line 150)
  0x00007fd6f1231dc4: b809 87ff | bede ffff | ff48 8b6c | 2418 4c8b | 5424 084c | 8914 244c | 8b54 2410 | 4c89 5424 
  0x00007fd6f1231de4: 0848 8944 

  0x00007fd6f1231de8: ;   {runtime_call UncommonTrapBlob}
  0x00007fd6f1231de8: 2418 90e8 

  0x00007fd6f1231dec: ; ImmutableOopMap {rbp=Oop [0]=Oop [8]=Oop [24]=Oop }
                      ;*checkcast {reexecute=0 rethrow=0 return_oop=0}
                      ; - java.security.SecureClassLoader::getProtectionDomain@34 (line 222)
                      ; - java.security.SecureClassLoader::defineClass@9 (line 150)
  0x00007fd6f1231dec: 9009 87ff | bef6 ffff | ff48 8bea | 4889 0c24 

  0x00007fd6f1231dfc: ;   {runtime_call UncommonTrapBlob}
  0x00007fd6f1231dfc: 6666 90e8 

  0x00007fd6f1231e00: ; ImmutableOopMap {rbp=Oop [0]=Oop }
                      ;*invokeinterface computeIfAbsent {reexecute=0 rethrow=0 return_oop=0}
                      ; - java.security.SecureClassLoader::getProtectionDomain@29 (line 222)
                      ; - java.security.SecureClassLoader::defineClass@9 (line 150)
  0x00007fd6f1231e00: 7c09 87ff | bef4 ffff | ff48 8b6c | 2418 4c8b | 5424 084c | 8914 244c | 8b54 2410 | 4c89 5424 
  0x00007fd6f1231e20: ;   {runtime_call UncommonTrapBlob}
  0x00007fd6f1231e20: 0866 90e8 

  0x00007fd6f1231e24: ; ImmutableOopMap {rbp=Oop [0]=Oop [8]=Oop }
                      ;*checkcast {reexecute=0 rethrow=0 return_oop=0}
                      ; - java.security.SecureClassLoader::getProtectionDomain@34 (line 222)
                      ; - java.security.SecureClassLoader::defineClass@9 (line 150)
  0x00007fd6f1231e24: 5809 87ff | eb02 eb00 | 488b f0eb | 0348 8bf0 | 4883 c450 

  0x00007fd6f1231e38: ;   {runtime_call _rethrow_Java}
  0x00007fd6f1231e38: 5de9 421c 

  0x00007fd6f1231e3c: ;   {internal_word}
  0x00007fd6f1231e3c: 88ff 49ba | fd1c 23f1 | d67f 0000 | 4d89 9758 

  0x00007fd6f1231e4c: ;   {runtime_call SafepointBlob}
  0x00007fd6f1231e4c: 0300 00e9 | acf7 86ff | f4f4 f4f4 | f4f4 f4f4 | f4f4 f4f4 
[Stub Code]
  0x00007fd6f1231e60: ;   {no_reloc}
  0x00007fd6f1231e60: 48bb f80d | 43c5 d67f 

  0x00007fd6f1231e68: ;   {runtime_call I2C/C2I adapters}
  0x00007fd6f1231e68: 0000 e972 

  0x00007fd6f1231e6c: ;   {static_stub}
  0x00007fd6f1231e6c: 0687 ff48 | bb30 0f01 | c5d6 7f00 

  0x00007fd6f1231e78: ;   {runtime_call I2C/C2I adapters}
  0x00007fd6f1231e78: 00e9 6ff1 

  0x00007fd6f1231e7c: ;   {runtime_call ExceptionBlob}
  0x00007fd6f1231e7c: 85ff e97d | ca87 ffe8 | 0000 0000 | 4883 2c24 

  0x00007fd6f1231e8c: ;   {runtime_call DeoptimizationBlob}
  0x00007fd6f1231e8c: 05e9 0e0c | 87ff f4f4 | f4f4 f4f4 
[/MachCode]


---------------  P R O C E S S  ---------------

Threads class SMR info:
_java_thread_list=0x00007fd69c189720, length=83, elements={
0x00007fd70001a780, 0x00007fd7000b8c70, 0x00007fd7000ba080, 0x00007fd7000c1db0,
0x00007fd7000c3130, 0x00007fd7000c4510, 0x00007fd7000c5e90, 0x00007fd7000c7390,
0x00007fd7000c87d0, 0x00007fd7000fc340, 0x00007fd7001cb130, 0x00007fd7012fb810,
0x00007fd70136b500, 0x00007fd70139d0f0, 0x00007fd6900185f0, 0x00007fd698004320,
0x00007fd698006f30, 0x00007fd69800cc00, 0x00007fd69c3de770, 0x00007fd69c3e16a0,
0x00007fd69c3e3490, 0x00007fd69c7dd650, 0x00007fd69c8946a0, 0x00007fd69c8ad610,
0x00007fd69cfd1180, 0x00007fd69d060ff0, 0x00007fd69d31c4a0, 0x00007fd69d447aa0,
0x00007fd69d4580a0, 0x00007fd68c007cd0, 0x00007fd69d61c010, 0x00007fd69d6312d0,
0x00007fd69d6bfbe0, 0x00007fd69cf15ba0, 0x00007fd69d21da00, 0x00007fd69d12f700,
0x00007fd69d88dd60, 0x00007fd69da4e340, 0x00007fd69da4bf00, 0x00007fd69c8caa60,
0x00007fd69df3edf0, 0x00007fd69e0d8750, 0x00007fd69c78c400, 0x00007fd69cbbbaf0,
0x00007fd69dcb2e00, 0x00007fd69de46a60, 0x00007fd69de42c20, 0x00007fd69e40ce10,
0x00007fd69e40dc70, 0x00007fd6a4006ab0, 0x00007fd6a40179d0, 0x00007fd6b001cc30,
0x00007fd6b002cfa0, 0x00007fd6a402f170, 0x00007fd6a4032150, 0x00007fd6a4036e00,
0x00007fd6b002edf0, 0x00007fd6a4036030, 0x00007fd6b00d4100, 0x00007fd6a40dcb50,
0x00007fd694054ea0, 0x00007fd69405cb30, 0x00007fd69806d5c0, 0x00007fd694052ed0,
0x00007fd698077800, 0x00007fd6980839c0, 0x00007fd6940681f0, 0x00007fd6e4019df0,
0x0000562be9df55e0, 0x00007fd6b0170090, 0x00007fd6a40d0480, 0x00007fd6b0290ca0,
0x00007fd6a40bc4e0, 0x00007fd6e402eb30, 0x00007fd6e4031bf0, 0x00007fd69db1f7f0,
0x00007fd6b800a3e0, 0x00007fd6b800ad10, 0x00007fd6b800b9e0, 0x00007fd69ea65fa0,
0x00007fd69eaacf30, 0x00007fd69db82470, 0x00007fd69c188c30
}

Java Threads: ( => current thread )
  0x00007fd70001a780 JavaThread "main" [_thread_blocked, id=1287, stack(0x00007fd70737e000,0x00007fd70747e000)]
  0x00007fd7000b8c70 JavaThread "Reference Handler" daemon [_thread_blocked, id=1293, stack(0x00007fd705856000,0x00007fd705956000)]
  0x00007fd7000ba080 JavaThread "Finalizer" daemon [_thread_blocked, id=1294, stack(0x00007fd705755000,0x00007fd705855000)]
  0x00007fd7000c1db0 JavaThread "Signal Dispatcher" daemon [_thread_blocked, id=1295, stack(0x00007fd7055fd000,0x00007fd7056fd000)]
  0x00007fd7000c3130 JavaThread "Service Thread" daemon [_thread_blocked, id=1296, stack(0x00007fd7054fc000,0x00007fd7055fc000)]
  0x00007fd7000c4510 JavaThread "Monitor Deflation Thread" daemon [_thread_blocked, id=1297, stack(0x00007fd7053fb000,0x00007fd7054fb000)]
  0x00007fd7000c5e90 JavaThread "C2 CompilerThread0" daemon [_thread_in_native, id=1298, stack(0x00007fd7052fa000,0x00007fd7053fa000)]
  0x00007fd7000c7390 JavaThread "C1 CompilerThread0" daemon [_thread_blocked, id=1299, stack(0x00007fd7051f9000,0x00007fd7052f9000)]
  0x00007fd7000c87d0 JavaThread "Sweeper thread" daemon [_thread_blocked, id=1300, stack(0x00007fd7050f8000,0x00007fd7051f8000)]
  0x00007fd7000fc340 JavaThread "Common-Cleaner" daemon [_thread_blocked, id=1301, stack(0x00007fd704ff7000,0x00007fd7050f7000)]
  0x00007fd7001cb130 JavaThread "Notification Thread" daemon [_thread_blocked, id=1302, stack(0x00007fd704ede000,0x00007fd704fde000)]
  0x00007fd7012fb810 JavaThread "Daemon health stats" [_thread_blocked, id=1309, stack(0x00007fd704900000,0x00007fd704a00000)]
  0x00007fd70136b500 JavaThread "Incoming local TCP Connector on port 44439" [_thread_in_native, id=1311, stack(0x00007fd7047ff000,0x00007fd7048ff000)]
  0x00007fd70139d0f0 JavaThread "Daemon periodic checks" [_thread_blocked, id=1312, stack(0x00007fd7046fe000,0x00007fd7047fe000)]
  0x00007fd6900185f0 JavaThread "Daemon" [_thread_blocked, id=1313, stack(0x00007fd7045fd000,0x00007fd7046fd000)]
  0x00007fd698004320 JavaThread "Handler for socket connection from /127.0.0.1:44439 to /127.0.0.1:33814" [_thread_in_native, id=1314, stack(0x00007fd7044fc000,0x00007fd7045fc000)]
  0x00007fd698006f30 JavaThread "Cancel handler" [_thread_blocked, id=1315, stack(0x00007fd7043fb000,0x00007fd7044fb000)]
=>0x00007fd69800cc00 JavaThread "Daemon worker" [_thread_in_vm, id=1316, stack(0x00007fd7042fa000,0x00007fd7043fa000)]
  0x00007fd69c3de770 JavaThread "Asynchronous log dispatcher for DefaultDaemonConnection: socket connection from /127.0.0.1:44439 to /127.0.0.1:33814" [_thread_blocked, id=1317, stack(0x00007fd7041f9000,0x00007fd7042f9000)]
  0x00007fd69c3e16a0 JavaThread "Stdin handler" [_thread_blocked, id=1318, stack(0x00007fd7040f8000,0x00007fd7041f8000)]
  0x00007fd69c3e3490 JavaThread "Daemon client event forwarder" [_thread_blocked, id=1319, stack(0x00007fd6e9411000,0x00007fd6e9511000)]
  0x00007fd69c7dd650 JavaThread "Cache worker for journal cache (/root/.gradle/caches/journal-1)" [_thread_blocked, id=1322, stack(0x00007fd6e8fc1000,0x00007fd6e90c1000)]
  0x00007fd69c8946a0 JavaThread "File lock request listener" [_thread_in_native, id=1323, stack(0x00007fd6e8ec0000,0x00007fd6e8fc0000)]
  0x00007fd69c8ad610 JavaThread "Cache worker for file hash cache (/root/.gradle/caches/8.14.3/fileHashes)" [_thread_blocked, id=1324, stack(0x00007fd6e9310000,0x00007fd6e9410000)]
  0x00007fd69cfd1180 JavaThread "Cache worker for file hash cache (/workspace/android/.gradle/8.14.3/fileHashes)" [_thread_blocked, id=1328, stack(0x00007fd6e920f000,0x00007fd6e930f000)]
  0x00007fd69d060ff0 JavaThread "Cache worker for Build Output Cleanup Cache (/workspace/android/.gradle/buildOutputCleanup)" [_thread_blocked, id=1329, stack(0x00007fd6e910e000,0x00007fd6e920e000)]
  0x00007fd69d31c4a0 JavaThread "jar transforms" [_thread_blocked, id=1334, stack(0x00007fd6e8dbf000,0x00007fd6e8ebf000)]
  0x00007fd69d447aa0 JavaThread "Cache worker for checksums cache (/workspace/android/.gradle/8.14.3/checksums)" [_thread_blocked, id=1336, stack(0x00007fd6e8cbe000,0x00007fd6e8dbe000)]
  0x00007fd69d4580a0 JavaThread "Cache worker for file content cache (/root/.gradle/caches/8.14.3/fileContent)" [_thread_blocked, id=1337, stack(0x00007fd6e8bbd000,0x00007fd6e8cbd000)]
  0x00007fd68c007cd0 JavaThread "process reaper" daemon [_thread_blocked, id=1341, stack(0x00007fd7040d5000,0x00007fd7040f7000)]
  0x00007fd69d61c010 JavaThread "Cache worker for cache directory md-supplier (/root/.gradle/caches/8.14.3/md-supplier)" [_thread_blocked, id=1359, stack(0x00007fd6e87b9000,0x00007fd6e88b9000)]
  0x00007fd69d6312d0 JavaThread "Cache worker for cache directory md-rule (/root/.gradle/caches/8.14.3/md-rule)" [_thread_blocked, id=1360, stack(0x00007fd6e86b8000,0x00007fd6e87b8000)]
  0x00007fd69d6bfbe0 JavaThread "Cache worker for Build Output Cleanup Cache (/workspace/node_modules/@react-native/gradle-plugin/.gradle/buildOutputCleanup)" [_thread_blocked, id=1362, stack(0x00007fd6e85b7000,0x00007fd6e86b7000)]
  0x00007fd69cf15ba0 JavaThread "Unconstrained build operations" [_thread_blocked, id=1366, stack(0x00007fd6e84b6000,0x00007fd6e85b6000)]
  0x00007fd69d21da00 JavaThread "Unconstrained build operations Thread 2" [_thread_blocked, id=1367, stack(0x00007fd6e83b5000,0x00007fd6e84b5000)]
  0x00007fd69d12f700 JavaThread "Unconstrained build operations Thread 3" [_thread_blocked, id=1369, stack(0x00007fd6e82b4000,0x00007fd6e83b4000)]
  0x00007fd69d88dd60 JavaThread "Cache worker for Build Output Cleanup Cache (/workspace/node_modules/expo-modules-autolinking/android/expo-gradle-plugin/.gradle/buildOutputCleanup)" [_thread_blocked, id=1372, stack(0x00007fd6e81b3000,0x00007fd6e82b3000)]
  0x00007fd69da4e340 JavaThread "Unconstrained build operations Thread 4" [_thread_blocked, id=1376, stack(0x00007fd6e80b2000,0x00007fd6e81b2000)]
  0x00007fd69da4bf00 JavaThread "Unconstrained build operations Thread 5" [_thread_blocked, id=1377, stack(0x00007fd6c0f00000,0x00007fd6c1000000)]
  0x00007fd69c8caa60 JavaThread "Unconstrained build operations Thread 6" [_thread_blocked, id=1378, stack(0x00007fd6c0dff000,0x00007fd6c0eff000)]
  0x00007fd69df3edf0 JavaThread "build event listener" [_thread_blocked, id=1384, stack(0x00007fd6c0cfe000,0x00007fd6c0dfe000)]
  0x00007fd69e0d8750 JavaThread "Memory manager" [_thread_blocked, id=1387, stack(0x00007fd6c0bfd000,0x00007fd6c0cfd000)]
  0x00007fd69c78c400 JavaThread "Unconstrained build operations Thread 7" [_thread_blocked, id=1392, stack(0x00007fd6c0afc000,0x00007fd6c0bfc000)]
  0x00007fd69cbbbaf0 JavaThread "build event listener" [_thread_blocked, id=1394, stack(0x00007fd6c09fb000,0x00007fd6c0afb000)]
  0x00007fd69dcb2e00 JavaThread "Unconstrained build operations Thread 8" [_thread_blocked, id=1398, stack(0x00007fd6c08fa000,0x00007fd6c09fa000)]
  0x00007fd69de46a60 JavaThread "Unconstrained build operations Thread 9" [_thread_blocked, id=1399, stack(0x00007fd6c07f9000,0x00007fd6c08f9000)]
  0x00007fd69de42c20 JavaThread "Unconstrained build operations Thread 10" [_thread_blocked, id=1400, stack(0x00007fd6c06f8000,0x00007fd6c07f8000)]
  0x00007fd69e40ce10 JavaThread "included builds" [_thread_blocked, id=1406, stack(0x00007fd6c04f6000,0x00007fd6c05f6000)]
  0x00007fd69e40dc70 JavaThread "included builds Thread 2" [_thread_blocked, id=1407, stack(0x00007fd6c03f5000,0x00007fd6c04f5000)]
  0x00007fd6a4006ab0 JavaThread "Execution worker" [_thread_blocked, id=1408, stack(0x00007fd6c02f4000,0x00007fd6c03f4000)]
  0x00007fd6a40179d0 JavaThread "Cache worker for execution history cache (/workspace/node_modules/expo-modules-autolinking/android/expo-gradle-plugin/.gradle/8.14.3/executionHistory)" [_thread_blocked, id=1410, stack(0x00007fd6c01f3000,0x00007fd6c02f3000)]
  0x00007fd6b001cc30 JavaThread "Cache worker for execution history cache (/workspace/node_modules/@react-native/gradle-plugin/.gradle/8.14.3/executionHistory)" [_thread_blocked, id=1411, stack(0x00007fd6c00f2000,0x00007fd6c01f2000)]
  0x00007fd6b002cfa0 JavaThread "Unconstrained build operations Thread 11" [_thread_blocked, id=1412, stack(0x00007fd687f00000,0x00007fd688000000)]
  0x00007fd6a402f170 JavaThread "Unconstrained build operations Thread 12" [_thread_blocked, id=1413, stack(0x00007fd687dff000,0x00007fd687eff000)]
  0x00007fd6a4032150 JavaThread "Unconstrained build operations Thread 13" [_thread_blocked, id=1414, stack(0x00007fd687cfe000,0x00007fd687dfe000)]
  0x00007fd6a4036e00 JavaThread "Unconstrained build operations Thread 14" [_thread_blocked, id=1416, stack(0x00007fd687bfd000,0x00007fd687cfd000)]
  0x00007fd6b002edf0 JavaThread "Unconstrained build operations Thread 15" [_thread_blocked, id=1417, stack(0x00007fd687afc000,0x00007fd687bfc000)]
  0x00007fd6a4036030 JavaThread "Unconstrained build operations Thread 16" [_thread_blocked, id=1418, stack(0x00007fd6879fb000,0x00007fd687afb000)]
  0x00007fd6b00d4100 JavaThread "WorkerExecutor Queue" [_thread_blocked, id=1421, stack(0x00007fd6878fa000,0x00007fd6879fa000)]
  0x00007fd6a40dcb50 JavaThread "WorkerExecutor Queue Thread 2" [_thread_blocked, id=1422, stack(0x00007fd6877f9000,0x00007fd6878f9000)]
  0x00007fd694054ea0 JavaThread "RMI Scheduler(0)" daemon [_thread_blocked, id=1478, stack(0x00007fd6875f7000,0x00007fd6876f7000)]
  0x00007fd69405cb30 JavaThread "RMI GC Daemon" daemon [_thread_blocked, id=1482, stack(0x00007fd6874f6000,0x00007fd6875f6000)]
  0x00007fd69806d5c0 JavaThread "RMI RenewClean-[127.0.0.1:17973,org.jetbrains.kotlin.daemon.common.LoopbackNetworkInterface$ClientLoopbackSocketFactory@5e7c7d5b]" daemon [_thread_blocked, id=1491, stack(0x00007fd6872f4000,0x00007fd6873f4000)]
  0x00007fd694052ed0 JavaThread "RMI RenewClean-[127.0.0.1:17973,org.jetbrains.kotlin.daemon.common.LoopbackNetworkInterface$ClientLoopbackSocketFactory@50e7f73a]" daemon [_thread_blocked, id=1493, stack(0x00007fd6871f3000,0x00007fd6872f3000)]
  0x00007fd698077800 JavaThread "RMI TCP Accept-0" daemon [_thread_in_native, id=1495, stack(0x00007fd6870f2000,0x00007fd6871f2000)]
  0x00007fd6980839c0 JavaThread "RMI Reaper" [_thread_blocked, id=1496, stack(0x00007fd686ff1000,0x00007fd6870f1000)]
  0x00007fd6940681f0 JavaThread "RMI TCP Accept-0" daemon [_thread_in_native, id=1497, stack(0x00007fd686ef0000,0x00007fd686ff0000)]
  0x00007fd6e4019df0 JavaThread "RMI TCP Connection(idle)" daemon [_thread_blocked, id=1500, stack(0x00007fd686def000,0x00007fd686eef000)]
  0x0000562be9df55e0 JavaThread "RMI TCP Connection(idle)" daemon [_thread_blocked, id=1501, stack(0x00007fd686cee000,0x00007fd686dee000)]
  0x00007fd6b0170090 JavaThread "Unconstrained build operations Thread 17" [_thread_blocked, id=1547, stack(0x00007fd686bed000,0x00007fd686ced000)]
  0x00007fd6a40d0480 JavaThread "Unconstrained build operations Thread 18" [_thread_blocked, id=1551, stack(0x00007fd686aec000,0x00007fd686bec000)]
  0x00007fd6b0290ca0 JavaThread "Unconstrained build operations Thread 19" [_thread_blocked, id=1556, stack(0x00007fd6873f5000,0x00007fd6874f5000)]
  0x00007fd6a40bc4e0 JavaThread "Unconstrained build operations Thread 20" [_thread_blocked, id=1557, stack(0x00007fd6876f8000,0x00007fd6877f8000)]
  0x00007fd6e402eb30 JavaThread "RMI TCP Connection(idle)" daemon [_thread_blocked, id=1618, stack(0x00007fd6e89bb000,0x00007fd6e8abb000)]
  0x00007fd6e4031bf0 JavaThread "RMI TCP Connection(idle)" daemon [_thread_blocked, id=1635, stack(0x00007fd6e8abc000,0x00007fd6e8bbc000)]
  0x00007fd69db1f7f0 JavaThread "Exec process Thread 4" [_thread_blocked, id=1668, stack(0x00007fd6c05f7000,0x00007fd6c06f7000)]
  0x00007fd6b800a3e0 JavaThread "process reaper" daemon [_thread_blocked, id=1670, stack(0x00007fd7040b2000,0x00007fd7040d4000)]
  0x00007fd6b800ad10 JavaThread "Exec process Thread 5" [_thread_blocked, id=1672, stack(0x00007fd6e88ba000,0x00007fd6e89ba000)]
  0x00007fd6b800b9e0 JavaThread "Exec process Thread 6" [_thread_blocked, id=1673, stack(0x00007fd6869eb000,0x00007fd686aeb000)]
  0x00007fd69ea65fa0 JavaThread "jar transforms Thread 2" [_thread_blocked, id=1683, stack(0x00007fd6868ea000,0x00007fd6869ea000)]
  0x00007fd69eaacf30 JavaThread "Cache worker for Build Output Cleanup Cache (/workspace/node_modules/expo-modules-core/expo-module-gradle-plugin/.gradle/buildOutputCleanup)" [_thread_blocked, id=1729, stack(0x00007fd6867e9000,0x00007fd6868e9000)]
  0x00007fd69db82470 JavaThread "build event listener" [_thread_blocked, id=1750, stack(0x00007fd6866e8000,0x00007fd6867e8000)]
  0x00007fd69c188c30 JavaThread "Kotlin DSL Writer" [_thread_blocked, id=1752, stack(0x00007fd6865e7000,0x00007fd6866e7000)]

Other Threads:
  0x00007fd7000b4410 VMThread "VM Thread" [stack: 0x00007fd705957000,0x00007fd705a57000] [id=1292]
  0x00007fd7001cc810 WatcherThread [stack: 0x00007fd704ddd000,0x00007fd704edd000] [id=1303]
  0x00007fd700031c30 GCTaskThread "GC Thread#0" [stack: 0x00007fd706c59000,0x00007fd706d59000] [id=1288]
  0x00007fd6bc0011e0 GCTaskThread "GC Thread#1" [stack: 0x00007fd704cdc000,0x00007fd704ddc000] [id=1304]

Threads with active compile tasks:
C2 CompilerThread0  153192 23897       4       java.util.jar.JarFile::getManifest (5 bytes)

VM state: not at safepoint (normal execution)

VM Mutex/Monitor currently owned by a thread:  ([mutex/lock_event])
[0x00007fd700016520] Metaspace_lock - owner thread: 0x00007fd69800cc00

Heap address: 0x0000000080000000, size: 2048 MB, Compressed Oops mode: 32-bit

CDS archive(s) mapped at: [0x00007fd6c5000000-0x00007fd6c5bca000-0x00007fd6c5bca000), size 12361728, SharedBaseAddress: 0x00007fd6c5000000, ArchiveRelocationMode: 1.
Compressed class space mapped at: 0x00007fd6c6000000-0x00007fd6e0000000, reserved size: 436207616
Narrow klass base: 0x00007fd6c5000000, Narrow klass shift: 0, Narrow klass range: 0x100000000

GC Precious Log:
 CPUs: 2 total, 2 available
 Memory: 2048M
 Large Page Support: Disabled
 NUMA Support: Disabled
 Compressed Oops: Enabled (32-bit)
 Alignments: Space 512K, Generation 512K, Heap 2M
 Heap Min Capacity: 8M
 Heap Initial Capacity: 32M
 Heap Max Capacity: 2G
 Pre-touch: Disabled
 Parallel Workers: 2

Heap:
 PSYoungGen      total 645632K, used 275728K [0x00000000d5580000, 0x0000000100000000, 0x0000000100000000)
  eden space 603648K, 38% used [0x00000000d5580000,0x00000000e3b02c08,0x00000000fa300000)
  from space 41984K, 96% used [0x00000000fd700000,0x00000000ffec1660,0x0000000100000000)
  to   space 47616K, 0% used [0x00000000fa300000,0x00000000fa300000,0x00000000fd180000)
 ParOldGen       total 164352K, used 116000K [0x0000000080000000, 0x000000008a080000, 0x00000000d5580000)
  object space 164352K, 70% used [0x0000000080000000,0x0000000087148080,0x000000008a080000)
 Metaspace       used 157281K, committed 158464K, reserved 622592K
  class space    used 20405K, committed 20992K, reserved 425984K

Card table byte_map: [0x00007fd706d59000,0x00007fd70715a000] _byte_map_base: 0x00007fd706959000

Marking Bits: (ParMarkBitMap*) 0x00007fd708adc560
 Begin Bits: [0x00007fd6e0000000, 0x00007fd6e2000000)
 End Bits:   [0x00007fd6e2000000, 0x00007fd6e4000000)

Polling page: 0x00007fd708d1b000

Metaspace:

Usage:
  Non-class:    133.67 MB used.
      Class:     19.93 MB used.
       Both:    153.60 MB used.

Virtual space:
  Non-class space:      192.00 MB reserved,     134.25 MB ( 70%) committed,  3 nodes.
      Class space:      416.00 MB reserved,      20.50 MB (  5%) committed,  1 nodes.
             Both:      608.00 MB reserved,     154.75 MB ( 25%) committed. 

Chunk freelists:
   Non-Class:  9.73 MB
       Class:  11.55 MB
        Both:  21.28 MB

MaxMetaspaceSize: 512.00 MB
CompressedClassSpaceSize: 416.00 MB
Initial GC threshold: 21.00 MB
Current GC threshold: 174.50 MB
CDS: on
MetaspaceReclaimPolicy: balanced
 - commit_granule_bytes: 65536.
 - commit_granule_words: 8192.
 - virtual_space_node_default_size: 8388608.
 - enlarge_chunks_in_place: 1.
 - new_chunks_are_fully_committed: 0.
 - uncommit_free_chunks: 1.
 - use_allocation_guard: 0.
 - handle_deallocations: 1.


Internal statistics:

num_allocs_failed_limit: 9.
num_arena_births: 1702.
num_arena_deaths: 0.
num_vsnodes_births: 4.
num_vsnodes_deaths: 0.
num_space_committed: 2474.
num_space_uncommitted: 0.
num_chunks_returned_to_freelist: 9.
num_chunks_taken_from_freelist: 8076.
num_chunk_merges: 6.
num_chunk_splits: 5548.
num_chunks_enlarged: 3900.
num_inconsistent_stats: 0.

CodeHeap 'non-profiled nmethods': size=120036Kb used=9918Kb max_used=9918Kb free=110117Kb
 bounds [0x00007fd6f0fd8000, 0x00007fd6f1988000, 0x00007fd6f8511000]
CodeHeap 'profiled nmethods': size=120032Kb used=37653Kb max_used=38055Kb free=82378Kb
 bounds [0x00007fd6e9511000, 0x00007fd6eba61000, 0x00007fd6f0a49000]
CodeHeap 'non-nmethods': size=5692Kb used=2521Kb max_used=2580Kb free=3171Kb
 bounds [0x00007fd6f0a49000, 0x00007fd6f0ce9000, 0x00007fd6f0fd8000]
 total_blobs=19129 nmethods=18045 adapters=998
 compilation: enabled
              stopped_count=0, restarted_count=0
 full_count=0

Compilation events (20 events):
Event: 150.832 Thread 0x00007fd7000c5e90 23887       4       org.jetbrains.kotlin.com.intellij.openapi.vfs.impl.jar.CoreJarVirtualFile::getNameSequence (13 bytes)
Event: 150.837 Thread 0x00007fd7000c7390 nmethod 23884 0x00007fd6f1980110 code [0x00007fd6f19802a0, 0x00007fd6f1980370]
Event: 150.840 Thread 0x00007fd7000c7390 23886       3       org.jetbrains.kotlin.cli.jvm.index.JvmDependenciesIndexImpl::search (374 bytes)
Event: 150.907 Thread 0x00007fd7000c7390 nmethod 23886 0x00007fd6e96d8390 code [0x00007fd6e96d8a00, 0x00007fd6e96dc560]
Event: 150.907 Thread 0x00007fd7000c5e90 nmethod 23887 0x00007fd6f1980410 code [0x00007fd6f19805a0, 0x00007fd6f1980638]
Event: 150.949 Thread 0x00007fd7000c7390 23889       3       org.jetbrains.kotlin.com.intellij.util.text.CharArrayUtil::shiftForward (102 bytes)
Event: 150.990 Thread 0x00007fd7000c7390 nmethod 23889 0x00007fd6eb982290 code [0x00007fd6eb982520, 0x00007fd6eb983210]
Event: 150.990 Thread 0x00007fd7000c7390 23888       3       org.jetbrains.kotlin.com.intellij.util.text.CharArrayUtil::shiftForward (31 bytes)
Event: 150.990 Thread 0x00007fd7000c7390 nmethod 23888 0x00007fd6e96d7b10 code [0x00007fd6e96d7ce0, 0x00007fd6e96d7fb0]
Event: 151.012 Thread 0x00007fd7000c7390 23890       3       java.lang.Class::getComponentType (14 bytes)
Event: 151.019 Thread 0x00007fd7000c7390 nmethod 23890 0x00007fd6eb4fe090 code [0x00007fd6eb4fe240, 0x00007fd6eb4fe3e0]
Event: 151.117 Thread 0x00007fd7000c7390 23892       1       org.jetbrains.kotlin.com.intellij.util.pico.DefaultPicoContainer$InstanceComponentAdapter::getComponentInstance (5 bytes)
Event: 151.120 Thread 0x00007fd7000c7390 nmethod 23892 0x00007fd6f1980a10 code [0x00007fd6f1980ba0, 0x00007fd6f1980c70]
Event: 151.237 Thread 0x00007fd7000c5e90 23893       4       java.net.URLStreamHandler::toExternalForm (156 bytes)
Event: 151.711 Thread 0x00007fd7000c5e90 nmethod 23893 0x00007fd6f1980d10 code [0x00007fd6f1980fa0, 0x00007fd6f1983380]
Event: 151.722 Thread 0x00007fd7000c7390 23894       3       org.jetbrains.kotlin.com.intellij.diagnostic.LoadingState::checkOccurred (38 bytes)
Event: 151.727 Thread 0x00007fd7000c7390 nmethod 23894 0x00007fd6eb4fd990 code [0x00007fd6eb4fdb80, 0x00007fd6eb4fdf60]
Event: 151.799 Thread 0x00007fd7000c5e90 23895       4       java.lang.String::getBytes (44 bytes)
Event: 151.891 Thread 0x00007fd7000c5e90 nmethod 23895 0x00007fd6f1984610 code [0x00007fd6f19847a0, 0x00007fd6f1984a78]
Event: 152.229 Thread 0x00007fd7000c5e90 23896       4       java.net.URLClassLoader::isSealed (72 bytes)

GC Heap History (20 events):
Event: 74.710 GC heap before
{Heap before GC invocations=28 (full 7):
 PSYoungGen      total 431616K, used 427443K [0x00000000d5580000, 0x00000000f2800000, 0x0000000100000000)
  eden space 400384K, 100% used [0x00000000d5580000,0x00000000edc80000,0x00000000edc80000)
  from space 31232K, 86% used [0x00000000efe00000,0x00000000f186ccd0,0x00000000f1c80000)
  to   space 34304K, 0% used [0x00000000edc80000,0x00000000edc80000,0x00000000efe00000)
 ParOldGen       total 137728K, used 99636K [0x0000000080000000, 0x0000000088680000, 0x00000000d5580000)
  object space 137728K, 72% used [0x0000000080000000,0x000000008614d2e0,0x0000000088680000)
 Metaspace       used 106091K, committed 107136K, reserved 557056K
  class space    used 14012K, committed 14528K, reserved 425984K
}
Event: 74.808 GC heap after
{Heap after GC invocations=28 (full 7):
 PSYoungGen      total 434688K, used 29635K [0x00000000d5580000, 0x00000000f7380000, 0x0000000100000000)
  eden space 400384K, 0% used [0x00000000d5580000,0x00000000d5580000,0x00000000edc80000)
  from space 34304K, 86% used [0x00000000edc80000,0x00000000ef970cd0,0x00000000efe00000)
  to   space 37888K, 0% used [0x00000000f4e80000,0x00000000f4e80000,0x00000000f7380000)
 ParOldGen       total 137728K, used 99636K [0x0000000080000000, 0x0000000088680000, 0x00000000d5580000)
  object space 137728K, 72% used [0x0000000080000000,0x000000008614d2e0,0x0000000088680000)
 Metaspace       used 106091K, committed 107136K, reserved 557056K
  class space    used 14012K, committed 14528K, reserved 425984K
}
Event: 76.031 GC heap before
{Heap before GC invocations=29 (full 7):
 PSYoungGen      total 434688K, used 430019K [0x00000000d5580000, 0x00000000f7380000, 0x0000000100000000)
  eden space 400384K, 100% used [0x00000000d5580000,0x00000000edc80000,0x00000000edc80000)
  from space 34304K, 86% used [0x00000000edc80000,0x00000000ef970cd0,0x00000000efe00000)
  to   space 37888K, 0% used [0x00000000f4e80000,0x00000000f4e80000,0x00000000f7380000)
 ParOldGen       total 137728K, used 99658K [0x0000000080000000, 0x0000000088680000, 0x00000000d5580000)
  object space 137728K, 72% used [0x0000000080000000,0x0000000086152b20,0x0000000088680000)
 Metaspace       used 106095K, committed 107136K, reserved 557056K
  class space    used 14012K, committed 14528K, reserved 425984K
}
Event: 76.119 GC heap after
{Heap after GC invocations=29 (full 7):
 PSYoungGen      total 516096K, used 20506K [0x00000000d5580000, 0x00000000f7280000, 0x0000000100000000)
  eden space 479232K, 0% used [0x00000000d5580000,0x00000000d5580000,0x00000000f2980000)
  from space 36864K, 55% used [0x00000000f4e80000,0x00000000f62868a8,0x00000000f7280000)
  to   space 37376K, 0% used [0x00000000f2980000,0x00000000f2980000,0x00000000f4e00000)
 ParOldGen       total 137728K, used 107504K [0x0000000080000000, 0x0000000088680000, 0x00000000d5580000)
  object space 137728K, 78% used [0x0000000080000000,0x00000000868fc030,0x0000000088680000)
 Metaspace       used 106095K, committed 107136K, reserved 557056K
  class space    used 14012K, committed 14528K, reserved 425984K
}
Event: 77.223 GC heap before
{Heap before GC invocations=30 (full 7):
 PSYoungGen      total 516096K, used 499738K [0x00000000d5580000, 0x00000000f7280000, 0x0000000100000000)
  eden space 479232K, 100% used [0x00000000d5580000,0x00000000f2980000,0x00000000f2980000)
  from space 36864K, 55% used [0x00000000f4e80000,0x00000000f62868a8,0x00000000f7280000)
  to   space 37376K, 0% used [0x00000000f2980000,0x00000000f2980000,0x00000000f4e00000)
 ParOldGen       total 137728K, used 107529K [0x0000000080000000, 0x0000000088680000, 0x00000000d5580000)
  object space 137728K, 78% used [0x0000000080000000,0x00000000869024f8,0x0000000088680000)
 Metaspace       used 106096K, committed 107136K, reserved 557056K
  class space    used 14012K, committed 14528K, reserved 425984K
}
Event: 77.320 GC heap after
{Heap after GC invocations=30 (full 7):
 PSYoungGen      total 516608K, used 22556K [0x00000000d5580000, 0x00000000fd580000, 0x0000000100000000)
  eden space 479232K, 0% used [0x00000000d5580000,0x00000000d5580000,0x00000000f2980000)
  from space 37376K, 60% used [0x00000000f2980000,0x00000000f3f87308,0x00000000f4e00000)
  to   space 37376K, 0% used [0x00000000fb100000,0x00000000fb100000,0x00000000fd580000)
 ParOldGen       total 137728K, used 113057K [0x0000000080000000, 0x0000000088680000, 0x00000000d5580000)
  object space 137728K, 82% used [0x0000000080000000,0x0000000086e68518,0x0000000088680000)
 Metaspace       used 106096K, committed 107136K, reserved 557056K
  class space    used 14012K, committed 14528K, reserved 425984K
}
Event: 78.721 GC heap before
{Heap before GC invocations=31 (full 7):
 PSYoungGen      total 516608K, used 501788K [0x00000000d5580000, 0x00000000fd580000, 0x0000000100000000)
  eden space 479232K, 100% used [0x00000000d5580000,0x00000000f2980000,0x00000000f2980000)
  from space 37376K, 60% used [0x00000000f2980000,0x00000000f3f87308,0x00000000f4e00000)
  to   space 37376K, 0% used [0x00000000fb100000,0x00000000fb100000,0x00000000fd580000)
 ParOldGen       total 137728K, used 113073K [0x0000000080000000, 0x0000000088680000, 0x00000000d5580000)
  object space 137728K, 82% used [0x0000000080000000,0x0000000086e6c538,0x0000000088680000)
 Metaspace       used 106103K, committed 107136K, reserved 557056K
  class space    used 14012K, committed 14528K, reserved 425984K
}
Event: 78.801 GC heap after
{Heap after GC invocations=31 (full 7):
 PSYoungGen      total 614912K, used 17792K [0x00000000d5580000, 0x00000000fd280000, 0x0000000100000000)
  eden space 580608K, 0% used [0x00000000d5580000,0x00000000d5580000,0x00000000f8c80000)
  from space 34304K, 51% used [0x00000000fb100000,0x00000000fc260010,0x00000000fd280000)
  to   space 35840K, 0% used [0x00000000f8c80000,0x00000000f8c80000,0x00000000faf80000)
 ParOldGen       total 137728K, used 115877K [0x0000000080000000, 0x0000000088680000, 0x00000000d5580000)
  object space 137728K, 84% used [0x0000000080000000,0x0000000087129548,0x0000000088680000)
 Metaspace       used 106103K, committed 107136K, reserved 557056K
  class space    used 14012K, committed 14528K, reserved 425984K
}
Event: 80.819 GC heap before
{Heap before GC invocations=32 (full 7):
 PSYoungGen      total 614912K, used 598400K [0x00000000d5580000, 0x00000000fd280000, 0x0000000100000000)
  eden space 580608K, 100% used [0x00000000d5580000,0x00000000f8c80000,0x00000000f8c80000)
  from space 34304K, 51% used [0x00000000fb100000,0x00000000fc260010,0x00000000fd280000)
  to   space 35840K, 0% used [0x00000000f8c80000,0x00000000f8c80000,0x00000000faf80000)
 ParOldGen       total 137728K, used 115904K [0x0000000080000000, 0x0000000088680000, 0x00000000d5580000)
  object space 137728K, 84% used [0x0000000080000000,0x00000000871301a0,0x0000000088680000)
 Metaspace       used 106150K, committed 107200K, reserved 557056K
  class space    used 14016K, committed 14528K, reserved 425984K
}
Event: 80.929 GC heap after
{Heap after GC invocations=32 (full 7):
 PSYoungGen      total 616448K, used 35825K [0x00000000d5580000, 0x0000000100000000, 0x0000000100000000)
  eden space 580608K, 0% used [0x00000000d5580000,0x00000000d5580000,0x00000000f8c80000)
  from space 35840K, 99% used [0x00000000f8c80000,0x00000000faf7c6b0,0x00000000faf80000)
  to   space 43520K, 0% used [0x00000000fd580000,0x00000000fd580000,0x0000000100000000)
 ParOldGen       total 137728K, used 124152K [0x0000000080000000, 0x0000000088680000, 0x00000000d5580000)
  object space 137728K, 90% used [0x0000000080000000,0x000000008793e1b0,0x0000000088680000)
 Metaspace       used 106150K, committed 107200K, reserved 557056K
  class space    used 14016K, committed 14528K, reserved 425984K
}
Event: 83.296 GC heap before
{Heap before GC invocations=33 (full 8):
 PSYoungGen      total 616448K, used 616433K [0x00000000d5580000, 0x0000000100000000, 0x0000000100000000)
  eden space 580608K, 100% used [0x00000000d5580000,0x00000000f8c80000,0x00000000f8c80000)
  from space 35840K, 99% used [0x00000000f8c80000,0x00000000faf7c6b0,0x00000000faf80000)
  to   space 43520K, 0% used [0x00000000fd580000,0x00000000fd580000,0x0000000100000000)
 ParOldGen       total 137728K, used 124152K [0x0000000080000000, 0x0000000088680000, 0x00000000d5580000)
  object space 137728K, 90% used [0x0000000080000000,0x000000008793e1b0,0x0000000088680000)
 Metaspace       used 106164K, committed 107200K, reserved 557056K
  class space    used 14017K, committed 14528K, reserved 425984K
}
Event: 83.795 GC heap after
{Heap after GC invocations=33 (full 8):
 PSYoungGen      total 655360K, used 0K [0x00000000d5580000, 0x0000000100000000, 0x0000000100000000)
  eden space 611840K, 0% used [0x00000000d5580000,0x00000000d5580000,0x00000000fab00000)
  from space 43520K, 0% used [0x00000000fd580000,0x00000000fd580000,0x0000000100000000)
  to   space 43520K, 0% used [0x00000000fab00000,0x00000000fab00000,0x00000000fd580000)
 ParOldGen       total 164352K, used 115800K [0x0000000080000000, 0x000000008a080000, 0x00000000d5580000)
  object space 164352K, 70% used [0x0000000080000000,0x0000000087116180,0x000000008a080000)
 Metaspace       used 106164K, committed 107200K, reserved 557056K
  class space    used 14017K, committed 14528K, reserved 425984K
}
Event: 86.017 GC heap before
{Heap before GC invocations=34 (full 8):
 PSYoungGen      total 655360K, used 611840K [0x00000000d5580000, 0x0000000100000000, 0x0000000100000000)
  eden space 611840K, 100% used [0x00000000d5580000,0x00000000fab00000,0x00000000fab00000)
  from space 43520K, 0% used [0x00000000fd580000,0x00000000fd580000,0x0000000100000000)
  to   space 43520K, 0% used [0x00000000fab00000,0x00000000fab00000,0x00000000fd580000)
 ParOldGen       total 164352K, used 115800K [0x0000000080000000, 0x000000008a080000, 0x00000000d5580000)
  object space 164352K, 70% used [0x0000000080000000,0x0000000087116180,0x000000008a080000)
 Metaspace       used 106187K, committed 107200K, reserved 557056K
  class space    used 14017K, committed 14528K, reserved 425984K
}
Event: 86.034 GC heap after
{Heap after GC invocations=34 (full 8):
 PSYoungGen      total 655360K, used 6203K [0x00000000d5580000, 0x0000000100000000, 0x0000000100000000)
  eden space 611840K, 0% used [0x00000000d5580000,0x00000000d5580000,0x00000000fab00000)
  from space 43520K, 14% used [0x00000000fab00000,0x00000000fb10ee18,0x00000000fd580000)
  to   space 43520K, 0% used [0x00000000fd580000,0x00000000fd580000,0x0000000100000000)
 ParOldGen       total 164352K, used 115800K [0x0000000080000000, 0x000000008a080000, 0x00000000d5580000)
  object space 164352K, 70% used [0x0000000080000000,0x0000000087116180,0x000000008a080000)
 Metaspace       used 106187K, committed 107200K, reserved 557056K
  class space    used 14017K, committed 14528K, reserved 425984K
}
Event: 89.892 GC heap before
{Heap before GC invocations=35 (full 8):
 PSYoungGen      total 655360K, used 618043K [0x00000000d5580000, 0x0000000100000000, 0x0000000100000000)
  eden space 611840K, 100% used [0x00000000d5580000,0x00000000fab00000,0x00000000fab00000)
  from space 43520K, 14% used [0x00000000fab00000,0x00000000fb10ee18,0x00000000fd580000)
  to   space 43520K, 0% used [0x00000000fd580000,0x00000000fd580000,0x0000000100000000)
 ParOldGen       total 164352K, used 115800K [0x0000000080000000, 0x000000008a080000, 0x00000000d5580000)
  object space 164352K, 70% used [0x0000000080000000,0x0000000087116180,0x000000008a080000)
 Metaspace       used 106241K, committed 107264K, reserved 557056K
  class space    used 14020K, committed 14528K, reserved 425984K
}
Event: 90.013 GC heap after
{Heap after GC invocations=35 (full 8):
 PSYoungGen      total 652288K, used 13422K [0x00000000d5580000, 0x00000000ffd00000, 0x0000000100000000)
  eden space 611840K, 0% used [0x00000000d5580000,0x00000000d5580000,0x00000000fab00000)
  from space 40448K, 33% used [0x00000000fd580000,0x00000000fe29b910,0x00000000ffd00000)
  to   space 41984K, 0% used [0x00000000fab00000,0x00000000fab00000,0x00000000fd400000)
 ParOldGen       total 164352K, used 115808K [0x0000000080000000, 0x000000008a080000, 0x00000000d5580000)
  object space 164352K, 70% used [0x0000000080000000,0x0000000087118180,0x000000008a080000)
 Metaspace       used 106241K, committed 107264K, reserved 557056K
  class space    used 14020K, committed 14528K, reserved 425984K
}
Event: 106.991 GC heap before
{Heap before GC invocations=36 (full 8):
 PSYoungGen      total 652288K, used 625262K [0x00000000d5580000, 0x00000000ffd00000, 0x0000000100000000)
  eden space 611840K, 100% used [0x00000000d5580000,0x00000000fab00000,0x00000000fab00000)
  from space 40448K, 33% used [0x00000000fd580000,0x00000000fe29b910,0x00000000ffd00000)
  to   space 41984K, 0% used [0x00000000fab00000,0x00000000fab00000,0x00000000fd400000)
 ParOldGen       total 164352K, used 115808K [0x0000000080000000, 0x000000008a080000, 0x00000000d5580000)
  object space 164352K, 70% used [0x0000000080000000,0x0000000087118180,0x000000008a080000)
 Metaspace       used 107179K, committed 108224K, reserved 557056K
  class space    used 14081K, committed 14592K, reserved 425984K
}
Event: 107.032 GC heap after
{Heap after GC invocations=36 (full 8):
 PSYoungGen      total 653824K, used 23859K [0x00000000d5580000, 0x0000000100000000, 0x0000000100000000)
  eden space 611840K, 0% used [0x00000000d5580000,0x00000000d5580000,0x00000000fab00000)
  from space 41984K, 56% used [0x00000000fab00000,0x00000000fc24cc40,0x00000000fd400000)
  to   space 41984K, 0% used [0x00000000fd700000,0x00000000fd700000,0x0000000100000000)
 ParOldGen       total 164352K, used 115816K [0x0000000080000000, 0x000000008a080000, 0x00000000d5580000)
  object space 164352K, 70% used [0x0000000080000000,0x000000008711a180,0x000000008a080000)
 Metaspace       used 107179K, committed 108224K, reserved 557056K
  class space    used 14081K, committed 14592K, reserved 425984K
}
Event: 130.225 GC heap before
{Heap before GC invocations=37 (full 8):
 PSYoungGen      total 653824K, used 635699K [0x00000000d5580000, 0x0000000100000000, 0x0000000100000000)
  eden space 611840K, 100% used [0x00000000d5580000,0x00000000fab00000,0x00000000fab00000)
  from space 41984K, 56% used [0x00000000fab00000,0x00000000fc24cc40,0x00000000fd400000)
  to   space 41984K, 0% used [0x00000000fd700000,0x00000000fd700000,0x0000000100000000)
 ParOldGen       total 164352K, used 115816K [0x0000000080000000, 0x000000008a080000, 0x00000000d5580000)
  object space 164352K, 70% used [0x0000000080000000,0x000000008711a180,0x000000008a080000)
 Metaspace       used 138467K, committed 139584K, reserved 557056K
  class space    used 18274K, committed 18816K, reserved 425984K
}
Event: 130.322 GC heap after
{Heap after GC invocations=37 (full 8):
 PSYoungGen      total 645632K, used 40709K [0x00000000d5580000, 0x0000000100000000, 0x0000000100000000)
  eden space 603648K, 0% used [0x00000000d5580000,0x00000000d5580000,0x00000000fa300000)
  from space 41984K, 96% used [0x00000000fd700000,0x00000000ffec1660,0x0000000100000000)
  to   space 47616K, 0% used [0x00000000fa300000,0x00000000fa300000,0x00000000fd180000)
 ParOldGen       total 164352K, used 116000K [0x0000000080000000, 0x000000008a080000, 0x00000000d5580000)
  object space 164352K, 70% used [0x0000000080000000,0x0000000087148080,0x000000008a080000)
 Metaspace       used 138467K, committed 139584K, reserved 557056K
  class space    used 18274K, committed 18816K, reserved 425984K
}

Dll operation events (15 events):
Event: 0.002 Loaded shared library /usr/lib/jvm/java-17-openjdk-amd64/lib/libjava.so
Event: 0.020 Loaded shared library /usr/lib/jvm/java-17-openjdk-amd64/lib/libjsvml.so
Event: 0.119 Loaded shared library /usr/lib/jvm/java-17-openjdk-amd64/lib/libzip.so
Event: 0.121 Loaded shared library /usr/lib/jvm/java-17-openjdk-amd64/lib/libinstrument.so
Event: 0.123 Loaded shared library /usr/lib/jvm/java-17-openjdk-amd64/lib/libnio.so
Event: 0.125 Loaded shared library /usr/lib/jvm/java-17-openjdk-amd64/lib/libzip.so
Event: 0.398 Loaded shared library /usr/lib/jvm/java-17-openjdk-amd64/lib/libjimage.so
Event: 0.607 Loaded shared library /usr/lib/jvm/java-17-openjdk-amd64/lib/libverify.so
Event: 0.726 Loaded shared library /usr/lib/jvm/java-17-openjdk-amd64/lib/libnet.so
Event: 0.727 Loaded shared library /root/.gradle/native/1def1411415f61bf3af743bc5b6707747c0891f09f0c88961ee8f79bc544acac/linux-amd64/libnative-platform.so
Event: 0.741 Loaded shared library /root/.gradle/native/0.2.7/x86_64-linux-gnu/libgradle-fileevents.so
Event: 2.329 Loaded shared library /usr/lib/jvm/java-17-openjdk-amd64/lib/libmanagement.so
Event: 2.330 Loaded shared library /usr/lib/jvm/java-17-openjdk-amd64/lib/libmanagement_ext.so
Event: 2.444 Loaded shared library /usr/lib/jvm/java-17-openjdk-amd64/lib/libextnet.so
Event: 28.931 Loaded shared library /usr/lib/jvm/java-17-openjdk-amd64/lib/librmi.so

Deoptimization events (20 events):
Event: 142.192 Thread 0x00007fd69800cc00 DEOPT PACKING pc=0x00007fd6f1942708 sp=0x00007fd7043e7940
Event: 142.192 Thread 0x00007fd69800cc00 DEOPT UNPACKING pc=0x00007fd6f0aa2819 sp=0x00007fd7043e7878 mode 2
Event: 142.193 Thread 0x00007fd69800cc00 Uncommon trap: trap_request=0xffffff45 fr.pc=0x00007fd6f1755910 relative=0x00000000000007b0
Event: 142.193 Thread 0x00007fd69800cc00 Uncommon trap: reason=unstable_if action=reinterpret pc=0x00007fd6f1755910 method=java.lang.String.indexOf(II)I @ 4 c2
Event: 142.193 Thread 0x00007fd69800cc00 DEOPT PACKING pc=0x00007fd6f1755910 sp=0x00007fd7043e77a0
Event: 142.193 Thread 0x00007fd69800cc00 DEOPT UNPACKING pc=0x00007fd6f0aa2819 sp=0x00007fd7043e7660 mode 2
Event: 142.193 Thread 0x00007fd69800cc00 Uncommon trap: trap_request=0xffffff45 fr.pc=0x00007fd6f133d524 relative=0x0000000000000544
Event: 142.193 Thread 0x00007fd69800cc00 Uncommon trap: reason=unstable_if action=reinterpret pc=0x00007fd6f133d524 method=java.lang.String.lastIndexOf(II)I @ 4 c2
Event: 142.193 Thread 0x00007fd69800cc00 DEOPT PACKING pc=0x00007fd6f133d524 sp=0x00007fd7043e7720
Event: 142.193 Thread 0x00007fd69800cc00 DEOPT UNPACKING pc=0x00007fd6f0aa2819 sp=0x00007fd7043e7628 mode 2
Event: 142.193 Thread 0x00007fd69800cc00 Uncommon trap: trap_request=0xffffff45 fr.pc=0x00007fd6f122ed3c relative=0x000000000000347c
Event: 142.193 Thread 0x00007fd69800cc00 Uncommon trap: reason=unstable_if action=reinterpret pc=0x00007fd6f122ed3c method=java.lang.String.lastIndexOf(II)I @ 4 c2
Event: 142.193 Thread 0x00007fd69800cc00 DEOPT PACKING pc=0x00007fd6f122ed3c sp=0x00007fd7043e7820
Event: 142.193 Thread 0x00007fd69800cc00 DEOPT UNPACKING pc=0x00007fd6f0aa2819 sp=0x00007fd7043e7638 mode 2
Event: 146.940 Thread 0x00007fd69800cc00 Uncommon trap: trap_request=0xffffffcc fr.pc=0x00007fd6f1972e84 relative=0x0000000000000164
Event: 146.940 Thread 0x00007fd69800cc00 Uncommon trap: reason=intrinsic_or_type_checked_inlining action=make_not_entrant pc=0x00007fd6f1972e84 method=java.util.ArrayList$SubList.toArray([Ljava/lang/Object;)[Ljava/lang/Object; @ 58 c2
Event: 146.941 Thread 0x00007fd69800cc00 DEOPT PACKING pc=0x00007fd6f1972e84 sp=0x00007fd7043eb5e0
Event: 146.941 Thread 0x00007fd69800cc00 DEOPT UNPACKING pc=0x00007fd6f0aa2819 sp=0x00007fd7043eb580 mode 2
Event: 147.165 Thread 0x00007fd69800cc00 DEOPT PACKING pc=0x00007fd6eb931c34 sp=0x00007fd7043eb570
Event: 147.165 Thread 0x00007fd69800cc00 DEOPT UNPACKING pc=0x00007fd6f0aa334f sp=0x00007fd7043eab40 mode 0

Classes loaded (20 events):
Event: 130.541 Loading class java/nio/channels/NonWritableChannelException
Event: 130.541 Loading class java/nio/channels/NonWritableChannelException done
Event: 130.702 Loading class sun/nio/cs/StandardCharsets$Classes
Event: 130.703 Loading class sun/nio/cs/StandardCharsets$Classes done
Event: 130.703 Loading class sun/nio/cs/UTF_32BE
Event: 130.703 Loading class sun/nio/cs/UTF_32BE done
Event: 130.703 Loading class sun/nio/cs/UTF_32LE
Event: 130.703 Loading class sun/nio/cs/UTF_32LE done
Event: 130.703 Loading class sun/nio/cs/MS1251
Event: 130.704 Loading class sun/nio/cs/MS1251 done
Event: 131.019 Loading class java/beans/PropertyChangeSupport
Event: 131.020 Loading class java/beans/PropertyChangeSupport done
Event: 131.020 Loading class java/beans/PropertyChangeSupport$PropertyChangeListenerMap
Event: 131.021 Loading class java/beans/ChangeListenerMap
Event: 131.021 Loading class java/beans/ChangeListenerMap done
Event: 131.021 Loading class java/beans/PropertyChangeSupport$PropertyChangeListenerMap done
Event: 131.832 Loading class java/util/regex/Pattern$Bound
Event: 131.832 Loading class java/util/regex/Pattern$Bound done
Event: 147.144 Loading class java/text/StringCharacterIterator
Event: 147.147 Loading class java/text/StringCharacterIterator done

Classes unloaded (0 events):
No events

Classes redefined (0 events):
No events

Internal exceptions (20 events):
Event: 119.697 Thread 0x00007fd69800cc00 Exception <a 'sun/nio/fs/UnixException'{0x00000000ef1d4be8}> (0x00000000ef1d4be8) 
thrown [./src/hotspot/share/prims/jni.cpp, line 516]
Event: 120.235 Thread 0x00007fd69800cc00 Exception <a 'java/lang/NoSuchMethodError'{0x00000000f079c390}: 'java.lang.Object java.lang.invoke.DirectMethodHandle$Holder.invokeStaticInit(java.lang.Object, int)'> (0x00000000f079c390) 
thrown [./src/hotspot/share/interpreter/linkResolver.cpp, line 758]
Event: 120.742 Thread 0x00007fd69800cc00 Exception <a 'sun/nio/fs/UnixException'{0x00000000f1bab428}> (0x00000000f1bab428) 
thrown [./src/hotspot/share/prims/jni.cpp, line 516]
Event: 120.742 Thread 0x00007fd69800cc00 Exception <a 'sun/nio/fs/UnixException'{0x00000000f1bacde0}> (0x00000000f1bacde0) 
thrown [./src/hotspot/share/prims/jni.cpp, line 516]
Event: 120.742 Thread 0x00007fd69800cc00 Exception <a 'sun/nio/fs/UnixException'{0x00000000f1bbc410}> (0x00000000f1bbc410) 
thrown [./src/hotspot/share/prims/jni.cpp, line 516]
Event: 129.475 Thread 0x00007fd69800cc00 Exception <a 'sun/nio/fs/UnixException'{0x00000000f8624368}> (0x00000000f8624368) 
thrown [./src/hotspot/share/prims/jni.cpp, line 516]
Event: 129.639 Thread 0x00007fd69800cc00 Exception <a 'java/lang/NoSuchMethodError'{0x00000000f8f1a7a8}: 'void java.lang.invoke.DelegatingMethodHandle$Holder.reinvoke_L(java.lang.Object, java.lang.Object, java.lang.Object, long, java.lang.Object)'> (0x00000000f8f1a7a8) 
thrown [./src/hotspot/share/interpreter/linkResolver.cpp, line 758]
Event: 129.641 Thread 0x00007fd69800cc00 Exception <a 'java/lang/NoSuchMethodError'{0x00000000f8f23118}: 'java.lang.Object java.lang.invoke.DirectMethodHandle$Holder.invokeSpecial(java.lang.Object, java.lang.Object, java.lang.Object, java.lang.Object, long)'> (0x00000000f8f23118) 
thrown [./src/hotspot/share/interpreter/linkResolver.cpp, line 758]
Event: 129.643 Thread 0x00007fd69800cc00 Exception <a 'java/lang/NoSuchMethodError'{0x00000000f8f33a30}: 'int java.lang.invoke.DelegatingMethodHandle$Holder.reinvoke_L(java.lang.Object, java.lang.Object, java.lang.Object, long, java.lang.Object, java.lang.Object)'> (0x00000000f8f33a30) 
thrown [./src/hotspot/share/interpreter/linkResolver.cpp, line 758]
Event: 129.644 Thread 0x00007fd69800cc00 Exception <a 'java/lang/NoSuchMethodError'{0x00000000f8f43c20}: 'int java.lang.invoke.DelegatingMethodHandle$Holder.reinvoke_L(java.lang.Object, java.lang.Object, java.lang.Object, long, int, int)'> (0x00000000f8f43c20) 
thrown [./src/hotspot/share/interpreter/linkResolver.cpp, line 758]
Event: 129.644 Thread 0x00007fd69800cc00 Exception <a 'java/lang/NoSuchMethodError'{0x00000000f8f53bb8}: 'int java.lang.invoke.DelegatingMethodHandle$Holder.reinvoke_L(java.lang.Object, java.lang.Object, java.lang.Object, long, long, long)'> (0x00000000f8f53bb8) 
thrown [./src/hotspot/share/interpreter/linkResolver.cpp, line 758]
Event: 129.645 Thread 0x00007fd69800cc00 Exception <a 'java/lang/NoSuchMethodError'{0x00000000f8f63840}: 'int java.lang.invoke.DelegatingMethodHandle$Holder.reinvoke_L(java.lang.Object, java.lang.Object, java.lang.Object, long, int)'> (0x00000000f8f63840) 
thrown [./src/hotspot/share/interpreter/linkResolver.cpp, line 758]
Event: 129.655 Thread 0x00007fd69800cc00 Exception <a 'java/lang/NoSuchMethodError'{0x00000000f8f7e948}: 'void java.lang.invoke.DelegatingMethodHandle$Holder.reinvoke_L(java.lang.Object, java.lang.Object, java.lang.Object, long, java.lang.Object, long, long)'> (0x00000000f8f7e948) 
thrown [./src/hotspot/share/interpreter/linkResolver.cpp, line 758]
Event: 129.655 Thread 0x00007fd69800cc00 Exception <a 'java/lang/NoSuchMethodError'{0x00000000f8f86fd0}: 'long java.lang.invoke.Invokers$Holder.invokeExact_MT(java.lang.Object, java.lang.Object, java.lang.Object)'> (0x00000000f8f86fd0) 
thrown [./src/hotspot/share/interpreter/linkResolver.cpp, line 758]
Event: 129.656 Thread 0x00007fd69800cc00 Exception <a 'java/lang/NoSuchMethodError'{0x00000000f8f8c178}: 'int java.lang.invoke.Invokers$Holder.invokeExact_MT(java.lang.Object, java.lang.Object, java.lang.Object)'> (0x00000000f8f8c178) 
thrown [./src/hotspot/share/interpreter/linkResolver.cpp, line 758]
Event: 130.491 Thread 0x00007fd69800cc00 Exception <a 'java/lang/NoSuchMethodError'{0x00000000d6301460}: 'java.lang.Object java.lang.invoke.DirectMethodHandle$Holder.invokeStatic(java.lang.Object, java.lang.Object, java.lang.Object, java.lang.Object, int, java.lang.Object)'> (0x00000000d6301460) 
thrown [./src/hotspot/share/interpreter/linkResolver.cpp, line 758]
Event: 130.514 Thread 0x00007fd69800cc00 Exception <a 'java/lang/NoSuchMethodError'{0x00000000d63fc5b8}: 'java.lang.Object java.lang.invoke.Invokers$Holder.invoke_MT(java.lang.Object, java.lang.Object, java.lang.Object)'> (0x00000000d63fc5b8) 
thrown [./src/hotspot/share/interpreter/linkResolver.cpp, line 758]
Event: 130.859 Thread 0x00007fd69800cc00 Exception <a 'java/lang/NoSuchMethodError'{0x00000000d7497710}: 'int java.lang.invoke.DirectMethodHandle$Holder.invokeSpecial(java.lang.Object, java.lang.Object, int, int)'> (0x00000000d7497710) 
thrown [./src/hotspot/share/interpreter/linkResolver.cpp, line 758]
Event: 130.896 Thread 0x00007fd69800cc00 Exception <a 'java/lang/NoSuchMethodError'{0x00000000d7581c10}: 'java.lang.Object java.lang.invoke.Invokers$Holder.invokeExact_MT(java.lang.Object, java.lang.Object, long, java.lang.Object)'> (0x00000000d7581c10) 
thrown [./src/hotspot/share/interpreter/linkResolver.cpp, line 758]
Event: 130.899 Thread 0x00007fd69800cc00 Exception <a 'java/lang/NoSuchMethodError'{0x00000000d7598658}: 'void java.lang.invoke.Invokers$Holder.invokeExact_MT(java.lang.Object, java.lang.Object, long, java.lang.Object, java.lang.Object)'> (0x00000000d7598658) 
thrown [./src/hotspot/share/interpreter/linkResolver.cpp, line 758]

VM Operations (20 events):
Event: 142.699 Executing VM operation: HandshakeAllThreads
Event: 142.701 Executing VM operation: HandshakeAllThreads done
Event: 143.702 Executing VM operation: Cleanup
Event: 143.704 Executing VM operation: Cleanup done
Event: 144.705 Executing VM operation: Cleanup
Event: 144.729 Executing VM operation: Cleanup done
Event: 145.794 Executing VM operation: Cleanup
Event: 145.797 Executing VM operation: Cleanup done
Event: 146.799 Executing VM operation: Cleanup
Event: 146.803 Executing VM operation: Cleanup done
Event: 147.163 Executing VM operation: HandshakeAllThreads
Event: 147.165 Executing VM operation: HandshakeAllThreads done
Event: 148.194 Executing VM operation: Cleanup
Event: 148.198 Executing VM operation: Cleanup done
Event: 150.199 Executing VM operation: Cleanup
Event: 150.202 Executing VM operation: Cleanup done
Event: 151.203 Executing VM operation: Cleanup
Event: 151.206 Executing VM operation: Cleanup done
Event: 152.206 Executing VM operation: Cleanup
Event: 152.219 Executing VM operation: Cleanup done

Memory protections (20 events):
Event: 29.334 Protecting memory [0x00007fd686ff1000,0x00007fd686ff5000] with protection modes 0
Event: 29.410 Protecting memory [0x00007fd686ef0000,0x00007fd686ef4000] with protection modes 0
Event: 29.518 Protecting memory [0x00007fd686def000,0x00007fd686df3000] with protection modes 0
Event: 29.531 Protecting memory [0x00007fd686cee000,0x00007fd686cf2000] with protection modes 0
Event: 51.504 Protecting memory [0x00007fd686bed000,0x00007fd686bf1000] with protection modes 0
Event: 53.426 Protecting memory [0x00007fd686aec000,0x00007fd686af0000] with protection modes 0
Event: 55.390 Protecting memory [0x00007fd6873f5000,0x00007fd6873f9000] with protection modes 0
Event: 55.395 Protecting memory [0x00007fd6876f8000,0x00007fd6876fc000] with protection modes 0
Event: 86.237 Protecting memory [0x00007fd6c05f7000,0x00007fd6c05fb000] with protection modes 0
Event: 86.903 Protecting memory [0x00007fd6e89bb000,0x00007fd6e89bf000] with protection modes 0
Event: 94.200 Protecting memory [0x00007fd6e88ba000,0x00007fd6e88be000] with protection modes 0
Event: 94.201 Protecting memory [0x00007fd6e8abc000,0x00007fd6e8ac0000] with protection modes 0
Event: 110.798 Protecting memory [0x00007fd6c05f7000,0x00007fd6c05fb000] with protection modes 0
Event: 110.802 Protecting memory [0x00007fd7040b2000,0x00007fd7040b6000] with protection modes 0
Event: 110.802 Protecting memory [0x00007fd6e88ba000,0x00007fd6e88be000] with protection modes 0
Event: 110.811 Protecting memory [0x00007fd6869eb000,0x00007fd6869ef000] with protection modes 0
Event: 112.806 Protecting memory [0x00007fd6868ea000,0x00007fd6868ee000] with protection modes 0
Event: 117.450 Protecting memory [0x00007fd6867e9000,0x00007fd6867ed000] with protection modes 0
Event: 127.696 Protecting memory [0x00007fd6866e8000,0x00007fd6866ec000] with protection modes 0
Event: 128.100 Protecting memory [0x00007fd6865e7000,0x00007fd6865eb000] with protection modes 0

Nmethod flushes (20 events):
Event: 129.803 Thread 0x00007fd7000c87d0 flushing  nmethod 0x00007fd6eb94d910
Event: 129.803 Thread 0x00007fd7000c87d0 flushing  nmethod 0x00007fd6eb94f590
Event: 129.803 Thread 0x00007fd7000c87d0 flushing  nmethod 0x00007fd6eb950410
Event: 129.803 Thread 0x00007fd7000c87d0 flushing  nmethod 0x00007fd6eb950910
Event: 129.803 Thread 0x00007fd7000c87d0 flushing  nmethod 0x00007fd6eb950f10
Event: 129.803 Thread 0x00007fd7000c87d0 flushing  nmethod 0x00007fd6eb951690
Event: 129.803 Thread 0x00007fd7000c87d0 flushing  nmethod 0x00007fd6eb952790
Event: 129.803 Thread 0x00007fd7000c87d0 flushing  nmethod 0x00007fd6eb952c10
Event: 129.803 Thread 0x00007fd7000c87d0 flushing  nmethod 0x00007fd6eb953790
Event: 129.803 Thread 0x00007fd7000c87d0 flushing  nmethod 0x00007fd6eb955590
Event: 129.803 Thread 0x00007fd7000c87d0 flushing  nmethod 0x00007fd6eb957410
Event: 129.803 Thread 0x00007fd7000c87d0 flushing  nmethod 0x00007fd6eb957910
Event: 129.803 Thread 0x00007fd7000c87d0 flushing  nmethod 0x00007fd6eb957e10
Event: 129.803 Thread 0x00007fd7000c87d0 flushing  nmethod 0x00007fd6eb958110
Event: 129.803 Thread 0x00007fd7000c87d0 flushing  nmethod 0x00007fd6eb959210
Event: 129.803 Thread 0x00007fd7000c87d0 flushing osr nmethod 0x00007fd6eb95b310
Event: 129.803 Thread 0x00007fd7000c87d0 flushing  nmethod 0x00007fd6eb95ff10
Event: 129.803 Thread 0x00007fd7000c87d0 flushing  nmethod 0x00007fd6eb964890
Event: 129.803 Thread 0x00007fd7000c87d0 flushing  nmethod 0x00007fd6eb982290
Event: 129.804 Thread 0x00007fd7000c87d0 flushing  nmethod 0x00007fd6eb9ef590

Events (20 events):
Event: 55.394 Thread 0x00007fd69e40ce10 Thread added: 0x00007fd6a40bc4e0
Event: 68.788 Thread 0x00007fd68c0096a0 Thread exited: 0x00007fd68c0096a0
Event: 68.788 Thread 0x00007fd69d544620 Thread exited: 0x00007fd69d544620
Event: 68.788 Thread 0x00007fd68c00acd0 Thread exited: 0x00007fd68c00acd0
Event: 84.527 Thread 0x00007fd69e3f82c0 Thread exited: 0x00007fd69e3f82c0
Event: 86.237 Thread 0x00007fd6b00d4100 Thread added: 0x00007fd6980907c0
Event: 86.903 Thread 0x00007fd698077800 Thread added: 0x00007fd6e402eb30
Event: 90.636 Thread 0x00007fd6980668c0 Thread exited: 0x00007fd6980668c0
Event: 94.136 Thread 0x00007fd6a40dcb50 Thread added: 0x00007fd6941a45b0
Event: 94.201 Thread 0x00007fd698077800 Thread added: 0x00007fd6e4031bf0
Event: 107.100 Thread 0x00007fd6941a45b0 Thread exited: 0x00007fd6941a45b0
Event: 107.100 Thread 0x00007fd6980907c0 Thread exited: 0x00007fd6980907c0
Event: 110.798 Thread 0x00007fd69800cc00 Thread added: 0x00007fd69db1f7f0
Event: 110.801 Thread 0x00007fd69db1f7f0 Thread added: 0x00007fd6b800a3e0
Event: 110.802 Thread 0x00007fd69db1f7f0 Thread added: 0x00007fd6b800ad10
Event: 110.811 Thread 0x00007fd69db1f7f0 Thread added: 0x00007fd6b800b9e0
Event: 112.806 Thread 0x00007fd69800cc00 Thread added: 0x00007fd69ea65fa0
Event: 117.449 Thread 0x00007fd69800cc00 Thread added: 0x00007fd69eaacf30
Event: 127.694 Thread 0x00007fd69800cc00 Thread added: 0x00007fd69db82470
Event: 128.100 Thread 0x00007fd69800cc00 Thread added: 0x00007fd69c188c30


Dynamic libraries:
80000000-8a080000 rw-p 00000000 00:00 0 
8a080000-d5580000 ---p 00000000 00:00 0 
d5580000-100000000 rw-p 00000000 00:00 0 
562be9b84000-562be9b85000 r--p 00000000 00:25 13495                      /usr/lib/jvm/java-17-openjdk-amd64/bin/java
562be9b85000-562be9b86000 r-xp 00001000 00:25 13495                      /usr/lib/jvm/java-17-openjdk-amd64/bin/java
562be9b86000-562be9b87000 r--p 00002000 00:25 13495                      /usr/lib/jvm/java-17-openjdk-amd64/bin/java
562be9b87000-562be9b88000 r--p 00002000 00:25 13495                      /usr/lib/jvm/java-17-openjdk-amd64/bin/java
562be9b88000-562be9b89000 rw-p 00003000 00:25 13495                      /usr/lib/jvm/java-17-openjdk-amd64/bin/java
562be9dbc000-562be9e27000 rw-p 00000000 00:00 0                          [heap]
7fd67a000000-7fd67a640000 rw-p 00000000 00:00 0 
7fd67a650000-7fd67e000000 ---p 00000000 00:00 0 
7fd67eaf7000-7fd6865e6000 r--s 00000000 00:25 13844                      /usr/lib/jvm/java-17-openjdk-amd64/lib/modules
7fd6865e6000-7fd6865e7000 ---p 00000000 00:00 0 
7fd6865e7000-7fd6865eb000 ---p 00000000 00:00 0 
7fd6865eb000-7fd6866e7000 rw-p 00000000 00:00 0 
7fd6866e7000-7fd6866e8000 ---p 00000000 00:00 0 
7fd6866e8000-7fd6866ec000 ---p 00000000 00:00 0 
7fd6866ec000-7fd6867e8000 rw-p 00000000 00:00 0 
7fd6867e8000-7fd6867e9000 ---p 00000000 00:00 0 
7fd6867e9000-7fd6867ed000 ---p 00000000 00:00 0 
7fd6867ed000-7fd6868e9000 rw-p 00000000 00:00 0 
7fd6868e9000-7fd6868ea000 ---p 00000000 00:00 0 
7fd6868ea000-7fd6868ee000 ---p 00000000 00:00 0 
7fd6868ee000-7fd6869ea000 rw-p 00000000 00:00 0 
7fd6869ea000-7fd6869eb000 ---p 00000000 00:00 0 
7fd6869eb000-7fd6869ef000 ---p 00000000 00:00 0 
7fd6869ef000-7fd686aeb000 rw-p 00000000 00:00 0 
7fd686aeb000-7fd686aec000 ---p 00000000 00:00 0 
7fd686aec000-7fd686af0000 ---p 00000000 00:00 0 
7fd686af0000-7fd686bec000 rw-p 00000000 00:00 0 
7fd686bec000-7fd686bed000 ---p 00000000 00:00 0 
7fd686bed000-7fd686bf1000 ---p 00000000 00:00 0 
7fd686bf1000-7fd686ced000 rw-p 00000000 00:00 0 
7fd686ced000-7fd686cee000 ---p 00000000 00:00 0 
7fd686cee000-7fd686cf2000 ---p 00000000 00:00 0 
7fd686cf2000-7fd686dee000 rw-p 00000000 00:00 0 
7fd686dee000-7fd686def000 ---p 00000000 00:00 0 
7fd686def000-7fd686df3000 ---p 00000000 00:00 0 
7fd686df3000-7fd686eef000 rw-p 00000000 00:00 0 
7fd686eef000-7fd686ef0000 ---p 00000000 00:00 0 
7fd686ef0000-7fd686ef4000 ---p 00000000 00:00 0 
7fd686ef4000-7fd686ff0000 rw-p 00000000 00:00 0 
7fd686ff0000-7fd686ff1000 ---p 00000000 00:00 0 
7fd686ff1000-7fd686ff5000 ---p 00000000 00:00 0 
7fd686ff5000-7fd6870f1000 rw-p 00000000 00:00 0 
7fd6870f1000-7fd6870f2000 ---p 00000000 00:00 0 
7fd6870f2000-7fd6870f6000 ---p 00000000 00:00 0 
7fd6870f6000-7fd6871f2000 rw-p 00000000 00:00 0 
7fd6871f2000-7fd6871f3000 ---p 00000000 00:00 0 
7fd6871f3000-7fd6871f7000 ---p 00000000 00:00 0 
7fd6871f7000-7fd6872f3000 rw-p 00000000 00:00 0 
7fd6872f3000-7fd6872f4000 ---p 00000000 00:00 0 
7fd6872f4000-7fd6872f8000 ---p 00000000 00:00 0 
7fd6872f8000-7fd6873f4000 rw-p 00000000 00:00 0 
7fd6873f4000-7fd6873f5000 ---p 00000000 00:00 0 
7fd6873f5000-7fd6873f9000 ---p 00000000 00:00 0 
7fd6873f9000-7fd6874f5000 rw-p 00000000 00:00 0 
7fd6874f5000-7fd6874f6000 ---p 00000000 00:00 0 
7fd6874f6000-7fd6874fa000 ---p 00000000 00:00 0 
7fd6874fa000-7fd6875f6000 rw-p 00000000 00:00 0 
7fd6875f6000-7fd6875f7000 ---p 00000000 00:00 0 
7fd6875f7000-7fd6875fb000 ---p 00000000 00:00 0 
7fd6875fb000-7fd6876f7000 rw-p 00000000 00:00 0 
7fd6876f7000-7fd6876f8000 ---p 00000000 00:00 0 
7fd6876f8000-7fd6876fc000 ---p 00000000 00:00 0 
7fd6876fc000-7fd6877f8000 rw-p 00000000 00:00 0 
7fd6877f8000-7fd6877f9000 ---p 00000000 00:00 0 
7fd6877f9000-7fd6877fd000 ---p 00000000 00:00 0 
7fd6877fd000-7fd6878f9000 rw-p 00000000 00:00 0 
7fd6878f9000-7fd6878fa000 ---p 00000000 00:00 0 
7fd6878fa000-7fd6878fe000 ---p 00000000 00:00 0 
7fd6878fe000-7fd6879fa000 rw-p 00000000 00:00 0 
7fd6879fa000-7fd6879fb000 ---p 00000000 00:00 0 
7fd6879fb000-7fd6879ff000 ---p 00000000 00:00 0 
7fd6879ff000-7fd687afb000 rw-p 00000000 00:00 0 
7fd687afb000-7fd687afc000 ---p 00000000 00:00 0 
7fd687afc000-7fd687b00000 ---p 00000000 00:00 0 
7fd687b00000-7fd687bfc000 rw-p 00000000 00:00 0 
7fd687bfc000-7fd687bfd000 ---p 00000000 00:00 0 
7fd687bfd000-7fd687c01000 ---p 00000000 00:00 0 
7fd687c01000-7fd687cfd000 rw-p 00000000 00:00 0 
7fd687cfd000-7fd687cfe000 ---p 00000000 00:00 0 
7fd687cfe000-7fd687d02000 ---p 00000000 00:00 0 
7fd687d02000-7fd687dfe000 rw-p 00000000 00:00 0 
7fd687dfe000-7fd687dff000 ---p 00000000 00:00 0 
7fd687dff000-7fd687e03000 ---p 00000000 00:00 0 
7fd687e03000-7fd687eff000 rw-p 00000000 00:00 0 
7fd687eff000-7fd687f00000 ---p 00000000 00:00 0 
7fd687f00000-7fd687f04000 ---p 00000000 00:00 0 
7fd687f04000-7fd688700000 rw-p 00000000 00:00 0 
7fd688700000-7fd688800000 rw-p 00000000 00:00 0 
7fd688800000-7fd688900000 rw-p 00000000 00:00 0 
7fd688900000-7fd688b00000 rw-p 00000000 00:00 0 
7fd688b00000-7fd688b80000 rw-p 00000000 00:00 0 
7fd688b80000-7fd688c00000 rw-p 00000000 00:00 0 
7fd688c00000-7fd688cc0000 rw-p 00000000 00:00 0 
7fd688cc0000-7fd688d00000 rw-p 00000000 00:00 0 
7fd688d00000-7fd688e80000 rw-p 00000000 00:00 0 
7fd688e80000-7fd688f00000 rw-p 00000000 00:00 0 
7fd688f00000-7fd689100000 rw-p 00000000 00:00 0 
7fd689100000-7fd689200000 rw-p 00000000 00:00 0 
7fd689200000-7fd68a180000 rw-p 00000000 00:00 0 
7fd68a180000-7fd68a200000 rw-p 00000000 00:00 0 
7fd68a200000-7fd68b9c0000 rw-p 00000000 00:00 0 
7fd68b9c0000-7fd68c000000 rw-p 00000000 00:00 0 
7fd68c000000-7fd68c02f000 rw-p 00000000 00:00 0 
7fd68c02f000-7fd690000000 ---p 00000000 00:00 0 
7fd690000000-7fd6900c4000 rw-p 00000000 00:00 0 
7fd6900c4000-7fd694000000 ---p 00000000 00:00 0 
7fd694000000-7fd6942e2000 rw-p 00000000 00:00 0 
7fd6942e2000-7fd698000000 ---p 00000000 00:00 0 
7fd698000000-7fd69809d000 rw-p 00000000 00:00 0 
7fd69809d000-7fd69c000000 ---p 00000000 00:00 0 
7fd69c000000-7fd69f764000 rw-p 00000000 00:00 0 
7fd69f764000-7fd6a0000000 ---p 00000000 00:00 0 
7fd6a0000000-7fd6a0030000 rw-p 00000000 00:00 0 
7fd6a0030000-7fd6a4000000 ---p 00000000 00:00 0 
7fd6a4000000-7fd6a41cc000 rw-p 00000000 00:00 0 
7fd6a41cc000-7fd6a8000000 ---p 00000000 00:00 0 
7fd6a8000000-7fd6aaa3b000 rw-p 00000000 00:00 0 
7fd6aaa3b000-7fd6ac000000 ---p 00000000 00:00 0 
7fd6ac000000-7fd6ac057000 rw-p 00000000 00:00 0 
7fd6ac057000-7fd6b0000000 ---p 00000000 00:00 0 
7fd6b0000000-7fd6b04a0000 rw-p 00000000 00:00 0 
7fd6b04a0000-7fd6b4000000 ---p 00000000 00:00 0 
7fd6b4000000-7fd6b4021000 rw-p 00000000 00:00 0 
7fd6b4021000-7fd6b8000000 ---p 00000000 00:00 0 
7fd6b8000000-7fd6b8028000 rw-p 00000000 00:00 0 
7fd6b8028000-7fd6bc000000 ---p 00000000 00:00 0 
7fd6bc000000-7fd6bc0f7000 rw-p 00000000 00:00 0 
7fd6bc0f7000-7fd6c0000000 ---p 00000000 00:00 0 
7fd6c00f1000-7fd6c00f2000 ---p 00000000 00:00 0 
7fd6c00f2000-7fd6c00f6000 ---p 00000000 00:00 0 
7fd6c00f6000-7fd6c01f2000 rw-p 00000000 00:00 0 
7fd6c01f2000-7fd6c01f3000 ---p 00000000 00:00 0 
7fd6c01f3000-7fd6c01f7000 ---p 00000000 00:00 0 
7fd6c01f7000-7fd6c02f3000 rw-p 00000000 00:00 0 
7fd6c02f3000-7fd6c02f4000 ---p 00000000 00:00 0 
7fd6c02f4000-7fd6c02f8000 ---p 00000000 00:00 0 
7fd6c02f8000-7fd6c03f4000 rw-p 00000000 00:00 0 
7fd6c03f4000-7fd6c03f5000 ---p 00000000 00:00 0 
7fd6c03f5000-7fd6c03f9000 ---p 00000000 00:00 0 
7fd6c03f9000-7fd6c04f5000 rw-p 00000000 00:00 0 
7fd6c04f5000-7fd6c04f6000 ---p 00000000 00:00 0 
7fd6c04f6000-7fd6c04fa000 ---p 00000000 00:00 0 
7fd6c04fa000-7fd6c05f6000 rw-p 00000000 00:00 0 
7fd6c05f6000-7fd6c05f7000 ---p 00000000 00:00 0 
7fd6c05f7000-7fd6c05fb000 ---p 00000000 00:00 0 
7fd6c05fb000-7fd6c06f7000 rw-p 00000000 00:00 0 
7fd6c06f7000-7fd6c06f8000 ---p 00000000 00:00 0 
7fd6c06f8000-7fd6c06fc000 ---p 00000000 00:00 0 
7fd6c06fc000-7fd6c07f8000 rw-p 00000000 00:00 0 
7fd6c07f8000-7fd6c07f9000 ---p 00000000 00:00 0 
7fd6c07f9000-7fd6c07fd000 ---p 00000000 00:00 0 
7fd6c07fd000-7fd6c08f9000 rw-p 00000000 00:00 0 
7fd6c08f9000-7fd6c08fa000 ---p 00000000 00:00 0 
7fd6c08fa000-7fd6c08fe000 ---p 00000000 00:00 0 
7fd6c08fe000-7fd6c09fa000 rw-p 00000000 00:00 0 
7fd6c09fa000-7fd6c09fb000 ---p 00000000 00:00 0 
7fd6c09fb000-7fd6c09ff000 ---p 00000000 00:00 0 
7fd6c09ff000-7fd6c0afb000 rw-p 00000000 00:00 0 
7fd6c0afb000-7fd6c0afc000 ---p 00000000 00:00 0 
7fd6c0afc000-7fd6c0b00000 ---p 00000000 00:00 0 
7fd6c0b00000-7fd6c0bfc000 rw-p 00000000 00:00 0 
7fd6c0bfc000-7fd6c0bfd000 ---p 00000000 00:00 0 
7fd6c0bfd000-7fd6c0c01000 ---p 00000000 00:00 0 
7fd6c0c01000-7fd6c0cfd000 rw-p 00000000 00:00 0 
7fd6c0cfd000-7fd6c0cfe000 ---p 00000000 00:00 0 
7fd6c0cfe000-7fd6c0d02000 ---p 00000000 00:00 0 
7fd6c0d02000-7fd6c0dfe000 rw-p 00000000 00:00 0 
7fd6c0dfe000-7fd6c0dff000 ---p 00000000 00:00 0 
7fd6c0dff000-7fd6c0e03000 ---p 00000000 00:00 0 
7fd6c0e03000-7fd6c0eff000 rw-p 00000000 00:00 0 
7fd6c0eff000-7fd6c0f00000 ---p 00000000 00:00 0 
7fd6c0f00000-7fd6c0f04000 ---p 00000000 00:00 0 
7fd6c0f04000-7fd6c1400000 rw-p 00000000 00:00 0 
7fd6c1400000-7fd6c17c0000 rw-p 00000000 00:00 0 
7fd6c17c0000-7fd6c1800000 rw-p 00000000 00:00 0 
7fd6c1800000-7fd6c19c0000 rw-p 00000000 00:00 0 
7fd6c19c0000-7fd6c1a00000 rw-p 00000000 00:00 0 
7fd6c1a00000-7fd6c1c00000 rw-p 00000000 00:00 0 
7fd6c1c00000-7fd6c2100000 rw-p 00000000 00:00 0 
7fd6c2100000-7fd6c2200000 rw-p 00000000 00:00 0 
7fd6c2200000-7fd6c2700000 rw-p 00000000 00:00 0 
7fd6c2700000-7fd6c2800000 rw-p 00000000 00:00 0 
7fd6c2800000-7fd6c2900000 rw-p 00000000 00:00 0 
7fd6c2900000-7fd6c2a00000 rw-p 00000000 00:00 0 
7fd6c2a00000-7fd6c3500000 rw-p 00000000 00:00 0 
7fd6c3500000-7fd6c3600000 rw-p 00000000 00:00 0 
7fd6c3600000-7fd6c4000000 rw-p 00000000 00:00 0 
7fd6c4000000-7fd6c4100000 rw-p 00000000 00:00 0 
7fd6c4100000-7fd6c4200000 rw-p 00000000 00:00 0 
7fd6c4200000-7fd6c5000000 rw-p 00000000 00:00 0 
7fd6c5000000-7fd6c5455000 rw-p 00001000 00:25 13853                      /usr/lib/jvm/java-17-openjdk-amd64/lib/server/classes.jsa
7fd6c5455000-7fd6c5bca000 rw-p 00456000 00:25 13853                      /usr/lib/jvm/java-17-openjdk-amd64/lib/server/classes.jsa
7fd6c5bca000-7fd6c6000000 ---p 00000000 00:00 0 
7fd6c6000000-7fd6c6040000 rw-p 00000000 00:00 0 
7fd6c6040000-7fd6c6080000 rw-p 00000000 00:00 0 
7fd6c6080000-7fd6c6140000 rw-p 00000000 00:00 0 
7fd6c6140000-7fd6c6180000 rw-p 00000000 00:00 0 
7fd6c6180000-7fd6c63e0000 rw-p 00000000 00:00 0 
7fd6c63e0000-7fd6c6440000 rw-p 00000000 00:00 0 
7fd6c6440000-7fd6c6480000 rw-p 00000000 00:00 0 
7fd6c6480000-7fd6c68c0000 rw-p 00000000 00:00 0 
7fd6c68c0000-7fd6c6900000 rw-p 00000000 00:00 0 
7fd6c6900000-7fd6c6cc0000 rw-p 00000000 00:00 0 
7fd6c6cc0000-7fd6c6d40000 rw-p 00000000 00:00 0 
7fd6c6d40000-7fd6c6d80000 rw-p 00000000 00:00 0 
7fd6c6d80000-7fd6c7480000 rw-p 00000000 00:00 0 
7fd6c7480000-7fd6e0000000 ---p 00000000 00:00 0 
7fd6e0000000-7fd6e4000000 rw-p 00000000 00:00 0 
7fd6e4000000-7fd6e403f000 rw-p 00000000 00:00 0 
7fd6e403f000-7fd6e8000000 ---p 00000000 00:00 0 
7fd6e80b1000-7fd6e80b2000 ---p 00000000 00:00 0 
7fd6e80b2000-7fd6e80b6000 ---p 00000000 00:00 0 
7fd6e80b6000-7fd6e81b2000 rw-p 00000000 00:00 0 
7fd6e81b2000-7fd6e81b3000 ---p 00000000 00:00 0 
7fd6e81b3000-7fd6e81b7000 ---p 00000000 00:00 0 
7fd6e81b7000-7fd6e82b3000 rw-p 00000000 00:00 0 
7fd6e82b3000-7fd6e82b4000 ---p 00000000 00:00 0 
7fd6e82b4000-7fd6e82b8000 ---p 00000000 00:00 0 
7fd6e82b8000-7fd6e83b4000 rw-p 00000000 00:00 0 
7fd6e83b4000-7fd6e83b5000 ---p 00000000 00:00 0 
7fd6e83b5000-7fd6e83b9000 ---p 00000000 00:00 0 
7fd6e83b9000-7fd6e84b5000 rw-p 00000000 00:00 0 
7fd6e84b5000-7fd6e84b6000 ---p 00000000 00:00 0 
7fd6e84b6000-7fd6e84ba000 ---p 00000000 00:00 0 
7fd6e84ba000-7fd6e85b6000 rw-p 00000000 00:00 0 
7fd6e85b6000-7fd6e85b7000 ---p 00000000 00:00 0 
7fd6e85b7000-7fd6e85bb000 ---p 00000000 00:00 0 
7fd6e85bb000-7fd6e86b7000 rw-p 00000000 00:00 0 
7fd6e86b7000-7fd6e86b8000 ---p 00000000 00:00 0 
7fd6e86b8000-7fd6e86bc000 ---p 00000000 00:00 0 
7fd6e86bc000-7fd6e87b8000 rw-p 00000000 00:00 0 
7fd6e87b8000-7fd6e87b9000 ---p 00000000 00:00 0 
7fd6e87b9000-7fd6e87bd000 ---p 00000000 00:00 0 
7fd6e87bd000-7fd6e88b9000 rw-p 00000000 00:00 0 
7fd6e88b9000-7fd6e88ba000 ---p 00000000 00:00 0 
7fd6e88ba000-7fd6e88be000 ---p 00000000 00:00 0 
7fd6e88be000-7fd6e89ba000 rw-p 00000000 00:00 0 
7fd6e89ba000-7fd6e89bb000 ---p 00000000 00:00 0 
7fd6e89bb000-7fd6e89bf000 ---p 00000000 00:00 0 
7fd6e89bf000-7fd6e8abb000 rw-p 00000000 00:00 0 
7fd6e8abb000-7fd6e8abc000 ---p 00000000 00:00 0 
7fd6e8abc000-7fd6e8ac0000 ---p 00000000 00:00 0 
7fd6e8ac0000-7fd6e8bbc000 rw-p 00000000 00:00 0 
7fd6e8bbc000-7fd6e8bbd000 ---p 00000000 00:00 0 
7fd6e8bbd000-7fd6e8bc1000 ---p 00000000 00:00 0 
7fd6e8bc1000-7fd6e8cbd000 rw-p 00000000 00:00 0 
7fd6e8cbd000-7fd6e8cbe000 ---p 00000000 00:00 0 
7fd6e8cbe000-7fd6e8cc2000 ---p 00000000 00:00 0 
7fd6e8cc2000-7fd6e8dbe000 rw-p 00000000 00:00 0 
7fd6e8dbe000-7fd6e8dbf000 ---p 00000000 00:00 0 
7fd6e8dbf000-7fd6e8dc3000 ---p 00000000 00:00 0 
7fd6e8dc3000-7fd6e8ebf000 rw-p 00000000 00:00 0 
7fd6e8ebf000-7fd6e8ec0000 ---p 00000000 00:00 0 
7fd6e8ec0000-7fd6e8ec4000 ---p 00000000 00:00 0 
7fd6e8ec4000-7fd6e8fc0000 rw-p 00000000 00:00 0 
7fd6e8fc0000-7fd6e8fc1000 ---p 00000000 00:00 0 
7fd6e8fc1000-7fd6e8fc5000 ---p 00000000 00:00 0 
7fd6e8fc5000-7fd6e90c1000 rw-p 00000000 00:00 0 
7fd6e910d000-7fd6e910e000 ---p 00000000 00:00 0 
7fd6e910e000-7fd6e9112000 ---p 00000000 00:00 0 
7fd6e9112000-7fd6e920e000 rw-p 00000000 00:00 0 
7fd6e920e000-7fd6e920f000 ---p 00000000 00:00 0 
7fd6e920f000-7fd6e9213000 ---p 00000000 00:00 0 
7fd6e9213000-7fd6e930f000 rw-p 00000000 00:00 0 
7fd6e930f000-7fd6e9310000 ---p 00000000 00:00 0 
7fd6e9310000-7fd6e9314000 ---p 00000000 00:00 0 
7fd6e9314000-7fd6e9410000 rw-p 00000000 00:00 0 
7fd6e9410000-7fd6e9411000 ---p 00000000 00:00 0 
7fd6e9411000-7fd6e9415000 ---p 00000000 00:00 0 
7fd6e9415000-7fd6e9511000 rw-p 00000000 00:00 0 
7fd6e9511000-7fd6eba61000 rwxp 00000000 00:00 0 
7fd6eba61000-7fd6f0a49000 ---p 00000000 00:00 0 
7fd6f0a49000-7fd6f0ce9000 rwxp 00000000 00:00 0 
7fd6f0ce9000-7fd6f0fd8000 ---p 00000000 00:00 0 
7fd6f0fd8000-7fd6f1988000 rwxp 00000000 00:00 0 
7fd6f1988000-7fd6f8511000 ---p 00000000 00:00 0 
7fd6f8511000-7fd700000000 r--s 00000000 00:25 13844                      /usr/lib/jvm/java-17-openjdk-amd64/lib/modules
7fd700000000-7fd7013ef000 rw-p 00000000 00:00 0 
7fd7013ef000-7fd704000000 ---p 00000000 00:00 0 
7fd7040b1000-7fd7040b2000 ---p 00000000 00:00 0 
7fd7040b2000-7fd7040b6000 ---p 00000000 00:00 0 
7fd7040b6000-7fd7040d4000 rw-p 00000000 00:00 0 
7fd7040d4000-7fd7040d5000 ---p 00000000 00:00 0 
7fd7040d5000-7fd7040d9000 ---p 00000000 00:00 0 
7fd7040d9000-7fd7040f7000 rw-p 00000000 00:00 0 
7fd7040f7000-7fd7040f8000 ---p 00000000 00:00 0 
7fd7040f8000-7fd7040fc000 ---p 00000000 00:00 0 
7fd7040fc000-7fd7041f8000 rw-p 00000000 00:00 0 
7fd7041f8000-7fd7041f9000 ---p 00000000 00:00 0 
7fd7041f9000-7fd7041fd000 ---p 00000000 00:00 0 
7fd7041fd000-7fd7042f9000 rw-p 00000000 00:00 0 
7fd7042f9000-7fd7042fa000 ---p 00000000 00:00 0 
7fd7042fa000-7fd7042fe000 ---p 00000000 00:00 0 
7fd7042fe000-7fd7043fa000 rw-p 00000000 00:00 0 
7fd7043fa000-7fd7043fb000 ---p 00000000 00:00 0 
7fd7043fb000-7fd7043ff000 ---p 00000000 00:00 0 
7fd7043ff000-7fd7044fb000 rw-p 00000000 00:00 0 
7fd7044fb000-7fd7044fc000 ---p 00000000 00:00 0 
7fd7044fc000-7fd704500000 ---p 00000000 00:00 0 
7fd704500000-7fd7045fc000 rw-p 00000000 00:00 0 
7fd7045fc000-7fd7045fd000 ---p 00000000 00:00 0 
7fd7045fd000-7fd704601000 ---p 00000000 00:00 0 
7fd704601000-7fd7046fd000 rw-p 00000000 00:00 0 
7fd7046fd000-7fd7046fe000 ---p 00000000 00:00 0 
7fd7046fe000-7fd704702000 ---p 00000000 00:00 0 
7fd704702000-7fd7047fe000 rw-p 00000000 00:00 0 
7fd7047fe000-7fd7047ff000 ---p 00000000 00:00 0 
7fd7047ff000-7fd704803000 ---p 00000000 00:00 0 
7fd704803000-7fd7048ff000 rw-p 00000000 00:00 0 
7fd7048ff000-7fd704900000 ---p 00000000 00:00 0 
7fd704900000-7fd704904000 ---p 00000000 00:00 0 
7fd704904000-7fd704a00000 rw-p 00000000 00:00 0 
7fd704a00000-7fd704a05000 r-xp 00000000 fe:00 273292                     /root/.gradle/native/1def1411415f61bf3af743bc5b6707747c0891f09f0c88961ee8f79bc544acac/linux-amd64/libnative-platform.so
7fd704a05000-7fd704c05000 ---p 00005000 fe:00 273292                     /root/.gradle/native/1def1411415f61bf3af743bc5b6707747c0891f09f0c88961ee8f79bc544acac/linux-amd64/libnative-platform.so
7fd704c05000-7fd704c06000 r--p 00005000 fe:00 273292                     /root/.gradle/native/1def1411415f61bf3af743bc5b6707747c0891f09f0c88961ee8f79bc544acac/linux-amd64/libnative-platform.so
7fd704c06000-7fd704c07000 rw-p 00006000 fe:00 273292                     /root/.gradle/native/1def1411415f61bf3af743bc5b6707747c0891f09f0c88961ee8f79bc544acac/linux-amd64/libnative-platform.so
7fd704c1e000-7fd704c1f000 r--p 00000000 00:25 13837                      /usr/lib/jvm/java-17-openjdk-amd64/lib/librmi.so
7fd704c1f000-7fd704c20000 r-xp 00001000 00:25 13837                      /usr/lib/jvm/java-17-openjdk-amd64/lib/librmi.so
7fd704c20000-7fd704c21000 r--p 00002000 00:25 13837                      /usr/lib/jvm/java-17-openjdk-amd64/lib/librmi.so
7fd704c21000-7fd704c22000 r--p 00002000 00:25 13837                      /usr/lib/jvm/java-17-openjdk-amd64/lib/librmi.so
7fd704c22000-7fd704c23000 rw-p 00003000 00:25 13837                      /usr/lib/jvm/java-17-openjdk-amd64/lib/librmi.so
7fd704c23000-7fd704c24000 r--p 00000000 00:25 13813                      /usr/lib/jvm/java-17-openjdk-amd64/lib/libextnet.so
7fd704c24000-7fd704c25000 r-xp 00001000 00:25 13813                      /usr/lib/jvm/java-17-openjdk-amd64/lib/libextnet.so
7fd704c25000-7fd704c26000 r--p 00002000 00:25 13813                      /usr/lib/jvm/java-17-openjdk-amd64/lib/libextnet.so
7fd704c26000-7fd704c27000 r--p 00002000 00:25 13813                      /usr/lib/jvm/java-17-openjdk-amd64/lib/libextnet.so
7fd704c27000-7fd704c28000 rw-p 00003000 00:25 13813                      /usr/lib/jvm/java-17-openjdk-amd64/lib/libextnet.so
7fd704c28000-7fd704c2a000 r--p 00000000 00:25 13832                      /usr/lib/jvm/java-17-openjdk-amd64/lib/libmanagement_ext.so
7fd704c2a000-7fd704c2d000 r-xp 00002000 00:25 13832                      /usr/lib/jvm/java-17-openjdk-amd64/lib/libmanagement_ext.so
7fd704c2d000-7fd704c2e000 r--p 00005000 00:25 13832                      /usr/lib/jvm/java-17-openjdk-amd64/lib/libmanagement_ext.so
7fd704c2e000-7fd704c2f000 r--p 00006000 00:25 13832                      /usr/lib/jvm/java-17-openjdk-amd64/lib/libmanagement_ext.so
7fd704c2f000-7fd704c30000 rw-p 00007000 00:25 13832                      /usr/lib/jvm/java-17-openjdk-amd64/lib/libmanagement_ext.so
7fd704c30000-7fd704c31000 r--p 00000000 00:25 17909                      /usr/lib/x86_64-linux-gnu/libdl.so.2
7fd704c31000-7fd704c32000 r-xp 00001000 00:25 17909                      /usr/lib/x86_64-linux-gnu/libdl.so.2
7fd704c32000-7fd704c33000 r--p 00002000 00:25 17909                      /usr/lib/x86_64-linux-gnu/libdl.so.2
7fd704c33000-7fd704c34000 r--p 00002000 00:25 17909                      /usr/lib/x86_64-linux-gnu/libdl.so.2
7fd704c34000-7fd704c35000 rw-p 00003000 00:25 17909                      /usr/lib/x86_64-linux-gnu/libdl.so.2
7fd704c35000-7fd704c36000 r--p 00000000 00:25 18162                      /usr/lib/x86_64-linux-gnu/libpthread.so.0
7fd704c36000-7fd704c37000 r-xp 00001000 00:25 18162                      /usr/lib/x86_64-linux-gnu/libpthread.so.0
7fd704c37000-7fd704c38000 r--p 00002000 00:25 18162                      /usr/lib/x86_64-linux-gnu/libpthread.so.0
7fd704c38000-7fd704c39000 r--p 00002000 00:25 18162                      /usr/lib/x86_64-linux-gnu/libpthread.so.0
7fd704c39000-7fd704c3a000 rw-p 00003000 00:25 18162                      /usr/lib/x86_64-linux-gnu/libpthread.so.0
7fd704c3a000-7fd704c76000 r--p 00000000 fe:00 273317                     /root/.gradle/native/0.2.7/x86_64-linux-gnu/libgradle-fileevents.so
7fd704c76000-7fd704cbe000 r-xp 0003b000 fe:00 273317                     /root/.gradle/native/0.2.7/x86_64-linux-gnu/libgradle-fileevents.so
7fd704cbe000-7fd704cc7000 r--p 00082000 fe:00 273317                     /root/.gradle/native/0.2.7/x86_64-linux-gnu/libgradle-fileevents.so
7fd704cc7000-7fd704cc8000 rw-p 0008a000 fe:00 273317                     /root/.gradle/native/0.2.7/x86_64-linux-gnu/libgradle-fileevents.so
7fd704cc8000-7fd704ccb000 rw-p 00000000 00:00 0 
7fd704ccb000-7fd704ccf000 r--p 00000000 00:25 13842                      /usr/lib/jvm/java-17-openjdk-amd64/lib/libverify.so
7fd704ccf000-7fd704cd6000 r-xp 00004000 00:25 13842                      /usr/lib/jvm/java-17-openjdk-amd64/lib/libverify.so
7fd704cd6000-7fd704cd8000 r--p 0000b000 00:25 13842                      /usr/lib/jvm/java-17-openjdk-amd64/lib/libverify.so
7fd704cd8000-7fd704cda000 r--p 0000c000 00:25 13842                      /usr/lib/jvm/java-17-openjdk-amd64/lib/libverify.so
7fd704cda000-7fd704cdb000 rw-p 0000e000 00:25 13842                      /usr/lib/jvm/java-17-openjdk-amd64/lib/libverify.so
7fd704cdb000-7fd704cdc000 ---p 00000000 00:00 0 
7fd704cdc000-7fd704ddc000 rw-p 00000000 00:00 0 
7fd704ddc000-7fd704ddd000 ---p 00000000 00:00 0 
7fd704ddd000-7fd704edd000 rw-p 00000000 00:00 0 
7fd704edd000-7fd704ede000 ---p 00000000 00:00 0 
7fd704ede000-7fd704ee2000 ---p 00000000 00:00 0 
7fd704ee2000-7fd704fde000 rw-p 00000000 00:00 0 
7fd704fde000-7fd704fe2000 r--p 00000000 00:25 13834                      /usr/lib/jvm/java-17-openjdk-amd64/lib/libnet.so
7fd704fe2000-7fd704ff0000 r-xp 00004000 00:25 13834                      /usr/lib/jvm/java-17-openjdk-amd64/lib/libnet.so
7fd704ff0000-7fd704ff4000 r--p 00012000 00:25 13834                      /usr/lib/jvm/java-17-openjdk-amd64/lib/libnet.so
7fd704ff4000-7fd704ff5000 r--p 00015000 00:25 13834                      /usr/lib/jvm/java-17-openjdk-amd64/lib/libnet.so
7fd704ff5000-7fd704ff6000 rw-p 00016000 00:25 13834                      /usr/lib/jvm/java-17-openjdk-amd64/lib/libnet.so
7fd704ff6000-7fd704ff7000 ---p 00000000 00:00 0 
7fd704ff7000-7fd704ffb000 ---p 00000000 00:00 0 
7fd704ffb000-7fd7050f7000 rw-p 00000000 00:00 0 
7fd7050f7000-7fd7050f8000 ---p 00000000 00:00 0 
7fd7050f8000-7fd7050fc000 ---p 00000000 00:00 0 
7fd7050fc000-7fd7051f8000 rw-p 00000000 00:00 0 
7fd7051f8000-7fd7051f9000 ---p 00000000 00:00 0 
7fd7051f9000-7fd7051fd000 ---p 00000000 00:00 0 
7fd7051fd000-7fd7052f9000 rw-p 00000000 00:00 0 
7fd7052f9000-7fd7052fa000 ---p 00000000 00:00 0 
7fd7052fa000-7fd7052fe000 ---p 00000000 00:00 0 
7fd7052fe000-7fd7053fa000 rw-p 00000000 00:00 0 
7fd7053fa000-7fd7053fb000 ---p 00000000 00:00 0 
7fd7053fb000-7fd7053ff000 ---p 00000000 00:00 0 
7fd7053ff000-7fd7054fb000 rw-p 00000000 00:00 0 
7fd7054fb000-7fd7054fc000 ---p 00000000 00:00 0 
7fd7054fc000-7fd705500000 ---p 00000000 00:00 0 
7fd705500000-7fd7055fc000 rw-p 00000000 00:00 0 
7fd7055fc000-7fd7055fd000 ---p 00000000 00:00 0 
7fd7055fd000-7fd705601000 ---p 00000000 00:00 0 
7fd705601000-7fd7056fd000 rw-p 00000000 00:00 0 
7fd7056fd000-7fd705754000 r--p 00000000 00:25 13893                      /usr/lib/locale/C.utf8/LC_CTYPE
7fd705754000-7fd705755000 ---p 00000000 00:00 0 
7fd705755000-7fd705759000 ---p 00000000 00:00 0 
7fd705759000-7fd705855000 rw-p 00000000 00:00 0 
7fd705855000-7fd705856000 ---p 00000000 00:00 0 
7fd705856000-7fd70585a000 ---p 00000000 00:00 0 
7fd70585a000-7fd705956000 rw-p 00000000 00:00 0 
7fd705956000-7fd705957000 ---p 00000000 00:00 0 
7fd705957000-7fd705a57000 rw-p 00000000 00:00 0 
7fd705a57000-7fd705a5c000 r--p 00000000 00:25 13828                      /usr/lib/jvm/java-17-openjdk-amd64/lib/libjsvml.so
7fd705a5c000-7fd705a9d000 r-xp 00005000 00:25 13828                      /usr/lib/jvm/java-17-openjdk-amd64/lib/libjsvml.so
7fd705a9d000-7fd705b26000 r--p 00046000 00:25 13828                      /usr/lib/jvm/java-17-openjdk-amd64/lib/libjsvml.so
7fd705b26000-7fd705b27000 r--p 000ce000 00:25 13828                      /usr/lib/jvm/java-17-openjdk-amd64/lib/libjsvml.so
7fd705b27000-7fd705b28000 rw-p 000cf000 00:25 13828                      /usr/lib/jvm/java-17-openjdk-amd64/lib/libjsvml.so
7fd705b28000-7fd70654e000 rw-p 00000000 00:00 0 
7fd706551000-7fd706553000 r--p 00000000 00:25 13830                      /usr/lib/jvm/java-17-openjdk-amd64/lib/libmanagement.so
7fd706553000-7fd706554000 r-xp 00002000 00:25 13830                      /usr/lib/jvm/java-17-openjdk-amd64/lib/libmanagement.so
7fd706554000-7fd706555000 r--p 00003000 00:25 13830                      /usr/lib/jvm/java-17-openjdk-amd64/lib/libmanagement.so
7fd706555000-7fd706556000 r--p 00003000 00:25 13830                      /usr/lib/jvm/java-17-openjdk-amd64/lib/libmanagement.so
7fd706556000-7fd706557000 rw-p 00004000 00:25 13830                      /usr/lib/jvm/java-17-openjdk-amd64/lib/libmanagement.so
7fd706557000-7fd70655e000 r--p 00000000 00:25 13835                      /usr/lib/jvm/java-17-openjdk-amd64/lib/libnio.so
7fd70655e000-7fd706567000 r-xp 00007000 00:25 13835                      /usr/lib/jvm/java-17-openjdk-amd64/lib/libnio.so
7fd706567000-7fd70656b000 r--p 00010000 00:25 13835                      /usr/lib/jvm/java-17-openjdk-amd64/lib/libnio.so
7fd70656b000-7fd70656c000 r--p 00014000 00:25 13835                      /usr/lib/jvm/java-17-openjdk-amd64/lib/libnio.so
7fd70656c000-7fd70656d000 rw-p 00015000 00:25 13835                      /usr/lib/jvm/java-17-openjdk-amd64/lib/libnio.so
7fd70656d000-7fd70656f000 r--p 00000000 00:25 13843                      /usr/lib/jvm/java-17-openjdk-amd64/lib/libzip.so
7fd70656f000-7fd706573000 r-xp 00002000 00:25 13843                      /usr/lib/jvm/java-17-openjdk-amd64/lib/libzip.so
7fd706573000-7fd706575000 r--p 00006000 00:25 13843                      /usr/lib/jvm/java-17-openjdk-amd64/lib/libzip.so
7fd706575000-7fd706576000 r--p 00007000 00:25 13843                      /usr/lib/jvm/java-17-openjdk-amd64/lib/libzip.so
7fd706576000-7fd706577000 rw-p 00008000 00:25 13843                      /usr/lib/jvm/java-17-openjdk-amd64/lib/libzip.so
7fd706577000-7fd706578000 r--p 00000000 00:25 13899                      /usr/lib/locale/C.utf8/LC_NUMERIC
7fd706578000-7fd706579000 r--p 00000000 00:25 13902                      /usr/lib/locale/C.utf8/LC_TIME
7fd706579000-7fd70657a000 r--p 00000000 00:25 13892                      /usr/lib/locale/C.utf8/LC_COLLATE
7fd70657a000-7fd70657b000 r--p 00000000 00:25 13897                      /usr/lib/locale/C.utf8/LC_MONETARY
7fd70657b000-7fd70657c000 r--p 00000000 00:25 13896                      /usr/lib/locale/C.utf8/LC_MESSAGES/SYS_LC_MESSAGES
7fd70657c000-7fd70657d000 r--p 00000000 00:25 13900                      /usr/lib/locale/C.utf8/LC_PAPER
7fd70657d000-7fd70657e000 r--p 00000000 00:25 13898                      /usr/lib/locale/C.utf8/LC_NAME
7fd70657e000-7fd706585000 r--s 00000000 00:25 17585                      /usr/lib/x86_64-linux-gnu/gconv/gconv-modules.cache
7fd706585000-7fd7069fe000 rw-p 00000000 00:00 0 
7fd7069fe000-7fd706c58000 ---p 00000000 00:00 0 
7fd706c58000-7fd706c59000 ---p 00000000 00:00 0 
7fd706c59000-7fd706daa000 rw-p 00000000 00:00 0 
7fd706daa000-7fd707003000 ---p 00000000 00:00 0 
7fd707003000-7fd707159000 rw-p 00000000 00:00 0 
7fd707159000-7fd70716e000 rw-p 00000000 00:00 0 
7fd70716e000-7fd707245000 ---p 00000000 00:00 0 
7fd707245000-7fd707290000 rw-p 00000000 00:00 0 
7fd707290000-7fd707330000 ---p 00000000 00:00 0 
7fd707330000-7fd707336000 rw-p 00000000 00:00 0 
7fd707336000-7fd70733c000 ---p 00000000 00:00 0 
7fd70733c000-7fd707344000 rw-s 00000000 fe:00 274453                     /tmp/hsperfdata_root/1286
7fd707344000-7fd707350000 r--p 00000000 00:25 13820                      /usr/lib/jvm/java-17-openjdk-amd64/lib/libjava.so
7fd707350000-7fd707361000 r-xp 0000c000 00:25 13820                      /usr/lib/jvm/java-17-openjdk-amd64/lib/libjava.so
7fd707361000-7fd707367000 r--p 0001d000 00:25 13820                      /usr/lib/jvm/java-17-openjdk-amd64/lib/libjava.so
7fd707367000-7fd707368000 r--p 00022000 00:25 13820                      /usr/lib/jvm/java-17-openjdk-amd64/lib/libjava.so
7fd707368000-7fd707369000 rw-p 00023000 00:25 13820                      /usr/lib/jvm/java-17-openjdk-amd64/lib/libjava.so
7fd707369000-7fd70736a000 rw-p 00000000 00:00 0 
7fd70736a000-7fd70736b000 r--p 00000000 00:25 13815                      /usr/lib/jvm/java-17-openjdk-amd64/lib/libinstrument.so
7fd70736b000-7fd707371000 r-xp 00001000 00:25 13815                      /usr/lib/jvm/java-17-openjdk-amd64/lib/libinstrument.so
7fd707371000-7fd707374000 r--p 00007000 00:25 13815                      /usr/lib/jvm/java-17-openjdk-amd64/lib/libinstrument.so
7fd707374000-7fd707375000 r--p 00009000 00:25 13815                      /usr/lib/jvm/java-17-openjdk-amd64/lib/libinstrument.so
7fd707375000-7fd707376000 rw-p 0000a000 00:25 13815                      /usr/lib/jvm/java-17-openjdk-amd64/lib/libinstrument.so
7fd707376000-7fd707378000 r--p 00000000 00:25 13824                      /usr/lib/jvm/java-17-openjdk-amd64/lib/libjimage.so
7fd707378000-7fd70737b000 r-xp 00002000 00:25 13824                      /usr/lib/jvm/java-17-openjdk-amd64/lib/libjimage.so
7fd70737b000-7fd70737c000 r--p 00005000 00:25 13824                      /usr/lib/jvm/java-17-openjdk-amd64/lib/libjimage.so
7fd70737c000-7fd70737d000 r--p 00006000 00:25 13824                      /usr/lib/jvm/java-17-openjdk-amd64/lib/libjimage.so
7fd70737d000-7fd70737e000 rw-p 00007000 00:25 13824                      /usr/lib/jvm/java-17-openjdk-amd64/lib/libjimage.so
7fd70737e000-7fd707382000 ---p 00000000 00:00 0 
7fd707382000-7fd70747e000 rw-p 00000000 00:00 0 
7fd70747e000-7fd707481000 r--p 00000000 00:25 17971                      /usr/lib/x86_64-linux-gnu/libgcc_s.so.1
7fd707481000-7fd707498000 r-xp 00003000 00:25 17971                      /usr/lib/x86_64-linux-gnu/libgcc_s.so.1
7fd707498000-7fd70749c000 r--p 0001a000 00:25 17971                      /usr/lib/x86_64-linux-gnu/libgcc_s.so.1
7fd70749c000-7fd70749d000 r--p 0001d000 00:25 17971                      /usr/lib/x86_64-linux-gnu/libgcc_s.so.1
7fd70749d000-7fd70749e000 rw-p 0001e000 00:25 17971                      /usr/lib/x86_64-linux-gnu/libgcc_s.so.1
7fd70749e000-7fd7074ae000 r--p 00000000 00:25 18072                      /usr/lib/x86_64-linux-gnu/libm.so.6
7fd7074ae000-7fd707522000 r-xp 00010000 00:25 18072                      /usr/lib/x86_64-linux-gnu/libm.so.6
7fd707522000-7fd70757c000 r--p 00084000 00:25 18072                      /usr/lib/x86_64-linux-gnu/libm.so.6
7fd70757c000-7fd70757d000 r--p 000dd000 00:25 18072                      /usr/lib/x86_64-linux-gnu/libm.so.6
7fd70757d000-7fd70757e000 rw-p 000de000 00:25 18072                      /usr/lib/x86_64-linux-gnu/libm.so.6
7fd70757e000-7fd707617000 r--p 00000000 00:25 18239                      /usr/lib/x86_64-linux-gnu/libstdc++.so.6.0.30
7fd707617000-7fd707718000 r-xp 00099000 00:25 18239                      /usr/lib/x86_64-linux-gnu/libstdc++.so.6.0.30
7fd707718000-7fd707787000 r--p 0019a000 00:25 18239                      /usr/lib/x86_64-linux-gnu/libstdc++.so.6.0.30
7fd707787000-7fd707792000 r--p 00209000 00:25 18239                      /usr/lib/x86_64-linux-gnu/libstdc++.so.6.0.30
7fd707792000-7fd707795000 rw-p 00214000 00:25 18239                      /usr/lib/x86_64-linux-gnu/libstdc++.so.6.0.30
7fd707795000-7fd707798000 rw-p 00000000 00:00 0 
7fd707798000-7fd7079e9000 r--p 00000000 00:25 13856                      /usr/lib/jvm/java-17-openjdk-amd64/lib/server/libjvm.so
7fd7079e9000-7fd70873b000 r-xp 00251000 00:25 13856                      /usr/lib/jvm/java-17-openjdk-amd64/lib/server/libjvm.so
7fd70873b000-7fd7089bd000 r--p 00fa3000 00:25 13856                      /usr/lib/jvm/java-17-openjdk-amd64/lib/server/libjvm.so
7fd7089bd000-7fd708a75000 r--p 01225000 00:25 13856                      /usr/lib/jvm/java-17-openjdk-amd64/lib/server/libjvm.so
7fd708a75000-7fd708aaa000 rw-p 012dd000 00:25 13856                      /usr/lib/jvm/java-17-openjdk-amd64/lib/server/libjvm.so
7fd708aaa000-7fd708b06000 rw-p 00000000 00:00 0 
7fd708b06000-7fd708b2c000 r--p 00000000 00:25 17860                      /usr/lib/x86_64-linux-gnu/libc.so.6
7fd708b2c000-7fd708c82000 r-xp 00026000 00:25 17860                      /usr/lib/x86_64-linux-gnu/libc.so.6
7fd708c82000-7fd708cd5000 r--p 0017c000 00:25 17860                      /usr/lib/x86_64-linux-gnu/libc.so.6
7fd708cd5000-7fd708cd9000 r--p 001cf000 00:25 17860                      /usr/lib/x86_64-linux-gnu/libc.so.6
7fd708cd9000-7fd708cdb000 rw-p 001d3000 00:25 17860                      /usr/lib/x86_64-linux-gnu/libc.so.6
7fd708cdb000-7fd708ce8000 rw-p 00000000 00:00 0 
7fd708ce8000-7fd708cea000 r--p 00000000 00:25 13825                      /usr/lib/jvm/java-17-openjdk-amd64/lib/libjli.so
7fd708cea000-7fd708cf3000 r-xp 00002000 00:25 13825                      /usr/lib/jvm/java-17-openjdk-amd64/lib/libjli.so
7fd708cf3000-7fd708cf6000 r--p 0000b000 00:25 13825                      /usr/lib/jvm/java-17-openjdk-amd64/lib/libjli.so
7fd708cf6000-7fd708cf7000 r--p 0000d000 00:25 13825                      /usr/lib/jvm/java-17-openjdk-amd64/lib/libjli.so
7fd708cf7000-7fd708cf8000 rw-p 0000e000 00:25 13825                      /usr/lib/jvm/java-17-openjdk-amd64/lib/libjli.so
7fd708cf8000-7fd708cfb000 r--p 00000000 00:25 1006                       /usr/lib/x86_64-linux-gnu/libz.so.1.2.13
7fd708cfb000-7fd708d0e000 r-xp 00003000 00:25 1006                       /usr/lib/x86_64-linux-gnu/libz.so.1.2.13
7fd708d0e000-7fd708d15000 r--p 00016000 00:25 1006                       /usr/lib/x86_64-linux-gnu/libz.so.1.2.13
7fd708d15000-7fd708d16000 r--p 0001c000 00:25 1006                       /usr/lib/x86_64-linux-gnu/libz.so.1.2.13
7fd708d16000-7fd708d17000 rw-p 0001d000 00:25 1006                       /usr/lib/x86_64-linux-gnu/libz.so.1.2.13
7fd708d17000-7fd708d18000 r--p 00000000 00:25 13891                      /usr/lib/locale/C.utf8/LC_ADDRESS
7fd708d18000-7fd708d19000 r--p 00000000 00:25 13901                      /usr/lib/locale/C.utf8/LC_TELEPHONE
7fd708d19000-7fd708d1a000 r--p 00000000 00:25 13895                      /usr/lib/locale/C.utf8/LC_MEASUREMENT
7fd708d1a000-7fd708d1b000 r--p 00000000 00:25 13894                      /usr/lib/locale/C.utf8/LC_IDENTIFICATION
7fd708d1b000-7fd708d1c000 ---p 00000000 00:00 0 
7fd708d1c000-7fd708d1d000 r--p 00000000 00:00 0 
7fd708d1d000-7fd708d1e000 ---p 00000000 00:00 0 
7fd708d1e000-7fd708d20000 rw-p 00000000 00:00 0 
7fd708d20000-7fd708d21000 r--p 00000000 00:25 17646                      /usr/lib/x86_64-linux-gnu/ld-linux-x86-64.so.2
7fd708d21000-7fd708d47000 r-xp 00001000 00:25 17646                      /usr/lib/x86_64-linux-gnu/ld-linux-x86-64.so.2
7fd708d47000-7fd708d51000 r--p 00027000 00:25 17646                      /usr/lib/x86_64-linux-gnu/ld-linux-x86-64.so.2
7fd708d51000-7fd708d53000 r--p 00031000 00:25 17646                      /usr/lib/x86_64-linux-gnu/ld-linux-x86-64.so.2
7fd708d53000-7fd708d55000 rw-p 00033000 00:25 17646                      /usr/lib/x86_64-linux-gnu/ld-linux-x86-64.so.2
7ffe3d21d000-7ffe3d23e000 rw-p 00000000 00:00 0                          [stack]
7ffe3d24e000-7ffe3d251000 r--p 00000000 00:00 0                          [vvar]
7ffe3d251000-7ffe3d253000 r-xp 00000000 00:00 0                          [vdso]
ffffffffff600000-ffffffffff601000 r-xp 00000000 00:00 0                  [vsyscall]


VM Arguments:
jvm_args: --add-opens=java.base/java.lang=ALL-UNNAMED --add-opens=java.base/java.lang.invoke=ALL-UNNAMED --add-opens=java.base/java.util=ALL-UNNAMED --add-opens=java.prefs/java.util.prefs=ALL-UNNAMED --add-exports=jdk.compiler/com.sun.tools.javac.api=ALL-UNNAMED --add-exports=jdk.compiler/com.sun.tools.javac.util=ALL-UNNAMED --add-opens=java.base/java.util=ALL-UNNAMED --add-opens=java.prefs/java.util.prefs=ALL-UNNAMED --add-opens=java.base/java.nio.charset=ALL-UNNAMED --add-opens=java.base/java.net=ALL-UNNAMED --add-opens=java.base/java.util.concurrent.atomic=ALL-UNNAMED --add-opens=java.xml/javax.xml.namespace=ALL-UNNAMED -XX:MaxMetaspaceSize=512m -XX:+UseParallelGC -Xmx2048m -Dfile.encoding=UTF-8 -Duser.country -Duser.language=en -Duser.variant -javaagent:/root/.gradle/wrapper/dists/gradle-8.14.3-bin/cv11ve7ro1n3o1j4so8xd9n66/gradle-8.14.3/lib/agents/gradle-instrumentation-agent-8.14.3.jar 
java_command: org.gradle.launcher.daemon.bootstrap.GradleDaemon 8.14.3
java_class_path (initial): /root/.gradle/wrapper/dists/gradle-8.14.3-bin/cv11ve7ro1n3o1j4so8xd9n66/gradle-8.14.3/lib/gradle-daemon-main-8.14.3.jar
Launcher Type: SUN_STANDARD

[Global flags]
     intx CICompilerCount                          = 2                                         {product} {ergonomic}
   size_t CompressedClassSpaceSize                 = 436207616                                 {product} {ergonomic}
   size_t InitialHeapSize                          = 33554432                                  {product} {ergonomic}
   size_t MaxHeapSize                              = 2147483648                                {product} {command line}
   size_t MaxMetaspaceSize                         = 536870912                                 {product} {command line}
   size_t MaxNewSize                               = 715653120                                 {product} {ergonomic}
   size_t MinHeapDeltaBytes                        = 524288                                    {product} {ergonomic}
   size_t MinHeapSize                              = 8388608                                   {product} {ergonomic}
   size_t NewSize                                  = 11010048                                  {product} {ergonomic}
    uintx NonNMethodCodeHeapSize                   = 5826188                                {pd product} {ergonomic}
    uintx NonProfiledCodeHeapSize                  = 122916026                              {pd product} {ergonomic}
   size_t OldSize                                  = 22544384                                  {product} {ergonomic}
    uintx ProfiledCodeHeapSize                     = 122916026                              {pd product} {ergonomic}
    uintx ReservedCodeCacheSize                    = 251658240                              {pd product} {ergonomic}
     bool SegmentedCodeCache                       = true                                      {product} {ergonomic}
   size_t SoftMaxHeapSize                          = 2147483648                             {manageable} {ergonomic}
     bool UseCompressedClassPointers               = true                           {product lp64_product} {ergonomic}
     bool UseCompressedOops                        = true                           {product lp64_product} {ergonomic}
     bool UseParallelGC                            = true                                      {product} {command line}

Logging:
Log output configuration:
 #0: stdout all=warning uptime,level,tags
 #1: stderr all=off uptime,level,tags

Environment Variables:
PATH=/usr/local/sbin:/usr/local/bin:/usr/sbin:/usr/bin:/sbin:/bin
SHELL=/bin/bash
LANG=C.UTF-8
LC_ALL=C.UTF-8
TERM=tmux-256color

Active Locale:
LC_ALL=C.UTF-8
LC_COLLATE=C.UTF-8
LC_CTYPE=C.UTF-8
LC_MESSAGES=C.UTF-8
LC_MONETARY=C.UTF-8
LC_NUMERIC=C.UTF-8
LC_TIME=C.UTF-8

Signal Handlers:
   SIGSEGV: crash_handler in libjvm.so, mask=11100100010111111101111111111110, flags=SA_RESTART|SA_SIGINFO, unblocked
    SIGBUS: crash_handler in libjvm.so, mask=11100100010111111101111111111110, flags=SA_RESTART|SA_SIGINFO, unblocked
    SIGFPE: crash_handler in libjvm.so, mask=11100100010111111101111111111110, flags=SA_RESTART|SA_SIGINFO, unblocked
   SIGPIPE: javaSignalHandler in libjvm.so, mask=11100100010111111101111111111110, flags=SA_RESTART|SA_SIGINFO, unblocked
   SIGXFSZ: javaSignalHandler in libjvm.so, mask=11100100010111111101111111111110, flags=SA_RESTART|SA_SIGINFO, unblocked
    SIGILL: crash_handler in libjvm.so, mask=11100100010111111101111111111110, flags=SA_RESTART|SA_SIGINFO, unblocked
   SIGUSR2: SR_handler in libjvm.so, mask=00100000000000000000000000000000, flags=SA_RESTART|SA_SIGINFO, unblocked
    SIGHUP: UserHandler in libjvm.so, mask=11100100010111111101111111111110, flags=SA_RESTART|SA_SIGINFO, unblocked
    SIGINT: UserHandler in libjvm.so, mask=11100100010111111101111111111110, flags=SA_RESTART|SA_SIGINFO, unblocked
   SIGTERM: UserHandler in libjvm.so, mask=11100100010111111101111111111110, flags=SA_RESTART|SA_SIGINFO, unblocked
   SIGQUIT: UserHandler in libjvm.so, mask=11100100010111111101111111111110, flags=SA_RESTART|SA_SIGINFO, blocked
   SIGTRAP: crash_handler in libjvm.so, mask=11100100010111111101111111111110, flags=SA_RESTART|SA_SIGINFO, unblocked


Periodic native trim disabled


---------------  S Y S T E M  ---------------

OS:
PRETTY_NAME="Debian GNU/Linux 12 (bookworm)"
NAME="Debian GNU/Linux"
VERSION_ID="12"
VERSION="12 (bookworm)"
VERSION_CODENAME=bookworm
ID=debian
HOME_URL="https://www.debian.org/"
SUPPORT_URL="https://www.debian.org/support"
BUG_REPORT_URL="https://bugs.debian.org/"
uname: Linux 4.19.91-c8dfc93.al7.x86_64 #1 SMP Tue Sep 26 10:25:51 UTC 2023 x86_64
OS uptime: 0 days 0:10 hours
libc: glibc 2.36 NPTL 2.36 
rlimit (soft/hard): STACK 8192k/infinity , CORE 0k/0k , NPROC 100000/100000 , NOFILE 100000/100000 , AS infinity/infinity , CPU infinity/infinity , DATA infinity/infinity , FSIZE infinity/infinity , MEMLOCK 64k/64k
load average: 3.07 2.07 0.91

/proc/meminfo:
MemTotal:        2152516 kB
MemFree:          536404 kB
MemAvailable:     518632 kB
Buffers:             136 kB
Cached:            18564 kB
SwapCached:            0 kB
Active:          1523164 kB
Inactive:          16908 kB
Active(anon):    1521468 kB
Inactive(anon):       16 kB
Active(file):       1696 kB
Inactive(file):    16892 kB
Unevictable:           0 kB
Mlocked:               0 kB
SwapTotal:             0 kB
SwapFree:              0 kB
Dirty:               196 kB
Writeback:             0 kB
AnonPages:       1521452 kB
Mapped:            13948 kB
Shmem:                32 kB
Slab:              26224 kB
SReclaimable:      13344 kB
SUnreclaim:        12880 kB
KernelStack:        3104 kB
PageTables:         4544 kB
NFS_Unstable:          0 kB
Bounce:                0 kB
WritebackTmp:          0 kB
CommitLimit:     1076256 kB
Committed_AS:    1850372 kB
VmallocTotal:   34359738367 kB
VmallocUsed:           0 kB
VmallocChunk:          0 kB
Percpu:              400 kB
AnonHugePages:    339968 kB
ShmemHugePages:        0 kB
ShmemPmdMapped:        0 kB
HugePages_Total:       0
HugePages_Free:        0
HugePages_Rsvd:        0
HugePages_Surp:        0
Hugepagesize:       2048 kB
Hugetlb:               0 kB
DirectMap4k:        8192 kB
DirectMap2M:     2523136 kB
DirectMap1G:           0 kB

/sys/kernel/mm/transparent_hugepage/enabled: [always] madvise never
/sys/kernel/mm/transparent_hugepage/hpage_pmd_size: 2097152
/sys/kernel/mm/transparent_hugepage/defrag (defrag/compaction efforts parameter): always defer defer+madvise madvise [never]

Process Memory:
Virtual Size: 4423852K (peak: 4440300K)
Resident Set Size: 1166660K (peak: 1166660K) (anon: 1166660K, file: 0K, shmem: 0K)
Swapped out: 0K
C-Heap outstanding allocations: 100340K, retained: 30827K
glibc malloc tunables: (default)

/proc/sys/kernel/threads-max (system-wide limit on the number of threads): 1129
/proc/sys/vm/max_map_count (maximum number of memory map areas a process may have): 65530
/proc/sys/vm/swappiness (control to define how aggressively the kernel swaps out anonymous memory): 60
/proc/sys/kernel/pid_max (system-wide limit on number of process identifiers): 32768

container (cgroup) information:
container_type: cgroupv1
cpu_cpuset_cpus: 0-1
cpu_memory_nodes: 0
active_processor_count: 2
cpu_quota: no quota
cpu_period: 100000
cpu_shares: 12288
memory_limit_in_bytes: 2097152 k
memory_and_swap_limit_in_bytes: unlimited
memory_soft_limit_in_bytes: unlimited
memory_usage_in_bytes: 1555336 k
memory_max_usage_in_bytes: 2071080 k
rss_usage_in_bytes: 1515060 k
cache_usage_in_bytes: 18964 k
kernel_memory_limit_in_bytes: unlimited
kernel_memory_usage_in_bytes: 21220 k
kernel_memory_max_usage_in_bytes: 206900 k
maximum number of tasks: unlimited
current number of tasks: 120

KVM virtualization detected
Steal ticks since vm start: 12626
Steal ticks percentage since vm start:  0.399

CPU: total 2 (initial active 2) (2 cores per cpu, 1 threads per core) family 6 model 85 stepping 7 microcode 0x1, cx8, cmov, fxsr, mmx, 3dnowpref, sse, sse2, sse3, ssse3, sse4.1, sse4.2, popcnt, lzcnt, tsc, tscinvbit, avx, avx2, aes, erms, clmul, bmi1, bmi2, adx, avx512f, avx512dq, avx512cd, avx512bw, avx512vl, fma, vzeroupper, avx512_vnni, clflush, clflushopt, clwb, hv
CPU Model and flags from /proc/cpuinfo:
model name	: Intel(R) Xeon(R) Processor @ 2.50GHz
flags		: fpu vme de pse tsc msr pae mce cx8 apic sep mtrr pge mca cmov pat pse36 clflush mmx fxsr sse sse2 ss ht syscall nx pdpe1gb rdtscp lm constant_tsc rep_good nopl xtopology nonstop_tsc cpuid tsc_known_freq pni pclmulqdq ssse3 fma cx16 pcid sse4_1 sse4_2 x2apic movbe popcnt tsc_deadline_timer aes xsave avx f16c rdrand hypervisor lahf_lm abm 3dnowprefetch cpuid_fault invpcid_single ssbd ibrs ibpb stibp ibrs_enhanced fsgsbase tsc_adjust bmi1 avx2 smep bmi2 erms invpcid mpx avx512f avx512dq rdseed adx smap clflushopt clwb avx512cd avx512bw avx512vl xsaveopt xsavec xgetbv1 xsaves umip avx512_vnni md_clear arch_capabilities

Online cpus: 0-1
Offline cpus: 
BIOS frequency limitation: <Not Available>
Frequency switch latency (ns): <Not Available>
Available cpu frequencies: <Not Available>
Current governor: <Not Available>
Core performance/turbo boost: <Not Available>

Memory: 4k page, physical 2097152k(541816k free), swap 0k(0k free)
Page Sizes: 4k

vm_info: OpenJDK 64-Bit Server VM (17.0.20+8-1-deb12u1-Debian) for linux-amd64 JRE (17.0.20+8-1-deb12u1-Debian), built on Jul 28 2026 07:08:51 by "buildd" with gcc 12.2.0

END.
